run_id,config,category,extractor,n_train,n_test,n_anomalous,patches_per_image,extract_seconds,n_cpu,method,k,vocab_seed,score_seconds,score_peak_rss_mb,bank_size,image_auroc,image_auroc_by_type,pixel_auroc,aupro,pixel_dprime,image_auroc_top1,image_auroc_top3,image_auroc_top10,image_auroc_top30,vocab_seconds,vocab_peak_rss_mb,empty_words
p0_anomaly_mvtec_v2|bottle|dinov2_s|patch_knn|0|0,p0_anomaly_mvtec_v2,bottle,dinov2_s,209,83,63,1024,27.518106266999894,2,patch_knn,0,0,323.460951358,1415.12109375,214016.0,1.0,"{""broken_large"": 1.0, ""broken_small"": 1.0, ""contamination"": 1.0}",0.9919087673747788,0.9652339846822844,4.24806547164917,1.0,1.0,1.0,1.0,,,
p0_anomaly_mvtec_v2|bottle|dinov2_s|coreset_knn|64|0,p0_anomaly_mvtec_v2,bottle,dinov2_s,209,83,63,1024,27.518106266999894,2,coreset_knn,64,0,0.2269744110000147,1484.4765625,64.0,0.9992063492063492,"{""broken_large"": 1.0, ""broken_small"": 0.9977272727272727, ""contamination"": 1.0}",0.9815472756160454,0.9391146144341816,3.287024736404419,0.9992063492063492,0.9984126984126984,0.9976190476190476,0.9976190476190476,103.59294096200006,1484.4765625,
p0_anomaly_mvtec_v2|bottle|dinov2_s|coreset_knn|256|0,p0_anomaly_mvtec_v2,bottle,dinov2_s,209,83,63,1024,27.518106266999894,2,coreset_knn,256,0,0.4107792200001086,1484.4765625,256.0,0.9984126984126984,"{""broken_large"": 1.0, ""broken_small"": 1.0, ""contamination"": 0.9952380952380953}",0.9888961224676492,0.9432678800228271,3.8489906787872314,0.9984126984126984,1.0,1.0,1.0,103.59294096200006,1484.4765625,
p0_anomaly_mvtec_v2|bottle|dinov2_s|coreset_knn|1024|0,p0_anomaly_mvtec_v2,bottle,dinov2_s,209,83,63,1024,27.518106266999894,2,coreset_knn,1024,0,1.2964717199999996,1506.265625,1024.0,1.0,"{""broken_large"": 1.0, ""broken_small"": 1.0, ""contamination"": 1.0}",0.9903302492266381,0.9532185126875702,4.127129077911377,1.0,1.0,1.0,1.0,103.59294096200006,1484.4765625,
p0_anomaly_mvtec_v2|bottle|dinov2_s|coreset_knn|64|1,p0_anomaly_mvtec_v2,bottle,dinov2_s,209,83,63,1024,27.518106266999894,2,coreset_knn,64,1,0.48133807499993964,1528.546875,64.0,1.0,"{""broken_large"": 1.0, ""broken_small"": 1.0, ""contamination"": 1.0}",0.9832834042367592,0.9258061567482838,3.086047649383545,1.0,1.0,1.0,1.0,103.46234457000003,1528.546875,
p0_anomaly_mvtec_v2|bottle|dinov2_s|coreset_knn|256|1,p0_anomaly_mvtec_v2,bottle,dinov2_s,209,83,63,1024,27.518106266999894,2,coreset_knn,256,1,0.41039892699996017,1528.546875,256.0,1.0,"{""broken_large"": 1.0, ""broken_small"": 1.0, ""contamination"": 1.0}",0.9876341738072012,0.940599516713309,3.7878072261810303,1.0,1.0,1.0,1.0,103.46234457000003,1528.546875,
p0_anomaly_mvtec_v2|bottle|dinov2_s|coreset_knn|1024|1,p0_anomaly_mvtec_v2,bottle,dinov2_s,209,83,63,1024,27.518106266999894,2,coreset_knn,1024,1,1.3268324719999782,1528.546875,1024.0,1.0,"{""broken_large"": 1.0, ""broken_small"": 1.0, ""contamination"": 1.0}",0.9903346259853624,0.9487348736560313,4.1153669357299805,1.0,1.0,1.0,1.0,103.46234457000003,1528.546875,
p0_anomaly_mvtec_v2|bottle|dinov2_s|coreset_knn|64|2,p0_anomaly_mvtec_v2,bottle,dinov2_s,209,83,63,1024,27.518106266999894,2,coreset_knn,64,2,0.3633327110001119,1544.1484375,64.0,0.996031746031746,"{""broken_large"": 1.0, ""broken_small"": 0.9977272727272727, ""contamination"": 0.9904761904761905}",0.983445746893104,0.9188133449214703,3.055698871612549,0.996031746031746,0.9976190476190476,0.9992063492063492,1.0,102.71849943799998,1544.1484375,
p0_anomaly_mvtec_v2|bottle|dinov2_s|coreset_knn|256|2,p0_anomaly_mvtec_v2,bottle,dinov2_s,209,83,63,1024,27.518106266999894,2,coreset_knn,256,2,0.42310902799999894,1544.1484375,256.0,1.0,"{""broken_large"": 1.0, ""broken_small"": 1.0, ""contamination"": 1.0}",0.9882563428484745,0.9357451835119365,3.533548355102539,1.0,1.0,1.0,1.0,102.71849943799998,1544.1484375,
p0_anomaly_mvtec_v2|bottle|dinov2_s|coreset_knn|1024|2,p0_anomaly_mvtec_v2,bottle,dinov2_s,209,83,63,1024,27.518106266999894,2,coreset_knn,1024,2,1.3035095920001822,1544.1484375,1024.0,1.0,"{""broken_large"": 1.0, ""broken_small"": 1.0, ""contamination"": 1.0}",0.9905610844782375,0.952363292758298,4.167263031005859,1.0,1.0,1.0,1.0,102.71849943799998,1544.1484375,
p0_anomaly_mvtec_v2|bottle|dinov2_s|codebook_dist|64|0,p0_anomaly_mvtec_v2,bottle,dinov2_s,209,83,63,1024,27.518106266999894,2,codebook_dist,64,0,0.3368853770000442,1800.96875,,0.9793650793650794,"{""broken_large"": 0.9874999999999999, ""broken_small"": 0.9704545454545455, ""contamination"": 0.980952380952381}",0.9906732614805142,0.9638002809087303,4.370317459106445,0.9793650793650794,0.9873015873015872,0.9936507936507936,1.0,9.62390735100007,1800.96875,0.0
p0_anomaly_mvtec_v2|bottle|dinov2_s|codebook_dist|64|1,p0_anomaly_mvtec_v2,bottle,dinov2_s,209,83,63,1024,27.518106266999894,2,codebook_dist,64,1,0.3968843000000106,1817.84375,,0.9738095238095238,"{""broken_large"": 0.9824999999999999, ""broken_small"": 0.9704545454545455, ""contamination"": 0.969047619047619}",0.9904432619278147,0.9642548898830354,4.398988723754883,0.9738095238095238,0.9880952380952381,0.9928571428571428,0.9992063492063492,6.12880221599994,1817.84375,0.0
p0_anomaly_mvtec_v2|bottle|dinov2_s|codebook_dist|64|2,p0_anomaly_mvtec_v2,bottle,dinov2_s,209,83,63,1024,27.518106266999894,2,codebook_dist,64,2,0.33281153699999777,1817.84375,,0.9896825396825396,"{""broken_large"": 0.9974999999999999, ""broken_small"": 0.984090909090909, ""contamination"": 0.988095238095238}",0.9904989777279196,0.9627668489924002,4.4219160079956055,0.9896825396825396,0.9936507936507936,0.9968253968253968,1.0,6.668215261000114,1817.84375,0.0
p0_anomaly_mvtec_v2|bottle|dinov2_s|codebook_dist|256|0,p0_anomaly_mvtec_v2,bottle,dinov2_s,209,83,63,1024,27.518106266999894,2,codebook_dist,256,0,0.6028401149999354,1817.84375,,1.0,"{""broken_large"": 1.0, ""broken_small"": 1.0, ""contamination"": 1.0}",0.9915151342348345,0.9662047392370103,4.287955284118652,1.0,1.0,1.0,1.0,27.00077255300016,1817.84375,0.0
p0_anomaly_mvtec_v2|bottle|dinov2_s|codebook_dist|256|1,p0_anomaly_mvtec_v2,bottle,dinov2_s,209,83,63,1024,27.518106266999894,2,codebook_dist,256,1,0.6120110070000919,1817.84375,,0.9936507936507937,"{""broken_large"": 1.0, ""broken_small"": 0.9931818181818182, ""contamination"": 0.9880952380952381}",0.9913209133346104,0.9657872210789952,4.305956840515137,0.9936507936507937,0.9968253968253968,0.9976190476190476,1.0,25.69886673400015,1817.84375,0.0
p0_anomaly_mvtec_v2|bottle|dinov2_s|codebook_dist|256|2,p0_anomaly_mvtec_v2,bottle,dinov2_s,209,83,63,1024,27.518106266999894,2,codebook_dist,256,2,1.0707863740001358,1818.12109375,,0.9984126984126984,"{""broken_large"": 1.0, ""broken_small"": 1.0, ""contamination"": 0.9952380952380953}",0.9913533843750277,0.9655506049569633,4.270883560180664,0.9984126984126984,0.9992063492063492,0.9992063492063492,1.0,26.121130928000184,1818.12109375,0.0
p0_anomaly_mvtec_v2|bottle|dinov2_s|codebook_dist|1024|0,p0_anomaly_mvtec_v2,bottle,dinov2_s,209,83,63,1024,27.518106266999894,2,codebook_dist,1024,0,1.7814252470000156,1830.00390625,,1.0,"{""broken_large"": 1.0, ""broken_small"": 1.0, ""contamination"": 1.0}",0.9914756452400156,0.9643021878463492,4.048193454742432,1.0,1.0,1.0,1.0,95.44215965099988,1818.12109375,0.0
p0_anomaly_mvtec_v2|bottle|dinov2_s|codebook_dist|1024|1,p0_anomaly_mvtec_v2,bottle,dinov2_s,209,83,63,1024,27.518106266999894,2,codebook_dist,1024,1,2.7185972970000876,1850.88671875,,1.0,"{""broken_large"": 1.0, ""broken_small"": 1.0, ""contamination"": 1.0}",0.991562318704676,0.9644803678904168,4.038212776184082,1.0,1.0,1.0,1.0,96.50202592599999,1830.00390625,0.0
p0_anomaly_mvtec_v2|bottle|dinov2_s|codebook_dist|1024|2,p0_anomaly_mvtec_v2,bottle,dinov2_s,209,83,63,1024,27.518106266999894,2,codebook_dist,1024,2,1.833022463000134,1850.88671875,,1.0,"{""broken_large"": 1.0, ""broken_small"": 1.0, ""contamination"": 1.0}",0.9915179028750738,0.9651989753763756,4.049412727355957,1.0,1.0,1.0,1.0,96.33197648300006,1850.88671875,0.0
p0_anomaly_mvtec_v2|cable|dinov2_s|patch_knn|0|0,p0_anomaly_mvtec_v2,cable,dinov2_s,224,150,92,1024,22.425007147999622,2,patch_knn,0,0,628.7009555019997,1850.88671875,229376.0,0.9572713643178411,"{""bent_wire"": 1.0, ""cable_swap"": 0.7068965517241379, ""combined"": 0.9952978056426333, ""cut_inner_insulation"": 0.9987684729064039, ""cut_outer_insulation"": 0.9982758620689655, ""missing_cable"": 1.0, ""missing_wire"": 0.9672413793103448, ""poke_insulation"": 1.0}",0.978565927955552,0.9377335389228629,4.552172660827637,0.9572713643178411,0.9655172413793103,0.9836956521739131,0.9883808095952025,,,
p0_anomaly_mvtec_v2|cable|dinov2_s|coreset_knn|64|0,p0_anomaly_mvtec_v2,cable,dinov2_s,224,150,92,1024,22.425007147999622,2,coreset_knn,64,0,0.4032116829998813,1850.88671875,64.0,0.8980509745127436,"{""bent_wire"": 1.0, ""cable_swap"": 0.5862068965517242, ""combined"": 0.9858934169278997, ""cut_inner_insulation"": 0.9347290640394089, ""cut_outer_insulation"": 0.8862068965517241, ""missing_cable"": 1.0, ""missing_wire"": 0.7931034482758621, ""poke_insulation"": 0.9862068965517241}",0.9233873130589174,0.8208721572880799,3.195451259613037,0.8980509745127436,0.908920539730135,0.9205397301349325,0.917728635682159,110.31464869299998,1850.88671875,
p0_anomaly_mvtec_v2|cable|dinov2_s|coreset_knn|256|0,p0_anomaly_mvtec_v2,cable,dinov2_s,224,150,92,1024,22.425007147999622,2,coreset_knn,256,0,0.7936549030000606,1878.3203125,256.0,0.9201649175412294,"{""bent_wire"": 1.0, ""cable_swap"": 0.5186781609195402, ""combined"": 0.9764890282131661, ""cut_inner_insulation"": 0.9950738916256158, ""cut_outer_insulation"": 0.996551724137931, ""missing_cable"": 1.0, ""missing_wire"": 0.8810344827586207, ""poke_insulation"": 0.9982758620689655}",0.9435518289843292,0.863943778818717,3.5740246772766113,0.9201649175412294,0.9287856071964017,0.9383433283358321,0.9368440779610195,110.31464869299998,1850.88671875,
p0_anomaly_mvtec_v2|cable|dinov2_s|coreset_knn|1024|0,p0_anomaly_mvtec_v2,cable,dinov2_s,224,150,92,1024,22.425007147999622,2,coreset_knn,1024,0,2.38439063099986,1878.3203125,1024.0,0.9582083958020989,"{""bent_wire"": 1.0, ""cable_swap"": 0.75, ""combined"": 0.9952978056426333, ""cut_inner_insulation"": 0.9901477832512315, ""cut_outer_insulation"": 1.0, ""missing_cable"": 1.0, ""missing_wire"": 0.9344827586206896, ""poke_insulation"": 1.0}",0.9652382018836622,0.9027425342453099,4.294168472290039,0.9582083958020989,0.9627061469265367,0.9649550224887556,0.9655172413793103,110.31464869299998,1850.88671875,
p0_anomaly_mvtec_v2|cable|dinov2_s|coreset_knn|64|1,p0_anomaly_mvtec_v2,cable,dinov2_s,224,150,92,1024,22.425007147999622,2,coreset_knn,64,1,1.3433176380003715,1878.3203125,64.0,0.8609445277361321,"{""bent_wire"": 1.0, ""cable_swap"": 0.33477011494252873, ""combined"": 0.9843260188087775, ""cut_inner_insulation"": 0.8879310344827587, ""cut_outer_insulation"": 0.8637931034482759, ""missing_cable"": 1.0, ""missing_wire"": 0.9103448275862069, ""poke_insulation"": 0.9189655172413793}",0.890758938036711,0.7819391676949876,2.5536859035491943,0.8609445277361321,0.8875562218890554,0.9113568215892054,0.9164167916041979,112.92993484499993,1878.3203125,
p0_anomaly_mvtec_v2|cable|dinov2_s|coreset_knn|256|1,p0_anomaly_mvtec_v2,cable,dinov2_s,224,150,92,1024,22.425007147999622,2,coreset_knn,256,1,1.3244536689999222,1880.55859375,256.0,0.9197901049475262,"{""bent_wire"": 1.0, ""cable_swap"": 0.5488505747126436, ""combined"": 0.9858934169278997, ""cut_inner_insulation"": 0.9938423645320197, ""cut_outer_insulation"": 1.0, ""missing_cable"": 1.0, ""missing_wire"": 0.8275862068965518, ""poke_insulation"": 1.0}",0.9349983372268453,0.8551936021013589,3.3451056480407715,0.9197901049475262,0.9137931034482759,0.9199775112443779,0.9222263868065966,112.92993484499993,1878.3203125,
p0_anomaly_mvtec_v2|cable|dinov2_s|coreset_knn|1024|1,p0_anomaly_mvtec_v2,cable,dinov2_s,224,150,92,1024,22.425007147999622,2,coreset_knn,1024,1,4.644595277999997,1880.55859375,1024.0,0.9623313343328337,"{""bent_wire"": 1.0, ""cable_swap"": 0.7543103448275863, ""combined"": 0.9905956112852665, ""cut_inner_insulation"": 1.0, ""cut_outer_insulation"": 1.0, ""missing_cable"": 1.0, ""missing_wire"": 0.9586206896551724, ""poke_insulation"": 1.0}",0.9665169107725188,0.9080446995168062,4.264643669128418,0.9623313343328337,0.9703898050974513,0.9732008995502249,0.9715142428785607,112.92993484499993,1878.3203125,
p0_anomaly_mvtec_v2|cable|dinov2_s|coreset_knn|64|2,p0_anomaly_mvtec_v2,cable,dinov2_s,224,150,92,1024,22.425007147999622,2,coreset_knn,64,2,0.42328584999995655,1880.55859375,64.0,0.8939280359820089,"{""bent_wire"": 0.9986737400530503, ""cable_swap"": 0.5100574712643678, ""combined"": 0.9451410658307211, ""cut_inner_insulation"": 0.9667487684729064, ""cut_outer_insulation"": 0.8775862068965516, ""missing_cable"": 1.0, ""missing_wire"": 0.8724137931034482, ""poke_insulation"": 0.9706896551724138}",0.9187302990217465,0.82222409006634,2.920844316482544,0.8939280359820089,0.8999250374812594,0.9042353823088456,0.9121064467766118,111.98029105599971,1880.55859375,
p0_anomaly_mvtec_v2|cable|dinov2_s|coreset_knn|256|2,p0_anomaly_mvtec_v2,cable,dinov2_s,224,150,92,1024,22.425007147999622,2,coreset_knn,256,2,0.7897122029999082,1880.55859375,256.0,0.9211019490254873,"{""bent_wire"": 1.0, ""cable_swap"": 0.5086206896551724, ""combined"": 0.9529780564263323, ""cut_inner_insulation"": 0.9839901477832512, ""cut_outer_insulation"": 1.0, ""missing_cable"": 1.0, ""missing_wire"": 0.9379310344827586, ""poke_insulation"": 1.0}",0.9465269739277529,0.8713074576587904,3.5184144973754883,0.9211019490254873,0.9267241379310344,0.9435907046476761,0.9486506746626686,111.98029105599971,1880.55859375,
p0_anomaly_mvtec_v2|cable|dinov2_s|coreset_knn|1024|2,p0_anomaly_mvtec_v2,cable,dinov2_s,224,150,92,1024,22.425007147999622,2,coreset_knn,1024,2,4.1117788309998105,1880.55859375,1024.0,0.9479010494752623,"{""bent_wire"": 1.0, ""cable_swap"": 0.6566091954022989, ""combined"": 0.9984326018808777, ""cut_inner_insulation"": 1.0, ""cut_outer_insulation"": 1.0, ""missing_cable"": 1.0, ""missing_wire"": 0.9344827586206896, ""poke_insulation"": 1.0}",0.9571406270686418,0.8958968534170477,4.4675188064575195,0.9479010494752623,0.9563343328335832,0.9638305847076462,0.9619565217391305,111.98029105599971,1880.55859375,
p0_anomaly_mvtec_v2|cable|dinov2_s|codebook_dist|64|0,p0_anomaly_mvtec_v2,cable,dinov2_s,224,150,92,1024,22.425007147999622,2,codebook_dist,64,0,0.9370078500001,2007.71484375,,0.80715892053973,"{""bent_wire"": 0.9535809018567639, ""cable_swap"": 0.48850574712643674, ""combined"": 0.9404388714733543, ""cut_inner_insulation"": 0.7426108374384237, ""cut_outer_insulation"": 0.7258620689655173, ""missing_cable"": 1.0, ""missing_wire"": 0.7413793103448276, ""poke_insulation"": 0.8586206896551725}",0.9484942640121066,0.8889369329497726,3.7725133895874023,0.80715892053973,0.825712143928036,0.8779985007496252,0.9100449775112444,8.180957463999675,2007.71484375,0.0
p0_anomaly_mvtec_v2|cable|dinov2_s|codebook_dist|64|1,p0_anomaly_mvtec_v2,cable,dinov2_s,224,150,92,1024,22.425007147999622,2,codebook_dist,64,1,0.9565989749999062,2007.71484375,,0.809407796101949,"{""bent_wire"": 0.9549071618037135, ""cable_swap"": 0.4324712643678161, ""combined"": 0.9608150470219435, ""cut_inner_insulation"": 0.6921182266009853, ""cut_outer_insulation"": 0.7982758620689655, ""missing_cable"": 1.0, ""missing_wire"": 0.7293103448275862, ""poke_insulation"": 0.9327586206896552}",0.9504877628116724,0.890799916769518,3.7721493244171143,0.809407796101949,0.8262743628185907,0.8725637181409296,0.9100449775112444,6.661591636000139,2007.71484375,0.0
p0_anomaly_mvtec_v2|cable|dinov2_s|codebook_dist|64|2,p0_anomaly_mvtec_v2,cable,dinov2_s,224,150,92,1024,22.425007147999622,2,codebook_dist,64,2,0.6798082499999509,2059.01171875,,0.8868065967016492,"{""bent_wire"": 0.9946949602122016, ""cable_swap"": 0.4755747126436781, ""combined"": 0.9811912225705329, ""cut_inner_insulation"": 0.9421182266009852, ""cut_outer_insulation"": 0.9, ""missing_cable"": 1.0, ""missing_wire"": 0.8275862068965517, ""poke_insulation"": 0.9689655172413794}",0.9462843225324743,0.8892247476363654,3.9275238513946533,0.8868065967016492,0.8928035982008996,0.9008620689655172,0.91547976011994,6.195025349000389,2059.01171875,0.0
p0_anomaly_mvtec_v2|cable|dinov2_s|codebook_dist|256|0,p0_anomaly_mvtec_v2,cable,dinov2_s,224,150,92,1024,22.425007147999622,2,codebook_dist,256,0,1.2098316809997414,2059.01171875,,0.9226011994002998,"{""bent_wire"": 1.0, ""cable_swap"": 0.5373563218390804, ""combined"": 0.9874608150470219, ""cut_inner_insulation"": 0.9938423645320198, ""cut_outer_insulation"": 0.9689655172413794, ""missing_cable"": 1.0, ""missing_wire"": 0.8999999999999999, ""poke_insulation"": 0.996551724137931}",0.9628721497072692,0.9102386763924102,4.153413772583008,0.9226011994002998,0.9315967016491755,0.9413418290854573,0.9458395802098951,29.573898768000163,2059.01171875,0.0
p0_anomaly_mvtec_v2|cable|dinov2_s|codebook_dist|256|1,p0_anomaly_mvtec_v2,cable,dinov2_s,224,150,92,1024,22.425007147999622,2,codebook_dist,256,1,1.1757370579998678,2059.01171875,,0.9087331334332834,"{""bent_wire"": 1.0, ""cable_swap"": 0.4640804597701149, ""combined"": 0.9874608150470219, ""cut_inner_insulation"": 0.9753694581280787, ""cut_outer_insulation"": 0.960344827586207, ""missing_cable"": 1.0, ""missing_wire"": 0.8948275862068966, ""poke_insulation"": 0.996551724137931}",0.9625653112801894,0.9098236916154719,4.16265344619751,0.9087331334332834,0.9222263868065967,0.9334707646176912,0.9426536731634183,29.065997419999803,2059.01171875,0.0
p0_anomaly_mvtec_v2|cable|dinov2_s|codebook_dist|256|2,p0_anomaly_mvtec_v2,cable,dinov2_s,224,150,92,1024,22.425007147999622,2,codebook_dist,256,2,1.1634861789998467,2059.01171875,,0.9134182908545727,"{""bent_wire"": 0.9986737400530503, ""cable_swap"": 0.5416666666666667, ""combined"": 0.9890282131661442, ""cut_inner_insulation"": 0.981527093596059, ""cut_outer_insulation"": 0.9500000000000001, ""missing_cable"": 1.0, ""missing_wire"": 0.843103448275862, ""poke_insulation"": 1.0}",0.9627746737458405,0.912103950905091,4.179052352905273,0.9134182908545727,0.9207271364317842,0.9276611694152924,0.9441529235382308,29.01877151000008,2059.01171875,0.0
p0_anomaly_mvtec_v2|cable|dinov2_s|codebook_dist|1024|0,p0_anomaly_mvtec_v2,cable,dinov2_s,224,150,92,1024,22.425007147999622,2,codebook_dist,1024,0,4.078558745000009,2297.796875,,0.9265367316341829,"{""bent_wire"": 1.0, ""cable_swap"": 0.49425287356321845, ""combined"": 1.0, ""cut_inner_insulation"": 1.0, ""cut_outer_insulation"": 0.9862068965517241, ""missing_cable"": 1.0, ""missing_wire"": 0.9448275862068967, ""poke_insulation"": 1.0}",0.971669744314189,0.9242051178865145,4.39296293258667,0.9265367316341829,0.9392803598200898,0.955584707646177,0.9653298350824587,106.83347493400015,2059.01171875,0.0
p0_anomaly_mvtec_v2|cable|dinov2_s|codebook_dist|1024|1,p0_anomaly_mvtec_v2,cable,dinov2_s,224,150,92,1024,22.425007147999622,2,codebook_dist,1024,1,4.836646797999947,2297.81640625,,0.9430284857571214,"{""bent_wire"": 1.0, ""cable_swap"": 0.6135057471264367, ""combined"": 0.9968652037617556, ""cut_inner_insulation"": 1.0, ""cut_outer_insulation"": 0.9862068965517241, ""missing_cable"": 1.0, ""missing_wire"": 0.9568965517241379, ""poke_insulation"": 1.0}",0.9712134043276143,0.9237970722208652,4.398560523986816,0.9430284857571214,0.9482758620689655,0.9568965517241379,0.9640179910044978,97.21771302800016,2297.796875,0.0
p0_anomaly_mvtec_v2|cable|dinov2_s|codebook_dist|1024|2,p0_anomaly_mvtec_v2,cable,dinov2_s,224,150,92,1024,22.425007147999622,2,codebook_dist,1024,2,8.05942136900012,2297.83984375,,0.9327211394302848,"{""bent_wire"": 1.0, ""cable_swap"": 0.5948275862068966, ""combined"": 1.0, ""cut_inner_insulation"": 0.9913793103448275, ""cut_outer_insulation"": 0.9724137931034483, ""missing_cable"": 1.0, ""missing_wire"": 0.9155172413793103, ""poke_insulation"": 0.9913793103448275}",0.9698516337649897,0.9200592801453091,4.334319591522217,0.9327211394302848,0.9389055472263867,0.9525862068965517,0.9623313343328337,98.12124347500003,2297.81640625,0.0
p0_anomaly_mvtec_v2|capsule|dinov2_s|patch_knn|0|0,p0_anomaly_mvtec_v2,capsule,dinov2_s,219,132,109,1024,21.017523612999867,2,patch_knn,0,0,536.6501893069999,2297.83984375,224256.0,0.9664938173115278,"{""crack"": 0.9659735349716446, ""faulty_imprint"": 0.9446640316205533, ""poke"": 0.9565217391304348, ""scratch"": 0.9773156899810964, ""squeeze"": 0.9891304347826088}",0.9912561293212123,0.9681115475173234,5.935410022735596,0.9664938173115278,0.9668927004387715,0.9732748304746709,0.9704826485839649,,,
p0_anomaly_mvtec_v2|capsule|dinov2_s|coreset_knn|64|0,p0_anomaly_mvtec_v2,capsule,dinov2_s,219,132,109,1024,21.017523612999867,2,coreset_knn,64,0,0.348297723000087,2297.83984375,64.0,0.8703629836457917,"{""crack"": 0.8809073724007561, ""faulty_imprint"": 0.7826086956521738, ""poke"": 0.9503105590062112, ""scratch"": 0.7655954631379962, ""squeeze"": 0.991304347826087}",0.9388217332981411,0.771365829561524,2.5823190212249756,0.8703629836457917,0.8595931392102115,0.8615875548464301,0.8763462305544476,114.88260697000032,2297.83984375,
p0_anomaly_mvtec_v2|capsule|dinov2_s|coreset_knn|256|0,p0_anomaly_mvtec_v2,capsule,dinov2_s,219,132,109,1024,21.017523612999867,2,coreset_knn,256,0,0.6615430340002604,2297.83984375,256.0,0.9641005185480653,"{""crack"": 0.9792060491493383, ""faulty_imprint"": 0.9426877470355732, ""poke"": 0.9461697722567288, ""scratch"": 0.9621928166351607, ""squeeze"": 0.991304347826087}",0.970771874359836,0.9095018427719986,3.8926773071289062,0.9641005185480653,0.9637016354208218,0.9684882329477464,0.9700837654567211,114.88260697000032,2297.83984375,
p0_anomaly_mvtec_v2|capsule|dinov2_s|coreset_knn|1024|0,p0_anomaly_mvtec_v2,capsule,dinov2_s,219,132,109,1024,21.017523612999867,2,coreset_knn,1024,0,2.084824514000047,2297.83984375,1024.0,0.9768647786198643,"{""crack"": 0.9773156899810964, ""faulty_imprint"": 0.9604743083003953, ""poke"": 0.9730848861283644, ""scratch"": 0.9773156899810964, ""squeeze"": 0.9978260869565218}",0.9878871150289491,0.9519888697709915,5.368436813354492,0.9768647786198643,0.9720781810929398,0.9728759473474272,0.9740725967291584,114.88260697000032,2297.83984375,
p0_anomaly_mvtec_v2|capsule|dinov2_s|coreset_knn|64|1,p0_anomaly_mvtec_v2,capsule,dinov2_s,219,132,109,1024,21.017523612999867,2,coreset_knn,64,1,0.34245580500009964,2297.83984375,64.0,0.911049062624651,"{""crack"": 0.880907372400756, ""faulty_imprint"": 0.8260869565217391, ""poke"": 0.9151138716356106, ""scratch"": 0.9527410207939507, ""squeeze"": 0.9869565217391304}",0.956517799159394,0.8533981655995975,2.720212459564209,0.911049062624651,0.927802153968887,0.9401675309134424,0.9485440765855604,108.96012552000002,2297.83984375,
p0_anomaly_mvtec_v2|capsule|dinov2_s|coreset_knn|256|1,p0_anomaly_mvtec_v2,capsule,dinov2_s,219,132,109,1024,21.017523612999867,2,coreset_knn,256,1,1.5884480750000876,2297.83984375,256.0,0.9521340247307539,"{""crack"": 0.939508506616257, ""faulty_imprint"": 0.9347826086956522, ""poke"": 0.9503105590062112, ""scratch"": 0.948960302457467, ""squeeze"": 0.991304347826087}",0.972480064751062,0.8983615910381237,3.6587183475494385,0.9521340247307539,0.9473474272038293,0.9545273234942162,0.9629038691663344,108.96012552000002,2297.83984375,
p0_anomaly_mvtec_v2|capsule|dinov2_s|coreset_knn|1024|1,p0_anomaly_mvtec_v2,capsule,dinov2_s,219,132,109,1024,21.017523612999867,2,coreset_knn,1024,1,2.056613134000145,2297.83984375,1024.0,0.9688871160749901,"{""crack"": 0.9640831758034026, ""faulty_imprint"": 0.9387351778656127, ""poke"": 0.9751552795031057, ""scratch"": 0.9735349716446124, ""squeeze"": 0.9956521739130435}",0.9887469816636555,0.9513117226628303,5.215061187744141,0.9688871160749901,0.9696848823294776,0.971679297965696,0.9748703629836458,108.96012552000002,2297.83984375,
p0_anomaly_mvtec_v2|capsule|dinov2_s|coreset_knn|64|2,p0_anomaly_mvtec_v2,capsule,dinov2_s,219,132,109,1024,21.017523612999867,2,coreset_knn,64,2,0.3650285849998909,2297.83984375,64.0,0.8456322297566813,"{""crack"": 0.8412098298676749, ""faulty_imprint"": 0.7450592885375494, ""poke"": 0.8944099378881988, ""scratch"": 0.7769376181474481, ""squeeze"": 0.9891304347826088}",0.8799842793825288,0.7498322042458835,2.3519504070281982,0.8456322297566813,0.8603909054646989,0.89270043877144,0.9154367770243319,108.71706651299974,2297.83984375,
p0_anomaly_mvtec_v2|capsule|dinov2_s|coreset_knn|256|2,p0_anomaly_mvtec_v2,capsule,dinov2_s,219,132,109,1024,21.017523612999867,2,coreset_knn,256,2,0.7034746179997455,2297.83984375,256.0,0.957718388512166,"{""crack"": 0.9565217391304348, ""faulty_imprint"": 0.9249011857707511, ""poke"": 0.9585921325051759, ""scratch"": 0.9565217391304348, ""squeeze"": 0.9956521739130435}",0.9726167366746247,0.9112221140534051,4.056998252868652,0.957718388512166,0.9593139210211409,0.9585161547666534,0.9521340247307539,108.71706651299974,2297.83984375,
p0_anomaly_mvtec_v2|capsule|dinov2_s|coreset_knn|1024|2,p0_anomaly_mvtec_v2,capsule,dinov2_s,219,132,109,1024,21.017523612999867,2,coreset_knn,1024,2,2.33576954199998,2297.83984375,1024.0,0.9792580773833267,"{""crack"": 0.9754253308128544, ""faulty_imprint"": 0.9683794466403162, ""poke"": 0.9834368530020704, ""scratch"": 0.9773156899810964, ""squeeze"": 0.9934782608695653}",0.9870002005900175,0.9488832283926463,5.2980875968933105,0.9792580773833267,0.9804547267650578,0.9776625448743519,0.9756681292381333,108.71706651299974,2297.83984375,
p0_anomaly_mvtec_v2|capsule|dinov2_s|codebook_dist|64|0,p0_anomaly_mvtec_v2,capsule,dinov2_s,219,132,109,1024,21.017523612999867,2,codebook_dist,64,0,0.8131702300001962,2297.83984375,,0.8548065416832868,"{""crack"": 0.8563327032136107, ""faulty_imprint"": 0.8023715415019763, ""poke"": 0.8219461697722568, ""scratch"": 0.947069943289225, ""squeeze"": 0.8391304347826086}",0.9809223141618555,0.9546283814353492,4.713741302490234,0.8548065416832868,0.879936178699641,0.9186278420422817,0.9393697646589549,7.2878271670001595,2297.83984375,0.0
p0_anomaly_mvtec_v2|capsule|dinov2_s|codebook_dist|64|1,p0_anomaly_mvtec_v2,capsule,dinov2_s,219,132,109,1024,21.017523612999867,2,codebook_dist,64,1,0.6718636220002736,2297.83984375,,0.8923015556441963,"{""crack"": 0.8714555765595463, ""faulty_imprint"": 0.857707509881423, ""poke"": 0.8923395445134575, ""scratch"": 0.9754253308128544, ""squeeze"": 0.858695652173913}",0.9826453339432595,0.9571959712597228,4.671995162963867,0.8923015556441963,0.9246110889509375,0.9401675309134424,0.9513362584762666,5.9337922760000765,2297.83984375,0.0
p0_anomaly_mvtec_v2|capsule|dinov2_s|codebook_dist|64|2,p0_anomaly_mvtec_v2,capsule,dinov2_s,219,132,109,1024,21.017523612999867,2,codebook_dist,64,2,0.5794285580000178,2297.83984375,,0.9365775827682489,"{""crack"": 0.9017013232514177, ""faulty_imprint"": 0.9169960474308301, ""poke"": 0.9710144927536233, ""scratch"": 0.9716446124763705, ""squeeze"": 0.9217391304347826}",0.9755612273635487,0.949073212604278,4.501762866973877,0.9365775827682489,0.9409652971679298,0.9589150378938971,0.9625049860390906,6.068523319999713,2297.83984375,0.0
p0_anomaly_mvtec_v2|capsule|dinov2_s|codebook_dist|256|0,p0_anomaly_mvtec_v2,capsule,dinov2_s,219,132,109,1024,21.017523612999867,2,codebook_dist,256,0,1.0194070669999746,2297.83984375,,0.9417630634224172,"{""crack"": 0.9413988657844992, ""faulty_imprint"": 0.8636363636363636, ""poke"": 0.9710144927536233, ""scratch"": 0.9716446124763705, ""squeeze"": 0.9630434782608696}",0.9874080069879453,0.9626391432761913,5.332100868225098,0.9417630634224172,0.9477463103310729,0.9644994016753091,0.9589150378938971,26.25737918899995,2297.83984375,0.0
p0_anomaly_mvtec_v2|capsule|dinov2_s|codebook_dist|256|1,p0_anomaly_mvtec_v2,capsule,dinov2_s,219,132,109,1024,21.017523612999867,2,codebook_dist,256,1,1.0077725129999635,2297.83984375,,0.934982050259274,"{""crack"": 0.9451795841209831, ""faulty_imprint"": 0.857707509881423, ""poke"": 0.9627329192546584, ""scratch"": 0.9451795841209829, ""squeeze"": 0.9673913043478262}",0.9872182333681836,0.9615486073496579,5.358678817749023,0.934982050259274,0.9461507778220981,0.9597128041483846,0.9577183885121658,23.252130151000074,2297.83984375,0.0
p0_anomaly_mvtec_v2|capsule|dinov2_s|codebook_dist|256|2,p0_anomaly_mvtec_v2,capsule,dinov2_s,219,132,109,1024,21.017523612999867,2,codebook_dist,256,2,1.602447457999915,2297.83984375,,0.9553250897487036,"{""crack"": 0.9584120982986767, ""faulty_imprint"": 0.8853754940711464, ""poke"": 0.9668737060041408, ""scratch"": 0.9867674858223063, ""squeeze"": 0.9804347826086957}",0.9873887292806266,0.9637592269783628,5.384271621704102,0.9553250897487036,0.9601116872756282,0.967690466693259,0.9641005185480654,25.870362088000547,2297.83984375,0.0
p0_anomaly_mvtec_v2|capsule|dinov2_s|codebook_dist|1024|0,p0_anomaly_mvtec_v2,capsule,dinov2_s,219,132,109,1024,21.017523612999867,2,codebook_dist,1024,0,2.936009398999886,2297.83984375,,0.9497407259672915,"{""crack"": 0.943289224952741, ""faulty_imprint"": 0.8873517786561265, ""poke"": 0.9627329192546584, ""scratch"": 0.9735349716446124, ""squeeze"": 0.9847826086956522}",0.9902617679901831,0.9673137710970298,5.601733684539795,0.9497407259672915,0.9581172716394096,0.9740725967291584,0.96888711607499,104.10948928000016,2297.83984375,0.0
p0_anomaly_mvtec_v2|capsule|dinov2_s|codebook_dist|1024|1,p0_anomaly_mvtec_v2,capsule,dinov2_s,219,132,109,1024,21.017523612999867,2,codebook_dist,1024,1,2.84680679199937,2297.83984375,,0.9537295572397287,"{""crack"": 0.9716446124763705, ""faulty_imprint"": 0.8814229249011859, ""poke"": 0.9668737060041408, ""scratch"": 0.9621928166351607, ""squeeze"": 0.9891304347826088}",0.9900261506074508,0.9659587226732425,5.521242618560791,0.9537295572397287,0.9625049860390905,0.9736737136019147,0.9716792979656961,99.45316559300045,2297.83984375,0.0
p0_anomaly_mvtec_v2|capsule|dinov2_s|codebook_dist|1024|2,p0_anomaly_mvtec_v2,capsule,dinov2_s,219,132,109,1024,21.017523612999867,2,codebook_dist,1024,2,2.818019766999896,2297.83984375,,0.9525329078579976,"{""crack"": 0.9621928166351608, ""faulty_imprint"": 0.891304347826087, ""poke"": 0.9668737060041407, ""scratch"": 0.9621928166351608, ""squeeze"": 0.9826086956521739}",0.9901981944812789,0.966127360646083,5.566472053527832,0.9525329078579976,0.9581172716394097,0.973274830474671,0.9676904666932589,99.82868744799998,2297.83984375,0.0
p0_anomaly_mvtec_v2|carpet|dinov2_s|patch_knn|0|0,p0_anomaly_mvtec_v2,carpet,dinov2_s,280,117,89,1024,23.490016327999683,2,patch_knn,0,0,600.5311870040005,2297.83984375,286720.0,0.9971910112359551,"{""color"": 1.0, ""cut"": 1.0, ""hole"": 1.0, ""metal_contamination"": 1.0, ""thread"": 0.986842105263158}",0.9922870574666645,0.9748548742856644,5.197218418121338,0.9971910112359551,0.9983948635634029,1.0,1.0,,,
p0_anomaly_mvtec_v2|carpet|dinov2_s|coreset_knn|64|0,p0_anomaly_mvtec_v2,carpet,dinov2_s,280,117,89,1024,23.490016327999683,2,coreset_knn,64,0,0.5774003860005905,2297.83984375,64.0,0.9975922953451044,"{""color"": 1.0, ""cut"": 1.0, ""hole"": 1.0, ""metal_contamination"": 1.0, ""thread"": 0.9887218045112782}",0.9907236981568548,0.9645558671284942,4.659586429595947,0.9975922953451044,0.9983948635634029,0.9995987158908507,0.9995987158908507,137.81785448000028,2297.83984375,
p0_anomaly_mvtec_v2|carpet|dinov2_s|coreset_knn|256|0,p0_anomaly_mvtec_v2,carpet,dinov2_s,280,117,89,1024,23.490016327999683,2,coreset_knn,256,0,0.5723268530000496,2297.83984375,256.0,0.9979935794542536,"{""color"": 0.9962406015037594, ""cut"": 1.0, ""hole"": 1.0, ""metal_contamination"": 1.0, ""thread"": 0.9943609022556391}",0.9909326034722653,0.9684362140503693,4.997261047363281,0.9979935794542536,0.9979935794542536,1.0,1.0,137.81785448000028,2297.83984375,
p0_anomaly_mvtec_v2|carpet|dinov2_s|coreset_knn|1024|0,p0_anomaly_mvtec_v2,carpet,dinov2_s,280,117,89,1024,23.490016327999683,2,coreset_knn,1024,0,1.8449915310002325,2297.83984375,1024.0,0.9991974317817015,"{""color"": 1.0, ""cut"": 1.0, ""hole"": 1.0, ""metal_contamination"": 1.0, ""thread"": 0.9962406015037594}",0.9914827945653196,0.9718072524196008,5.370057582855225,0.9991974317817015,0.9995987158908507,1.0,1.0,137.81785448000028,2297.83984375,
p0_anomaly_mvtec_v2|carpet|dinov2_s|coreset_knn|64|1,p0_anomaly_mvtec_v2,carpet,dinov2_s,280,117,89,1024,23.490016327999683,2,coreset_knn,64,1,0.3145584150006471,2297.83984375,64.0,0.9995987158908507,"{""color"": 1.0, ""cut"": 1.0, ""hole"": 1.0, ""metal_contamination"": 1.0, ""thread"": 0.9981203007518797}",0.9908310521358844,0.9681841104142175,5.008212089538574,0.9995987158908507,1.0,0.9995987158908507,0.9995987158908507,137.32618202899994,2297.83984375,
p0_anomaly_mvtec_v2|carpet|dinov2_s|coreset_knn|256|1,p0_anomaly_mvtec_v2,carpet,dinov2_s,280,117,89,1024,23.490016327999683,2,coreset_knn,256,1,1.400863360000585,2297.83984375,256.0,1.0,"{""color"": 1.0, ""cut"": 1.0, ""hole"": 1.0, ""metal_contamination"": 1.0, ""thread"": 1.0}",0.9907038059927793,0.9682565518686012,5.039099216461182,1.0,1.0,1.0,1.0,137.32618202899994,2297.83984375,
p0_anomaly_mvtec_v2|carpet|dinov2_s|coreset_knn|1024|1,p0_anomaly_mvtec_v2,carpet,dinov2_s,280,117,89,1024,23.490016327999683,2,coreset_knn,1024,1,1.8679914149997785,2297.83984375,1024.0,0.9991974317817015,"{""color"": 1.0, ""cut"": 1.0, ""hole"": 1.0, ""metal_contamination"": 1.0, ""thread"": 0.9962406015037594}",0.9915631790802992,0.9719270642340058,5.376384258270264,0.9991974317817015,0.9995987158908507,1.0,1.0,137.32618202899994,2297.83984375,
p0_anomaly_mvtec_v2|carpet|dinov2_s|coreset_knn|64|2,p0_anomaly_mvtec_v2,carpet,dinov2_s,280,117,89,1024,23.490016327999683,2,coreset_knn,64,2,0.31346436199964955,2297.83984375,64.0,1.0,"{""color"": 1.0, ""cut"": 1.0, ""hole"": 1.0, ""metal_contamination"": 1.0, ""thread"": 1.0}",0.9904660413732163,0.9640821705756102,4.607924461364746,1.0,1.0,1.0,1.0,137.43233765599962,2297.83984375,
p0_anomaly_mvtec_v2|carpet|dinov2_s|coreset_knn|256|2,p0_anomaly_mvtec_v2,carpet,dinov2_s,280,117,89,1024,23.490016327999683,2,coreset_knn,256,2,0.604830014000072,2297.83984375,256.0,0.9987961476725522,"{""color"": 0.9981203007518797, ""cut"": 1.0, ""hole"": 1.0, ""metal_contamination"": 1.0, ""thread"": 0.9962406015037595}",0.9900524149786274,0.9667661286777328,4.944084167480469,0.9987961476725522,0.9987961476725522,1.0,1.0,137.43233765599962,2297.83984375,
p0_anomaly_mvtec_v2|carpet|dinov2_s|coreset_knn|1024|2,p0_anomaly_mvtec_v2,carpet,dinov2_s,280,117,89,1024,23.490016327999683,2,coreset_knn,1024,2,3.0459320569998454,2297.83984375,1024.0,0.9991974317817015,"{""color"": 1.0, ""cut"": 1.0, ""hole"": 1.0, ""metal_contamination"": 1.0, ""thread"": 0.9962406015037595}",0.9914039422641052,0.971558570885193,5.362576484680176,0.9991974317817015,0.9991974317817015,1.0,1.0,137.43233765599962,2297.83984375,
p0_anomaly_mvtec_v2|carpet|dinov2_s|codebook_dist|64|0,p0_anomaly_mvtec_v2,carpet,dinov2_s,280,117,89,1024,23.490016327999683,2,codebook_dist,64,0,0.6100049230008153,2297.83984375,,0.9662921348314606,"{""color"": 0.9210526315789475, ""cut"": 0.9432773109243697, ""hole"": 0.9789915966386555, ""metal_contamination"": 1.0, ""thread"": 0.9906015037593985}",0.9935691606834707,0.9835125101553096,5.735844135284424,0.9662921348314606,0.9674959871589086,1.0,1.0,6.041372036000212,2297.83984375,0.0
p0_anomaly_mvtec_v2|carpet|dinov2_s|codebook_dist|64|1,p0_anomaly_mvtec_v2,carpet,dinov2_s,280,117,89,1024,23.490016327999683,2,codebook_dist,64,1,0.48374814499948116,2297.83984375,,0.968298555377207,"{""color"": 0.9304511278195489, ""cut"": 0.9453781512605042, ""hole"": 0.9768907563025211, ""metal_contamination"": 1.0, ""thread"": 0.9906015037593985}",0.9934700922650695,0.9834354406085026,5.751816272735596,0.968298555377207,0.9686998394863564,1.0,1.0,5.868011922000733,2297.83984375,0.0
p0_anomaly_mvtec_v2|carpet|dinov2_s|codebook_dist|64|2,p0_anomaly_mvtec_v2,carpet,dinov2_s,280,117,89,1024,23.490016327999683,2,codebook_dist,64,2,0.49489081100000476,2297.83984375,,0.9674959871589084,"{""color"": 0.9285714285714286, ""cut"": 0.9432773109243697, ""hole"": 0.9747899159663865, ""metal_contamination"": 1.0, ""thread"": 0.9924812030075189}",0.9935405675312372,0.9836557113543528,5.7414727210998535,0.9674959871589084,0.9691011235955056,1.0,1.0,9.246281394000107,2297.83984375,0.0
p0_anomaly_mvtec_v2|carpet|dinov2_s|codebook_dist|256|0,p0_anomaly_mvtec_v2,carpet,dinov2_s,280,117,89,1024,23.490016327999683,2,codebook_dist,256,0,0.9001955220001037,2297.83984375,,0.9991974317817015,"{""color"": 1.0, ""cut"": 0.9978991596638656, ""hole"": 1.0, ""metal_contamination"": 1.0, ""thread"": 0.9981203007518797}",0.9929805739255261,0.9804498205686756,5.492960453033447,0.9991974317817015,0.9991974317817015,1.0,1.0,26.88483403200007,2297.83984375,0.0
p0_anomaly_mvtec_v2|carpet|dinov2_s|codebook_dist|256|1,p0_anomaly_mvtec_v2,carpet,dinov2_s,280,117,89,1024,23.490016327999683,2,codebook_dist,256,1,0.9049668319994453,2297.83984375,,1.0,"{""color"": 1.0, ""cut"": 1.0, ""hole"": 1.0, ""metal_contamination"": 1.0, ""thread"": 1.0}",0.9927786514105074,0.9769439473565045,5.288320064544678,1.0,1.0,1.0,1.0,28.638212785000178,2297.83984375,0.0
p0_anomaly_mvtec_v2|carpet|dinov2_s|codebook_dist|256|2,p0_anomaly_mvtec_v2,carpet,dinov2_s,280,117,89,1024,23.490016327999683,2,codebook_dist,256,2,0.9111576269997386,2297.83984375,,0.9935794542536116,"{""color"": 1.0, ""cut"": 0.9768907563025211, ""hole"": 1.0, ""metal_contamination"": 1.0, ""thread"": 0.9906015037593985}",0.9928190622200919,0.9804906475164762,5.464885711669922,0.9935794542536116,0.9947833065810594,1.0,1.0,25.50895468300041,2297.83984375,0.0
p0_anomaly_mvtec_v2|carpet|dinov2_s|codebook_dist|1024|0,p0_anomaly_mvtec_v2,carpet,dinov2_s,280,117,89,1024,23.490016327999683,2,codebook_dist,1024,0,3.8212494219997097,2297.83984375,,0.9983948635634029,"{""color"": 1.0, ""cut"": 1.0, ""hole"": 1.0, ""metal_contamination"": 1.0, ""thread"": 0.9924812030075189}",0.9930337134529448,0.9780292253630762,5.414583683013916,0.9983948635634029,0.9995987158908507,1.0,1.0,88.6316807180001,2297.83984375,0.0
p0_anomaly_mvtec_v2|carpet|dinov2_s|codebook_dist|1024|1,p0_anomaly_mvtec_v2,carpet,dinov2_s,280,117,89,1024,23.490016327999683,2,codebook_dist,1024,1,3.1304864159992576,2297.83984375,,0.9983948635634029,"{""color"": 1.0, ""cut"": 1.0, ""hole"": 1.0, ""metal_contamination"": 1.0, ""thread"": 0.9924812030075189}",0.9930261642855454,0.9776677447346376,5.402173042297363,0.9983948635634029,0.9991974317817015,1.0,1.0,95.82286545699935,2297.83984375,0.0
p0_anomaly_mvtec_v2|carpet|dinov2_s|codebook_dist|1024|2,p0_anomaly_mvtec_v2,carpet,dinov2_s,280,117,89,1024,23.490016327999683,2,codebook_dist,1024,2,2.5372302599998875,2297.83984375,,0.9975922953451044,"{""color"": 1.0, ""cut"": 1.0, ""hole"": 1.0, ""metal_contamination"": 1.0, ""thread"": 0.9887218045112782}",0.9927688084434881,0.976583268822242,5.333643436431885,0.9975922953451044,0.9991974317817015,1.0,1.0,95.10162852400026,2297.83984375,0.0
p0_anomaly_mvtec_v2|grid|dinov2_s|patch_knn|0|0,p0_anomaly_mvtec_v2,grid,dinov2_s,264,78,57,1024,12.241776278000088,2,patch_knn,0,0,384.54661521900016,2297.83984375,270336.0,1.0,"{""bent"": 1.0, ""broken"": 1.0, ""glue"": 1.0, ""metal_contamination"": 1.0, ""thread"": 1.0}",0.9915116692446423,0.9620492259948092,4.441569805145264,1.0,1.0,1.0,1.0,,,
p0_anomaly_mvtec_v2|grid|dinov2_s|coreset_knn|64|0,p0_anomaly_mvtec_v2,grid,dinov2_s,264,78,57,1024,12.241776278000088,2,coreset_knn,64,0,0.25104952299989236,2297.83984375,64.0,0.9941520467836258,"{""bent"": 1.0, ""broken"": 1.0, ""glue"": 0.9696969696969697, ""metal_contamination"": 1.0, ""thread"": 1.0}",0.9878139092821323,0.949939863221354,4.004195690155029,0.9941520467836258,0.9958228905597326,0.9958228905597326,0.9958228905597326,129.8036382929995,2297.83984375,
p0_anomaly_mvtec_v2|grid|dinov2_s|coreset_knn|256|0,p0_anomaly_mvtec_v2,grid,dinov2_s,264,78,57,1024,12.241776278000088,2,coreset_knn,256,0,0.4154712630006543,2297.83984375,256.0,0.9991645781119465,"{""bent"": 1.0, ""broken"": 1.0, ""glue"": 0.9956709956709956, ""metal_contamination"": 1.0, ""thread"": 1.0}",0.9894429720969535,0.9609540457466078,4.318510055541992,0.9991645781119465,1.0,1.0,1.0,129.8036382929995,2297.83984375,
p0_anomaly_mvtec_v2|grid|dinov2_s|coreset_knn|1024|0,p0_anomaly_mvtec_v2,grid,dinov2_s,264,78,57,1024,12.241776278000088,2,coreset_knn,1024,0,2.4855868249997,2297.83984375,1024.0,1.0,"{""bent"": 1.0, ""broken"": 1.0, ""glue"": 1.0, ""metal_contamination"": 1.0, ""thread"": 1.0}",0.9904003759648167,0.9609016222182554,4.617258071899414,1.0,1.0,1.0,1.0,129.8036382929995,2297.83984375,
p0_anomaly_mvtec_v2|grid|dinov2_s|coreset_knn|64|1,p0_anomaly_mvtec_v2,grid,dinov2_s,264,78,57,1024,12.241776278000088,2,coreset_knn,64,1,0.20287095999992744,2297.83984375,64.0,0.9949874686716792,"{""bent"": 1.0, ""broken"": 1.0, ""glue"": 0.974025974025974, ""metal_contamination"": 1.0, ""thread"": 1.0}",0.986880673958252,0.9405072161536954,3.9746603965759277,0.9949874686716792,0.9958228905597326,0.9966583124477861,0.9974937343358397,129.4617150030008,2297.83984375,
p0_anomaly_mvtec_v2|grid|dinov2_s|coreset_knn|256|1,p0_anomaly_mvtec_v2,grid,dinov2_s,264,78,57,1024,12.241776278000088,2,coreset_knn,256,1,0.4280753490002098,2297.83984375,256.0,1.0,"{""bent"": 1.0, ""broken"": 1.0, ""glue"": 1.0, ""metal_contamination"": 1.0, ""thread"": 1.0}",0.9897923746218048,0.9547439199847328,4.495054721832275,1.0,1.0,1.0,1.0,129.4617150030008,2297.83984375,
p0_anomaly_mvtec_v2|grid|dinov2_s|coreset_knn|1024|1,p0_anomaly_mvtec_v2,grid,dinov2_s,264,78,57,1024,12.241776278000088,2,coreset_knn,1024,1,2.3246836339994843,2297.83984375,1024.0,1.0,"{""bent"": 1.0, ""broken"": 1.0, ""glue"": 1.0, ""metal_contamination"": 1.0, ""thread"": 1.0}",0.9903798788269662,0.95888113623073,4.6045002937316895,1.0,1.0,1.0,1.0,129.4617150030008,2297.83984375,
p0_anomaly_mvtec_v2|grid|dinov2_s|coreset_knn|64|2,p0_anomaly_mvtec_v2,grid,dinov2_s,264,78,57,1024,12.241776278000088,2,coreset_knn,64,2,0.2366548630006946,2297.83984375,64.0,0.9966583124477861,"{""bent"": 1.0, ""broken"": 1.0, ""glue"": 0.9826839826839827, ""metal_contamination"": 1.0, ""thread"": 1.0}",0.9894063478179173,0.9575252297895075,3.9335920810699463,0.9966583124477861,0.9974937343358397,0.9991645781119465,0.9983291562238931,129.4826320809998,2297.83984375,
p0_anomaly_mvtec_v2|grid|dinov2_s|coreset_knn|256|2,p0_anomaly_mvtec_v2,grid,dinov2_s,264,78,57,1024,12.241776278000088,2,coreset_knn,256,2,0.42249080799956573,2297.83984375,256.0,1.0,"{""bent"": 1.0, ""broken"": 1.0, ""glue"": 1.0, ""metal_contamination"": 1.0, ""thread"": 1.0}",0.9894012997360347,0.9592419872967655,4.372739315032959,1.0,1.0,1.0,1.0,129.4826320809998,2297.83984375,
p0_anomaly_mvtec_v2|grid|dinov2_s|coreset_knn|1024|2,p0_anomaly_mvtec_v2,grid,dinov2_s,264,78,57,1024,12.241776278000088,2,coreset_knn,1024,2,1.2309230679993561,2297.83984375,1024.0,1.0,"{""bent"": 1.0, ""broken"": 1.0, ""glue"": 1.0, ""metal_contamination"": 1.0, ""thread"": 1.0}",0.9901306706696964,0.9584526571025622,4.594817161560059,1.0,1.0,1.0,1.0,129.4826320809998,2297.83984375,
p0_anomaly_mvtec_v2|grid|dinov2_s|codebook_dist|64|0,p0_anomaly_mvtec_v2,grid,dinov2_s,264,78,57,1024,12.241776278000088,2,codebook_dist,64,0,0.3360684590006713,2297.83984375,,0.9949874686716792,"{""bent"": 1.0, ""broken"": 1.0, ""glue"": 0.974025974025974, ""metal_contamination"": 1.0, ""thread"": 1.0}",0.9924359354907639,0.9653901731839317,4.778986930847168,0.9949874686716792,0.9958228905597326,0.9983291562238931,0.9983291562238931,7.550911305000227,2297.83984375,0.0
p0_anomaly_mvtec_v2|grid|dinov2_s|codebook_dist|64|1,p0_anomaly_mvtec_v2,grid,dinov2_s,264,78,57,1024,12.241776278000088,2,codebook_dist,64,1,0.31009287899996707,2297.83984375,,0.9941520467836258,"{""bent"": 1.0, ""broken"": 1.0, ""glue"": 0.9696969696969697, ""metal_contamination"": 1.0, ""thread"": 1.0}",0.9923564133867505,0.9667685648310145,4.751504898071289,0.9941520467836258,0.9949874686716792,0.9991645781119465,0.9991645781119465,10.152288823000163,2297.83984375,0.0
p0_anomaly_mvtec_v2|grid|dinov2_s|codebook_dist|64|2,p0_anomaly_mvtec_v2,grid,dinov2_s,264,78,57,1024,12.241776278000088,2,codebook_dist,64,2,0.42958986300072866,2297.83984375,,0.9966583124477861,"{""bent"": 1.0, ""broken"": 1.0, ""glue"": 0.9826839826839827, ""metal_contamination"": 1.0, ""thread"": 1.0}",0.992408135468084,0.9675708022832424,4.741467475891113,0.9966583124477861,0.9983291562238931,0.9991645781119465,0.9991645781119465,6.229211269999723,2297.83984375,0.0
p0_anomaly_mvtec_v2|grid|dinov2_s|codebook_dist|256|0,p0_anomaly_mvtec_v2,grid,dinov2_s,264,78,57,1024,12.241776278000088,2,codebook_dist,256,0,0.5740203729992572,2297.83984375,,0.9991645781119465,"{""bent"": 1.0, ""broken"": 1.0, ""glue"": 0.9956709956709956, ""metal_contamination"": 1.0, ""thread"": 1.0}",0.9921876845171245,0.9640179810149718,4.745182991027832,0.9991645781119465,0.9991645781119465,1.0,1.0,24.54349217500021,2297.83984375,0.0
p0_anomaly_mvtec_v2|grid|dinov2_s|codebook_dist|256|1,p0_anomaly_mvtec_v2,grid,dinov2_s,264,78,57,1024,12.241776278000088,2,codebook_dist,256,1,0.5685834599998998,2297.83984375,,0.9991645781119465,"{""bent"": 1.0, ""broken"": 1.0, ""glue"": 0.9956709956709956, ""metal_contamination"": 1.0, ""thread"": 1.0}",0.9926754732326722,0.9662595505692739,4.840628623962402,0.9991645781119465,1.0,1.0,1.0,25.778080565999517,2297.83984375,0.0
p0_anomaly_mvtec_v2|grid|dinov2_s|codebook_dist|256|2,p0_anomaly_mvtec_v2,grid,dinov2_s,264,78,57,1024,12.241776278000088,2,codebook_dist,256,2,0.6243024269997477,2297.83984375,,0.9991645781119465,"{""bent"": 1.0, ""broken"": 1.0, ""glue"": 0.9956709956709956, ""metal_contamination"": 1.0, ""thread"": 1.0}",0.9927004409562963,0.9664339496722659,4.850209712982178,0.9991645781119465,1.0,1.0,1.0,26.98437577599998,2297.83984375,0.0
p0_anomaly_mvtec_v2|grid|dinov2_s|codebook_dist|1024|0,p0_anomaly_mvtec_v2,grid,dinov2_s,264,78,57,1024,12.241776278000088,2,codebook_dist,1024,0,1.676571433999925,2297.83984375,,1.0,"{""bent"": 1.0, ""broken"": 1.0, ""glue"": 1.0, ""metal_contamination"": 1.0, ""thread"": 1.0}",0.9922385527286712,0.9644244115550525,4.7366623878479,1.0,1.0,1.0,1.0,94.8656767780003,2297.83984375,0.0
p0_anomaly_mvtec_v2|grid|dinov2_s|codebook_dist|1024|1,p0_anomaly_mvtec_v2,grid,dinov2_s,264,78,57,1024,12.241776278000088,2,codebook_dist,1024,1,2.6094633479997356,2297.83984375,,1.0,"{""bent"": 1.0, ""broken"": 1.0, ""glue"": 1.0, ""metal_contamination"": 1.0, ""thread"": 1.0}",0.9918731498187019,0.962824412547418,4.6718268394470215,1.0,1.0,1.0,1.0,95.03094703099941,2297.83984375,0.0
p0_anomaly_mvtec_v2|grid|dinov2_s|codebook_dist|1024|2,p0_anomaly_mvtec_v2,grid,dinov2_s,264,78,57,1024,12.241776278000088,2,codebook_dist,1024,2,1.6551940629997262,2297.83984375,,1.0,"{""bent"": 1.0, ""broken"": 1.0, ""glue"": 1.0, ""metal_contamination"": 1.0, ""thread"": 1.0}",0.9923904366566312,0.9647827825586979,4.73182487487793,1.0,1.0,1.0,1.0,97.02045702899977,2297.83984375,0.0
p0_anomaly_mvtec_v2|hazelnut|dinov2_s|patch_knn|0|0,p0_anomaly_mvtec_v2,hazelnut,dinov2_s,391,110,70,1024,30.32248612500007,2,patch_knn,0,0,827.0017866799999,2297.83984375,400384.0,0.9946428571428572,"{""crack"": 1.0, ""cut"": 0.9779411764705881, ""hole"": 1.0, ""print"": 1.0}",0.9964399222932405,0.9724862717915747,5.031347274780273,0.9946428571428572,0.9974999999999999,0.9992857142857142,1.0,,,
p0_anomaly_mvtec_v2|hazelnut|dinov2_s|coreset_knn|64|0,p0_anomaly_mvtec_v2,hazelnut,dinov2_s,391,110,70,1024,30.32248612500007,2,coreset_knn,64,0,0.325427118999869,2340.09765625,64.0,0.8642857142857143,"{""crack"": 0.9666666666666667, ""cut"": 0.6191176470588236, ""hole"": 0.9305555555555556, ""print"": 0.9308823529411765}",0.9844592945087013,0.916380959475505,2.908318281173706,0.8642857142857143,0.8778571428571429,0.915357142857143,0.9446428571428571,210.20967360300074,2340.09765625,
p0_anomaly_mvtec_v2|hazelnut|dinov2_s|coreset_knn|256|0,p0_anomaly_mvtec_v2,hazelnut,dinov2_s,391,110,70,1024,30.32248612500007,2,coreset_knn,256,0,0.6158991960001003,2340.09765625,256.0,0.9853571428571428,"{""crack"": 1.0, ""cut"": 0.9558823529411764, ""hole"": 0.9944444444444445, ""print"": 0.9897058823529412}",0.9939041372856174,0.9412798678055353,3.9800262451171875,0.9853571428571428,0.9939285714285715,0.9971428571428571,0.9974999999999999,210.20967360300074,2340.09765625,
p0_anomaly_mvtec_v2|hazelnut|dinov2_s|coreset_knn|1024|0,p0_anomaly_mvtec_v2,hazelnut,dinov2_s,391,110,70,1024,30.32248612500007,2,coreset_knn,1024,0,1.926939619001132,2340.09765625,1024.0,0.9867857142857143,"{""crack"": 1.0, ""cut"": 0.9661764705882353, ""hole"": 0.9972222222222222, ""print"": 0.9823529411764707}",0.9953701430481996,0.95374805340945,4.6447577476501465,0.9867857142857143,0.9992857142857142,1.0,1.0,210.20967360300074,2340.09765625,
p0_anomaly_mvtec_v2|hazelnut|dinov2_s|coreset_knn|64|1,p0_anomaly_mvtec_v2,hazelnut,dinov2_s,391,110,70,1024,30.32248612500007,2,coreset_knn,64,1,0.3166541419996065,2340.09765625,64.0,0.9342857142857143,"{""crack"": 0.9736111111111111, ""cut"": 0.8691176470588236, ""hole"": 0.952777777777778, ""print"": 0.9382352941176471}",0.988766385565228,0.9386415876630616,3.1069958209991455,0.9342857142857143,0.9496428571428572,0.9682142857142857,0.9775,193.5377614379995,2340.09765625,
p0_anomaly_mvtec_v2|hazelnut|dinov2_s|coreset_knn|256|1,p0_anomaly_mvtec_v2,hazelnut,dinov2_s,391,110,70,1024,30.32248612500007,2,coreset_knn,256,1,0.545452528000169,2340.09765625,256.0,0.9803571428571429,"{""crack"": 0.9958333333333333, ""cut"": 0.9779411764705882, ""hole"": 0.9888888888888889, ""print"": 0.9573529411764706}",0.991064962066796,0.9158922756937908,3.7157833576202393,0.9803571428571429,0.9935714285714285,0.9953571428571428,0.9982142857142857,193.5377614379995,2340.09765625,
p0_anomaly_mvtec_v2|hazelnut|dinov2_s|coreset_knn|1024|1,p0_anomaly_mvtec_v2,hazelnut,dinov2_s,391,110,70,1024,30.32248612500007,2,coreset_knn,1024,1,1.9855944920000184,2340.09765625,1024.0,0.9939285714285714,"{""crack"": 1.0, ""cut"": 0.9823529411764705, ""hole"": 0.9986111111111111, ""print"": 0.9941176470588234}",0.9946598693523894,0.9591267332487468,4.666099548339844,0.9939285714285714,0.9982142857142857,1.0,0.9992857142857142,193.5377614379995,2340.09765625,
p0_anomaly_mvtec_v2|hazelnut|dinov2_s|coreset_knn|64|2,p0_anomaly_mvtec_v2,hazelnut,dinov2_s,391,110,70,1024,30.32248612500007,2,coreset_knn,64,2,1.1112565920011548,2340.09765625,64.0,0.9221428571428572,"{""crack"": 0.9916666666666666, ""cut"": 0.838235294117647, ""hole"": 0.95, ""print"": 0.9029411764705882}",0.9915837440581073,0.9235340656829949,3.183480978012085,0.9221428571428572,0.9567857142857144,0.9757142857142856,0.9835714285714287,195.19215202899977,2340.09765625,
p0_anomaly_mvtec_v2|hazelnut|dinov2_s|coreset_knn|256|2,p0_anomaly_mvtec_v2,hazelnut,dinov2_s,391,110,70,1024,30.32248612500007,2,coreset_knn,256,2,0.6024972310005978,2340.09765625,256.0,0.9882142857142857,"{""crack"": 1.0, ""cut"": 0.9764705882352942, ""hole"": 1.0, ""print"": 0.9750000000000001}",0.9947408713000926,0.9529408666528626,3.9173026084899902,0.9882142857142857,0.9985714285714286,0.9978571428571429,0.9992857142857142,195.19215202899977,2340.09765625,
p0_anomaly_mvtec_v2|hazelnut|dinov2_s|coreset_knn|1024|2,p0_anomaly_mvtec_v2,hazelnut,dinov2_s,391,110,70,1024,30.32248612500007,2,coreset_knn,1024,2,1.7910065300002316,2340.09765625,1024.0,1.0,"{""crack"": 1.0, ""cut"": 1.0, ""hole"": 1.0, ""print"": 1.0}",0.995816107079032,0.9690015850801015,4.688439846038818,1.0,1.0,1.0,1.0,195.19215202899977,2340.09765625,
p0_anomaly_mvtec_v2|hazelnut|dinov2_s|codebook_dist|64|0,p0_anomaly_mvtec_v2,hazelnut,dinov2_s,391,110,70,1024,30.32248612500007,2,codebook_dist,64,0,0.4623498729997664,2340.09765625,,0.97,"{""crack"": 0.9902777777777777, ""cut"": 0.9249999999999999, ""hole"": 0.9944444444444444, ""print"": 0.9676470588235293}",0.9958802370049203,0.9736646627942218,4.729004383087158,0.97,0.9867857142857144,0.9960714285714286,0.9992857142857142,6.938414414000363,2340.09765625,0.0
p0_anomaly_mvtec_v2|hazelnut|dinov2_s|codebook_dist|64|1,p0_anomaly_mvtec_v2,hazelnut,dinov2_s,391,110,70,1024,30.32248612500007,2,codebook_dist,64,1,0.46376288600004045,2340.09765625,,0.9210714285714285,"{""crack"": 0.9625, ""cut"": 0.8147058823529412, ""hole"": 0.9888888888888889, ""print"": 0.9117647058823528}",0.9954935540139093,0.9716002375151456,4.746577262878418,0.9210714285714285,0.9475,0.9789285714285714,0.9942857142857142,10.217945783999312,2340.09765625,0.0
p0_anomaly_mvtec_v2|hazelnut|dinov2_s|codebook_dist|64|2,p0_anomaly_mvtec_v2,hazelnut,dinov2_s,391,110,70,1024,30.32248612500007,2,codebook_dist,64,2,0.4699547950003762,2340.09765625,,0.9664285714285715,"{""crack"": 0.986111111111111, ""cut"": 0.9058823529411765, ""hole"": 0.9958333333333333, ""print"": 0.975}",0.9956681061834727,0.9741320487362491,4.657001495361328,0.9664285714285715,0.9810714285714286,0.9910714285714285,0.9982142857142857,10.521913706001214,2340.09765625,0.0
p0_anomaly_mvtec_v2|hazelnut|dinov2_s|codebook_dist|256|0,p0_anomaly_mvtec_v2,hazelnut,dinov2_s,391,110,70,1024,30.32248612500007,2,codebook_dist,256,0,0.91434594599923,2340.09765625,,0.9785714285714285,"{""crack"": 0.9958333333333333, ""cut"": 0.9411764705882353, ""hole"": 0.9986111111111111, ""print"": 0.9764705882352941}",0.9962954316450655,0.9761333237135961,4.990499973297119,0.9785714285714285,0.9939285714285715,1.0,1.0,32.595021978999284,2340.09765625,0.0
p0_anomaly_mvtec_v2|hazelnut|dinov2_s|codebook_dist|256|1,p0_anomaly_mvtec_v2,hazelnut,dinov2_s,391,110,70,1024,30.32248612500007,2,codebook_dist,256,1,1.332880895000926,2340.09765625,,0.9846428571428572,"{""crack"": 1.0, ""cut"": 0.9602941176470587, ""hole"": 1.0, ""print"": 0.9764705882352941}",0.9963360840984303,0.9766317179148014,4.982800006866455,0.9846428571428572,0.9942857142857143,1.0,1.0,27.802206733000276,2340.09765625,0.0
p0_anomaly_mvtec_v2|hazelnut|dinov2_s|codebook_dist|256|2,p0_anomaly_mvtec_v2,hazelnut,dinov2_s,391,110,70,1024,30.32248612500007,2,codebook_dist,256,2,1.1522706240011757,2340.09765625,,0.95,"{""crack"": 0.9777777777777779, ""cut"": 0.875, ""hole"": 0.9791666666666666, ""print"": 0.9647058823529412}",0.9961510955770984,0.977098816190235,4.831329822540283,0.95,0.9796428571428571,0.9967857142857143,1.0,27.575289786000212,2340.09765625,0.0
p0_anomaly_mvtec_v2|hazelnut|dinov2_s|codebook_dist|1024|0,p0_anomaly_mvtec_v2,hazelnut,dinov2_s,391,110,70,1024,30.32248612500007,2,codebook_dist,1024,0,3.6962232219993894,2427.796875,,0.9914285714285713,"{""crack"": 1.0, ""cut"": 0.9676470588235293, ""hole"": 1.0, ""print"": 0.9970588235294118}",0.9963668946898169,0.9754415763320076,4.975376129150391,0.9914285714285713,0.9975,1.0,1.0,97.49694064700088,2340.09765625,0.0
p0_anomaly_mvtec_v2|hazelnut|dinov2_s|codebook_dist|1024|1,p0_anomaly_mvtec_v2,hazelnut,dinov2_s,391,110,70,1024,30.32248612500007,2,codebook_dist,1024,1,2.996583998999995,2434.02734375,,0.9714285714285714,"{""crack"": 0.9861111111111112, ""cut"": 0.9147058823529413, ""hole"": 0.9916666666666667, ""print"": 0.9911764705882353}",0.996383955635216,0.9764532466546291,4.959986209869385,0.9714285714285714,0.9957142857142857,0.9992857142857142,1.0,101.19425644700095,2427.796875,0.0
p0_anomaly_mvtec_v2|hazelnut|dinov2_s|codebook_dist|1024|2,p0_anomaly_mvtec_v2,hazelnut,dinov2_s,391,110,70,1024,30.32248612500007,2,codebook_dist,1024,2,2.6081055459999334,2434.02734375,,0.9807142857142858,"{""crack"": 0.9986111111111111, ""cut"": 0.9426470588235294, ""hole"": 0.9916666666666667, ""print"": 0.9882352941176471}",0.9964216320422931,0.9764821833678141,4.929066181182861,0.9807142857142858,0.9935714285714285,0.9985714285714287,1.0,95.72664627499944,2434.02734375,0.0
p0_anomaly_mvtec_v2|leather|dinov2_s|patch_knn|0|0,p0_anomaly_mvtec_v2,leather,dinov2_s,245,124,92,1024,20.056968901999426,2,patch_knn,0,0,566.8469070579995,2434.02734375,250880.0,1.0,"{""color"": 1.0, ""cut"": 1.0, ""fold"": 1.0, ""glue"": 1.0, ""poke"": 1.0}",0.9912677152442818,0.9686619550656665,4.238360404968262,1.0,1.0,1.0,1.0,,,
p0_anomaly_mvtec_v2|leather|dinov2_s|coreset_knn|64|0,p0_anomaly_mvtec_v2,leather,dinov2_s,245,124,92,1024,20.056968901999426,2,coreset_knn,64,0,0.3475743949984462,2434.02734375,64.0,1.0,"{""color"": 1.0, ""cut"": 1.0, ""fold"": 1.0, ""glue"": 1.0, ""poke"": 1.0}",0.9889357980110796,0.9553401857797069,3.988665819168091,1.0,1.0,1.0,1.0,128.85086337099892,2434.02734375,
p0_anomaly_mvtec_v2|leather|dinov2_s|coreset_knn|256|0,p0_anomaly_mvtec_v2,leather,dinov2_s,245,124,92,1024,20.056968901999426,2,coreset_knn,256,0,0.6553479529993638,2434.02734375,256.0,1.0,"{""color"": 1.0, ""cut"": 1.0, ""fold"": 1.0, ""glue"": 1.0, ""poke"": 1.0}",0.9900990055246829,0.9600660601360208,4.338531970977783,1.0,1.0,1.0,1.0,128.85086337099892,2434.02734375,
p0_anomaly_mvtec_v2|leather|dinov2_s|coreset_knn|1024|0,p0_anomaly_mvtec_v2,leather,dinov2_s,245,124,92,1024,20.056968901999426,2,coreset_knn,1024,0,3.4423645509996277,2434.02734375,1024.0,1.0,"{""color"": 1.0, ""cut"": 1.0, ""fold"": 1.0, ""glue"": 1.0, ""poke"": 1.0}",0.9902948531107311,0.9630090488295744,4.407063007354736,1.0,1.0,1.0,1.0,128.85086337099892,2434.02734375,
p0_anomaly_mvtec_v2|leather|dinov2_s|coreset_knn|64|1,p0_anomaly_mvtec_v2,leather,dinov2_s,245,124,92,1024,20.056968901999426,2,coreset_knn,64,1,0.6473549359998287,2434.02734375,64.0,1.0,"{""color"": 1.0, ""cut"": 1.0, ""fold"": 1.0, ""glue"": 1.0, ""poke"": 1.0}",0.988055834282205,0.9515402770127561,3.714718818664551,1.0,1.0,1.0,1.0,119.51223422000112,2434.02734375,
p0_anomaly_mvtec_v2|leather|dinov2_s|coreset_knn|256|1,p0_anomaly_mvtec_v2,leather,dinov2_s,245,124,92,1024,20.056968901999426,2,coreset_knn,256,1,0.6210686689992144,2434.02734375,256.0,1.0,"{""color"": 1.0, ""cut"": 1.0, ""fold"": 1.0, ""glue"": 1.0, ""poke"": 1.0}",0.989905376105031,0.9604196133250775,4.247466564178467,1.0,1.0,1.0,1.0,119.51223422000112,2434.02734375,
p0_anomaly_mvtec_v2|leather|dinov2_s|coreset_knn|1024|1,p0_anomaly_mvtec_v2,leather,dinov2_s,245,124,92,1024,20.056968901999426,2,coreset_knn,1024,1,1.9402018069995393,2434.02734375,1024.0,1.0,"{""color"": 1.0, ""cut"": 1.0, ""fold"": 1.0, ""glue"": 1.0, ""poke"": 1.0}",0.9904398408337356,0.9626163546484544,4.409828186035156,1.0,1.0,1.0,1.0,119.51223422000112,2434.02734375,
p0_anomaly_mvtec_v2|leather|dinov2_s|coreset_knn|64|2,p0_anomaly_mvtec_v2,leather,dinov2_s,245,124,92,1024,20.056968901999426,2,coreset_knn,64,2,0.3326647789999697,2434.02734375,64.0,1.0,"{""color"": 1.0, ""cut"": 1.0, ""fold"": 1.0, ""glue"": 1.0, ""poke"": 1.0}",0.9897515317754613,0.9648936008465396,4.056118011474609,1.0,1.0,1.0,1.0,119.8561948459992,2434.02734375,
p0_anomaly_mvtec_v2|leather|dinov2_s|coreset_knn|256|2,p0_anomaly_mvtec_v2,leather,dinov2_s,245,124,92,1024,20.056968901999426,2,coreset_knn,256,2,0.8444003269996756,2434.02734375,256.0,1.0,"{""color"": 1.0, ""cut"": 1.0, ""fold"": 1.0, ""glue"": 1.0, ""poke"": 1.0}",0.9905702340582151,0.9650021751510385,4.379546165466309,1.0,1.0,1.0,1.0,119.8561948459992,2434.02734375,
p0_anomaly_mvtec_v2|leather|dinov2_s|coreset_knn|1024|2,p0_anomaly_mvtec_v2,leather,dinov2_s,245,124,92,1024,20.056968901999426,2,coreset_knn,1024,2,1.9024253010011307,2434.02734375,1024.0,1.0,"{""color"": 1.0, ""cut"": 1.0, ""fold"": 1.0, ""glue"": 1.0, ""poke"": 1.0}",0.990854954769432,0.9656776036406012,4.443332195281982,1.0,1.0,1.0,1.0,119.8561948459992,2434.02734375,
p0_anomaly_mvtec_v2|leather|dinov2_s|codebook_dist|64|0,p0_anomaly_mvtec_v2,leather,dinov2_s,245,124,92,1024,20.056968901999426,2,codebook_dist,64,0,0.7049336949985445,2434.02734375,,1.0,"{""color"": 1.0, ""cut"": 1.0, ""fold"": 1.0, ""glue"": 1.0, ""poke"": 1.0}",0.9917137436272884,0.9702899145290691,4.327355861663818,1.0,1.0,1.0,1.0,7.42276154999854,2434.02734375,0.0
p0_anomaly_mvtec_v2|leather|dinov2_s|codebook_dist|64|1,p0_anomaly_mvtec_v2,leather,dinov2_s,245,124,92,1024,20.056968901999426,2,codebook_dist,64,1,0.5153134880001744,2434.02734375,,0.9969429347826086,"{""color"": 0.993421052631579, ""cut"": 0.9983552631578947, ""fold"": 0.9926470588235294, ""glue"": 1.0, ""poke"": 1.0}",0.9931352956038768,0.9842317803257372,4.54770040512085,0.9969429347826086,1.0,1.0,1.0,5.485170125000877,2434.02734375,0.0
p0_anomaly_mvtec_v2|leather|dinov2_s|codebook_dist|64|2,p0_anomaly_mvtec_v2,leather,dinov2_s,245,124,92,1024,20.056968901999426,2,codebook_dist,64,2,0.5210063340000488,2434.02734375,,1.0,"{""color"": 1.0, ""cut"": 1.0, ""fold"": 1.0, ""glue"": 1.0, ""poke"": 1.0}",0.99154336868117,0.9679352952681932,4.293447017669678,1.0,1.0,1.0,1.0,6.573347988000023,2434.02734375,0.0
p0_anomaly_mvtec_v2|leather|dinov2_s|codebook_dist|256|0,p0_anomaly_mvtec_v2,leather,dinov2_s,245,124,92,1024,20.056968901999426,2,codebook_dist,256,0,0.966972344000169,2434.02734375,,1.0,"{""color"": 1.0, ""cut"": 1.0, ""fold"": 1.0, ""glue"": 1.0, ""poke"": 1.0}",0.9914221297002267,0.9697994851368419,4.332202911376953,1.0,1.0,1.0,1.0,26.039483866999944,2434.02734375,0.0
p0_anomaly_mvtec_v2|leather|dinov2_s|codebook_dist|256|1,p0_anomaly_mvtec_v2,leather,dinov2_s,245,124,92,1024,20.056968901999426,2,codebook_dist,256,1,0.9848001749996911,2434.02734375,,1.0,"{""color"": 1.0, ""cut"": 1.0, ""fold"": 1.0, ""glue"": 1.0, ""poke"": 1.0}",0.9916052400536919,0.9719685443081598,4.359504699707031,1.0,1.0,1.0,1.0,26.638276059000418,2434.02734375,0.0
p0_anomaly_mvtec_v2|leather|dinov2_s|codebook_dist|256|2,p0_anomaly_mvtec_v2,leather,dinov2_s,245,124,92,1024,20.056968901999426,2,codebook_dist,256,2,0.9745724849999533,2434.02734375,,1.0,"{""color"": 1.0, ""cut"": 1.0, ""fold"": 1.0, ""glue"": 1.0, ""poke"": 1.0}",0.9914521797194804,0.9697975184768519,4.313910961151123,1.0,1.0,1.0,1.0,23.687737366000874,2434.02734375,0.0
p0_anomaly_mvtec_v2|leather|dinov2_s|codebook_dist|1024|0,p0_anomaly_mvtec_v2,leather,dinov2_s,245,124,92,1024,20.056968901999426,2,codebook_dist,1024,0,2.8204375540008186,2434.02734375,,1.0,"{""color"": 1.0, ""cut"": 1.0, ""fold"": 1.0, ""glue"": 1.0, ""poke"": 1.0}",0.9914058924209949,0.9707483927743595,4.166457653045654,1.0,1.0,1.0,1.0,92.83443579300001,2434.02734375,0.0
p0_anomaly_mvtec_v2|leather|dinov2_s|codebook_dist|1024|1,p0_anomaly_mvtec_v2,leather,dinov2_s,245,124,92,1024,20.056968901999426,2,codebook_dist,1024,1,2.654424562000713,2434.02734375,,1.0,"{""color"": 1.0, ""cut"": 1.0, ""fold"": 1.0, ""glue"": 1.0, ""poke"": 1.0}",0.9915090387125778,0.9713781543172988,4.125084400177002,1.0,1.0,1.0,1.0,97.31214412000008,2434.02734375,0.0
p0_anomaly_mvtec_v2|leather|dinov2_s|codebook_dist|1024|2,p0_anomaly_mvtec_v2,leather,dinov2_s,245,124,92,1024,20.056968901999426,2,codebook_dist,1024,2,2.704171471999871,2434.02734375,,1.0,"{""color"": 1.0, ""cut"": 1.0, ""fold"": 1.0, ""glue"": 1.0, ""poke"": 1.0}",0.9917926143186446,0.9716493664270331,4.185439109802246,1.0,1.0,1.0,1.0,101.75121366899839,2434.02734375,0.0
p0_anomaly_mvtec_v2|metal_nut|dinov2_s|patch_knn|0|0,p0_anomaly_mvtec_v2,metal_nut,dinov2_s,220,115,93,1024,10.55649128999903,2,patch_knn,0,0,470.22268007500134,2434.02734375,225280.0,1.0,"{""bent"": 1.0, ""color"": 1.0, ""flip"": 1.0, ""scratch"": 1.0}",0.9837402959091068,0.9601118932145272,3.445648431777954,1.0,1.0,1.0,1.0,,,
p0_anomaly_mvtec_v2|metal_nut|dinov2_s|coreset_knn|64|0,p0_anomaly_mvtec_v2,metal_nut,dinov2_s,220,115,93,1024,10.55649128999903,2,coreset_knn,64,0,0.9612231089995475,2434.02734375,64.0,0.9853372434017595,"{""bent"": 1.0, ""color"": 0.9524793388429752, ""flip"": 1.0, ""scratch"": 0.9861660079051384}",0.919158951964689,0.8939175292937548,1.8531711101531982,0.9853372434017595,0.9872922776148583,0.9892473118279569,0.9863147605083089,107.97747915699983,2434.02734375,
p0_anomaly_mvtec_v2|metal_nut|dinov2_s|coreset_knn|256|0,p0_anomaly_mvtec_v2,metal_nut,dinov2_s,220,115,93,1024,10.55649128999903,2,coreset_knn,256,0,0.6004702080008428,2434.02734375,256.0,1.0,"{""bent"": 1.0, ""color"": 1.0, ""flip"": 1.0, ""scratch"": 1.0}",0.9665985573756326,0.9312133914731202,2.4906022548675537,1.0,1.0,1.0,0.9995112414467253,107.97747915699983,2434.02734375,
p0_anomaly_mvtec_v2|metal_nut|dinov2_s|coreset_knn|1024|0,p0_anomaly_mvtec_v2,metal_nut,dinov2_s,220,115,93,1024,10.55649128999903,2,coreset_knn,1024,0,1.7454024519993254,2434.02734375,1024.0,1.0,"{""bent"": 1.0, ""color"": 1.0, ""flip"": 1.0, ""scratch"": 1.0}",0.9819087850803824,0.9538640289952914,3.1591556072235107,1.0,1.0,1.0,1.0,107.97747915699983,2434.02734375,
p0_anomaly_mvtec_v2|metal_nut|dinov2_s|coreset_knn|64|1,p0_anomaly_mvtec_v2,metal_nut,dinov2_s,220,115,93,1024,10.55649128999903,2,coreset_knn,64,1,0.3058691540009022,2434.02734375,64.0,0.9789833822091887,"{""bent"": 0.9836363636363636, ""color"": 0.9504132231404958, ""flip"": 1.0, ""scratch"": 0.9802371541501976}",0.9573948491342621,0.8854995045794594,2.084965229034424,0.9789833822091887,0.9868035190615837,0.9863147605083089,0.9902248289345064,108.58593449100044,2434.02734375,
p0_anomaly_mvtec_v2|metal_nut|dinov2_s|coreset_knn|256|1,p0_anomaly_mvtec_v2,metal_nut,dinov2_s,220,115,93,1024,10.55649128999903,2,coreset_knn,256,1,0.8723938980001549,2434.02734375,256.0,1.0,"{""bent"": 1.0, ""color"": 1.0, ""flip"": 1.0, ""scratch"": 1.0}",0.965785160861621,0.9272010806272751,2.492759943008423,1.0,1.0,1.0,1.0,108.58593449100044,2434.02734375,
p0_anomaly_mvtec_v2|metal_nut|dinov2_s|coreset_knn|1024|1,p0_anomaly_mvtec_v2,metal_nut,dinov2_s,220,115,93,1024,10.55649128999903,2,coreset_knn,1024,1,1.8012688280014117,2434.02734375,1024.0,1.0,"{""bent"": 1.0, ""color"": 1.0, ""flip"": 1.0, ""scratch"": 1.0}",0.9797072160659137,0.9496070685977706,3.063527822494507,1.0,1.0,1.0,1.0,108.58593449100044,2434.02734375,
p0_anomaly_mvtec_v2|metal_nut|dinov2_s|coreset_knn|64|2,p0_anomaly_mvtec_v2,metal_nut,dinov2_s,220,115,93,1024,10.55649128999903,2,coreset_knn,64,2,0.3406137559995841,2434.02734375,64.0,0.9814271749755621,"{""bent"": 0.9618181818181818, ""color"": 0.9648760330578512, ""flip"": 1.0, ""scratch"": 1.0}",0.9597319490193775,0.8887635456817952,2.016681671142578,0.9814271749755621,0.9853372434017595,0.987781036168133,0.9887585532746823,109.28130129300007,2434.02734375,
p0_anomaly_mvtec_v2|metal_nut|dinov2_s|coreset_knn|256|2,p0_anomaly_mvtec_v2,metal_nut,dinov2_s,220,115,93,1024,10.55649128999903,2,coreset_knn,256,2,0.5759474770002271,2434.02734375,256.0,0.9921798631476051,"{""bent"": 0.9945454545454545, ""color"": 0.9731404958677686, ""flip"": 1.0, ""scratch"": 1.0}",0.9718693383283303,0.9310793240437006,2.6318535804748535,0.9921798631476051,0.9941348973607038,0.9975562072336266,0.9965786901270772,109.28130129300007,2434.02734375,
p0_anomaly_mvtec_v2|metal_nut|dinov2_s|coreset_knn|1024|2,p0_anomaly_mvtec_v2,metal_nut,dinov2_s,220,115,93,1024,10.55649128999903,2,coreset_knn,1024,2,2.840251821999118,2434.02734375,1024.0,1.0,"{""bent"": 1.0, ""color"": 1.0, ""flip"": 1.0, ""scratch"": 1.0}",0.9818387881762641,0.9532063809594823,3.214185953140259,1.0,1.0,1.0,1.0,109.28130129300007,2434.02734375,
p0_anomaly_mvtec_v2|metal_nut|dinov2_s|codebook_dist|64|0,p0_anomaly_mvtec_v2,metal_nut,dinov2_s,220,115,93,1024,10.55649128999903,2,codebook_dist,64,0,0.5084467950000544,2434.02734375,,0.8670576735092863,"{""bent"": 0.8345454545454545, ""color"": 0.884297520661157, ""flip"": 0.8438735177865613, ""scratch"": 0.9090909090909091}",0.9647678535791293,0.9347703165548118,2.463731288909912,0.8670576735092863,0.9594330400782014,0.9990224828934506,0.998533724340176,6.417834456999117,2434.02734375,0.0
p0_anomaly_mvtec_v2|metal_nut|dinov2_s|codebook_dist|64|1,p0_anomaly_mvtec_v2,metal_nut,dinov2_s,220,115,93,1024,10.55649128999903,2,codebook_dist,64,1,0.4714344380008697,2434.02734375,,0.863147605083089,"{""bent"": 0.8181818181818181, ""color"": 0.871900826446281, ""flip"": 0.8636363636363636, ""scratch"": 0.9031620553359683}",0.9670974660382774,0.9358471930676012,2.531344175338745,0.863147605083089,0.9589442815249267,0.9995112414467253,0.9980449657869013,7.016977694998786,2434.02734375,0.0
p0_anomaly_mvtec_v2|metal_nut|dinov2_s|codebook_dist|64|2,p0_anomaly_mvtec_v2,metal_nut,dinov2_s,220,115,93,1024,10.55649128999903,2,codebook_dist,64,2,0.4773812909988919,2434.02734375,,0.8582600195503421,"{""bent"": 0.8309090909090908, ""color"": 0.8760330578512396, ""flip"": 0.8359683794466404, ""scratch"": 0.8932806324110671}",0.9658226034198918,0.9346314881872186,2.5154898166656494,0.8582600195503421,0.9545454545454546,0.9990224828934506,0.9980449657869013,9.62019736000002,2434.02734375,0.0
p0_anomaly_mvtec_v2|metal_nut|dinov2_s|codebook_dist|256|0,p0_anomaly_mvtec_v2,metal_nut,dinov2_s,220,115,93,1024,10.55649128999903,2,codebook_dist,256,0,0.8882486469992728,2434.02734375,,0.9995112414467253,"{""bent"": 1.0, ""color"": 0.9979338842975207, ""flip"": 1.0, ""scratch"": 1.0}",0.9785119262252919,0.9504469103800661,2.9704272747039795,0.9995112414467253,1.0,1.0,0.9980449657869013,26.74297700399984,2434.02734375,0.0
p0_anomaly_mvtec_v2|metal_nut|dinov2_s|codebook_dist|256|1,p0_anomaly_mvtec_v2,metal_nut,dinov2_s,220,115,93,1024,10.55649128999903,2,codebook_dist,256,1,0.8900391110000783,2434.02734375,,0.9897360703812317,"{""bent"": 0.989090909090909, ""color"": 0.9772727272727273, ""flip"": 1.0, ""scratch"": 0.992094861660079}",0.9785852845129228,0.9500460943040151,2.99470853805542,0.9897360703812317,0.9960899315738025,0.9990224828934506,0.9980449657869013,27.33062193099977,2434.02734375,0.0
p0_anomaly_mvtec_v2|metal_nut|dinov2_s|codebook_dist|256|2,p0_anomaly_mvtec_v2,metal_nut,dinov2_s,220,115,93,1024,10.55649128999903,2,codebook_dist,256,2,0.8938360279989865,2434.02734375,,0.9960899315738025,"{""bent"": 1.0, ""color"": 0.9917355371900827, ""flip"": 1.0, ""scratch"": 0.992094861660079}",0.9786019128600515,0.9488940385050859,2.994046211242676,0.9960899315738025,0.9970674486803519,0.9990224828934506,0.9975562072336266,28.446530265999172,2434.02734375,0.0
p0_anomaly_mvtec_v2|metal_nut|dinov2_s|codebook_dist|1024|0,p0_anomaly_mvtec_v2,metal_nut,dinov2_s,220,115,93,1024,10.55649128999903,2,codebook_dist,1024,0,2.597406728998976,2434.02734375,,0.9990224828934506,"{""bent"": 1.0, ""color"": 0.9958677685950413, ""flip"": 1.0, ""scratch"": 1.0}",0.9821920936214347,0.9547496535540267,3.2357430458068848,0.9990224828934506,0.9990224828934506,1.0,0.9995112414467253,100.1576680420003,2434.02734375,0.0
p0_anomaly_mvtec_v2|metal_nut|dinov2_s|codebook_dist|1024|1,p0_anomaly_mvtec_v2,metal_nut,dinov2_s,220,115,93,1024,10.55649128999903,2,codebook_dist,1024,1,2.4615320049997536,2434.02734375,,1.0,"{""bent"": 1.0, ""color"": 1.0, ""flip"": 1.0, ""scratch"": 1.0}",0.982053648612923,0.9554475964241183,3.2457358837127686,1.0,1.0,1.0,0.9990224828934506,96.91101744099979,2434.02734375,0.0
p0_anomaly_mvtec_v2|metal_nut|dinov2_s|codebook_dist|1024|2,p0_anomaly_mvtec_v2,metal_nut,dinov2_s,220,115,93,1024,10.55649128999903,2,codebook_dist,1024,2,2.541866186000334,2434.02734375,,0.9990224828934506,"{""bent"": 1.0, ""color"": 0.9958677685950413, ""flip"": 1.0, ""scratch"": 1.0}",0.9818632953924857,0.9552516289630957,3.2180190086364746,0.9990224828934506,0.9990224828934506,1.0,0.9990224828934506,95.28391593500055,2434.02734375,0.0
p0_anomaly_mvtec_v2|pill|dinov2_s|patch_knn|0|0,p0_anomaly_mvtec_v2,pill,dinov2_s,267,167,141,1024,17.555453615999795,2,patch_knn,0,0,830.0987090090002,2434.02734375,273408.0,0.9899072558647026,"{""color"": 0.9815384615384615, ""combined"": 1.0, ""contamination"": 0.9945054945054945, ""crack"": 0.9748520710059172, ""faulty_imprint"": 0.9919028340080972, ""pill_type"": 1.0, ""scratch"": 0.9983974358974359}",0.9828595683036256,0.975452639340411,4.981964588165283,0.9899072558647026,0.9923622476813967,0.9959083469721768,0.9934533551554828,,,
p0_anomaly_mvtec_v2|pill|dinov2_s|coreset_knn|64|0,p0_anomaly_mvtec_v2,pill,dinov2_s,267,167,141,1024,17.555453615999795,2,coreset_knn,64,0,1.3920412169991323,2434.02734375,64.0,0.894708128750682,"{""color"": 0.8492307692307692, ""combined"": 0.9796380090497738, ""contamination"": 0.9743589743589743, ""crack"": 0.8032544378698225, ""faulty_imprint"": 0.9008097165991902, ""pill_type"": 1.0, ""scratch"": 0.8669871794871795}",0.8787921579985482,0.8379298213595758,2.024070978164673,0.894708128750682,0.90316421167485,0.9124386252045827,0.9053464266230223,132.52184051100085,2434.02734375,
p0_anomaly_mvtec_v2|pill|dinov2_s|coreset_knn|256|0,p0_anomaly_mvtec_v2,pill,dinov2_s,267,167,141,1024,17.555453615999795,2,coreset_knn,256,0,0.9053498270004638,2434.02734375,256.0,0.9601745771958538,"{""color"": 0.9246153846153846, ""combined"": 0.997737556561086, ""contamination"": 0.9945054945054945, ""crack"": 0.900887573964497, ""faulty_imprint"": 0.9736842105263158, ""pill_type"": 1.0, ""scratch"": 0.9791666666666667}",0.9495544429225037,0.9370017107666183,3.3912577629089355,0.9601745771958538,0.9650845608292415,0.9680851063829787,0.9560829241680305,132.52184051100085,2434.02734375,
p0_anomaly_mvtec_v2|pill|dinov2_s|coreset_knn|1024|0,p0_anomaly_mvtec_v2,pill,dinov2_s,267,167,141,1024,17.555453615999795,2,coreset_knn,1024,0,5.235186676998637,2434.02734375,1024.0,0.9918166939443536,"{""color"": 1.0, ""combined"": 1.0, ""contamination"": 1.0, ""crack"": 0.9585798816568047, ""faulty_imprint"": 0.9979757085020243, ""pill_type"": 1.0, ""scratch"": 0.9983974358974359}",0.973479900836572,0.9587977606729425,4.377768039703369,0.9918166939443536,0.991543917075832,0.9899072558647026,0.9907255864702673,132.52184051100085,2434.02734375,
p0_anomaly_mvtec_v2|pill|dinov2_s|coreset_knn|64|1,p0_anomaly_mvtec_v2,pill,dinov2_s,267,167,141,1024,17.555453615999795,2,coreset_knn,64,1,1.0770696279996628,2434.02734375,64.0,0.9252591380250954,"{""color"": 0.8969230769230769, ""combined"": 1.0, ""contamination"": 0.9926739926739927, ""crack"": 0.8727810650887574, ""faulty_imprint"": 0.825910931174089, ""pill_type"": 1.0, ""scratch"": 0.9503205128205129}",0.8895284341950273,0.8650921201393496,2.153522491455078,0.9252591380250954,0.9519912711402075,0.9675395526459356,0.9683578832515003,137.54962777299988,2434.02734375,
p0_anomaly_mvtec_v2|pill|dinov2_s|coreset_knn|256|1,p0_anomaly_mvtec_v2,pill,dinov2_s,267,167,141,1024,17.555453615999795,2,coreset_knn,256,1,0.9089898470010667,2434.02734375,256.0,0.9743589743589743,"{""color"": 0.9723076923076923, ""combined"": 1.0, ""contamination"": 0.9853479853479854, ""crack"": 0.9437869822485208, ""faulty_imprint"": 0.9777327935222673, ""pill_type"": 1.0, ""scratch"": 0.969551282051282}",0.9505395017786228,0.9453423128137532,3.366560459136963,0.9743589743589743,0.9735406437534097,0.9708128750681942,0.9612656846699399,137.54962777299988,2434.02734375,
p0_anomaly_mvtec_v2|pill|dinov2_s|coreset_knn|1024|1,p0_anomaly_mvtec_v2,pill,dinov2_s,267,167,141,1024,17.555453615999795,2,coreset_knn,1024,1,3.5676439850012684,2434.02734375,1024.0,0.993998908892526,"{""color"": 0.9923076923076923, ""combined"": 1.0, ""contamination"": 1.0, ""crack"": 0.9748520710059172, ""faulty_imprint"": 1.0, ""pill_type"": 1.0, ""scratch"": 1.0}",0.9727703562736065,0.9649014292456887,4.3112921714782715,0.993998908892526,0.9961811238406983,0.9961811238406983,0.9907255864702673,137.54962777299988,2434.02734375,
p0_anomaly_mvtec_v2|pill|dinov2_s|coreset_knn|64|2,p0_anomaly_mvtec_v2,pill,dinov2_s,267,167,141,1024,17.555453615999795,2,coreset_knn,64,2,1.227973949000443,2434.02734375,64.0,0.8496999454446263,"{""color"": 0.803076923076923, ""combined"": 0.9751131221719458, ""contamination"": 0.9468864468864469, ""crack"": 0.7292899408284024, ""faulty_imprint"": 0.7834008097165992, ""pill_type"": 1.0, ""scratch"": 0.8509615384615384}",0.8758611922528483,0.8361653192881535,2.1290993690490723,0.8496999454446263,0.873431533006001,0.9004364429896344,0.8957992362247682,131.73996573100158,2434.02734375,
p0_anomaly_mvtec_v2|pill|dinov2_s|coreset_knn|256|2,p0_anomaly_mvtec_v2,pill,dinov2_s,267,167,141,1024,17.555453615999795,2,coreset_knn,256,2,0.8392076629988878,2434.02734375,256.0,0.9549918166939443,"{""color"": 0.94, ""combined"": 0.9932126696832579, ""contamination"": 0.9963369963369964, ""crack"": 0.9245562130177515, ""faulty_imprint"": 0.9251012145748988, ""pill_type"": 1.0, ""scratch"": 0.9471153846153846}",0.9370761418085524,0.9271017754156252,3.3906428813934326,0.9549918166939443,0.9607201309328968,0.9590834697217675,0.953355155482815,131.73996573100158,2434.02734375,
p0_anomaly_mvtec_v2|pill|dinov2_s|coreset_knn|1024|2,p0_anomaly_mvtec_v2,pill,dinov2_s,267,167,141,1024,17.555453615999795,2,coreset_knn,1024,2,4.41983092099872,2434.02734375,1024.0,0.9909983633387889,"{""color"": 0.9907692307692308, ""combined"": 1.0, ""contamination"": 1.0, ""crack"": 0.9659763313609468, ""faulty_imprint"": 0.9959514170040487, ""pill_type"": 1.0, ""scratch"": 0.9967948717948718}",0.9672993059824196,0.9589469415797566,4.507355213165283,0.9909983633387889,0.9923622476813966,0.9934533551554827,0.9907255864702673,131.73996573100158,2434.02734375,
p0_anomaly_mvtec_v2|pill|dinov2_s|codebook_dist|64|0,p0_anomaly_mvtec_v2,pill,dinov2_s,267,167,141,1024,17.555453615999795,2,codebook_dist,64,0,0.7113895759994193,2434.02734375,,0.8949809056192035,"{""color"": 0.6892307692307692, ""combined"": 0.9728506787330318, ""contamination"": 0.9615384615384615, ""crack"": 0.9245562130177515, ""faulty_imprint"": 0.8987854251012146, ""pill_type"": 0.9658119658119658, ""scratch"": 0.9342948717948718}",0.961990062534393,0.961990970506782,4.117566108703613,0.8949809056192035,0.9058919803600655,0.9118930714675396,0.9132569558101472,8.773978278999493,2434.02734375,0.0
p0_anomaly_mvtec_v2|pill|dinov2_s|codebook_dist|64|1,p0_anomaly_mvtec_v2,pill,dinov2_s,267,167,141,1024,17.555453615999795,2,codebook_dist,64,1,0.6978482479989907,2434.02734375,,0.8854337152209492,"{""color"": 0.6553846153846155, ""combined"": 0.9728506787330318, ""contamination"": 0.9597069597069596, ""crack"": 0.9053254437869822, ""faulty_imprint"": 0.9068825910931174, ""pill_type"": 0.9615384615384615, ""scratch"": 0.9310897435897436}",0.9655108999322327,0.9632079305936214,4.107445240020752,0.8854337152209492,0.9004364429896345,0.9102564102564102,0.9159847244953627,8.743892471999061,2434.02734375,0.0
p0_anomaly_mvtec_v2|pill|dinov2_s|codebook_dist|64|2,p0_anomaly_mvtec_v2,pill,dinov2_s,267,167,141,1024,17.555453615999795,2,codebook_dist,64,2,0.7115381490002619,2434.02734375,,0.8750681942171304,"{""color"": 0.6846153846153846, ""combined"": 0.9819004524886878, ""contamination"": 0.9578754578754578, ""crack"": 0.9171597633136095, ""faulty_imprint"": 0.8643724696356274, ""pill_type"": 0.8846153846153846, ""scratch"": 0.8846153846153846}",0.9626635286228874,0.961520394060002,4.10747766494751,0.8750681942171304,0.8889798145117294,0.9037097654118931,0.9154391707583196,8.79929473699849,2434.02734375,0.0
p0_anomaly_mvtec_v2|pill|dinov2_s|codebook_dist|256|0,p0_anomaly_mvtec_v2,pill,dinov2_s,267,167,141,1024,17.555453615999795,2,codebook_dist,256,0,1.3226488149994111,2434.02734375,,0.8638843426077469,"{""color"": 0.7676923076923077, ""combined"": 0.9298642533936652, ""contamination"": 0.9633699633699634, ""crack"": 0.7662721893491125, ""faulty_imprint"": 0.8360323886639676, ""pill_type"": 1.0, ""scratch"": 0.907051282051282}",0.9733903338510467,0.9710786291484743,4.549106121063232,0.8638843426077469,0.92607746863066,0.9495362793235134,0.9631751227495908,25.972441629999594,2434.02734375,0.0
p0_anomaly_mvtec_v2|pill|dinov2_s|codebook_dist|256|1,p0_anomaly_mvtec_v2,pill,dinov2_s,267,167,141,1024,17.555453615999795,2,codebook_dist,256,1,1.2679649840010825,2434.02734375,,0.9124386252045826,"{""color"": 0.8338461538461539, ""combined"": 0.9705882352941176, ""contamination"": 0.978021978021978, ""crack"": 0.9068047337278107, ""faulty_imprint"": 0.8663967611336032, ""pill_type"": 0.9914529914529915, ""scratch"": 0.908653846153846}",0.9721317262674584,0.9705599925690386,4.526027679443359,0.9124386252045826,0.9285324604473542,0.9539007092198581,0.963720676486634,26.532543184999668,2434.02734375,0.0
p0_anomaly_mvtec_v2|pill|dinov2_s|codebook_dist|256|2,p0_anomaly_mvtec_v2,pill,dinov2_s,267,167,141,1024,17.555453615999795,2,codebook_dist,256,2,1.3255811869985337,2434.02734375,,0.9135297326786689,"{""color"": 0.8507692307692307, ""combined"": 0.9683257918552036, ""contamination"": 0.9816849816849816, ""crack"": 0.878698224852071, ""faulty_imprint"": 0.8866396761133603, ""pill_type"": 0.9871794871794872, ""scratch"": 0.9118589743589743}",0.9731928084189468,0.9711345237545631,4.598042011260986,0.9135297326786689,0.9424440807419531,0.9582651391162029,0.9615384615384616,24.943831582000712,2434.02734375,0.0
p0_anomaly_mvtec_v2|pill|dinov2_s|codebook_dist|1024|0,p0_anomaly_mvtec_v2,pill,dinov2_s,267,167,141,1024,17.555453615999795,2,codebook_dist,1024,0,3.771791470999233,2444.078125,,0.9148936170212766,"{""color"": 0.9, ""combined"": 0.9479638009049773, ""contamination"": 0.9725274725274725, ""crack"": 0.8624260355029585, ""faulty_imprint"": 0.8906882591093117, ""pill_type"": 0.9786324786324787, ""scratch"": 0.9086538461538461}",0.9787892001855955,0.9738249141812105,4.766178131103516,0.9148936170212766,0.9435351882160393,0.9680851063829787,0.97708674304419,92.52999913399981,2434.02734375,0.0
p0_anomaly_mvtec_v2|pill|dinov2_s|codebook_dist|1024|1,p0_anomaly_mvtec_v2,pill,dinov2_s,267,167,141,1024,17.555453615999795,2,codebook_dist,1024,1,4.529123966000043,2444.09765625,,0.9219858156028369,"{""color"": 0.8892307692307692, ""combined"": 0.9615384615384615, ""contamination"": 0.9706959706959708, ""crack"": 0.863905325443787, ""faulty_imprint"": 0.9129554655870445, ""pill_type"": 0.9786324786324787, ""scratch"": 0.9342948717948718}",0.978635395031446,0.9734457033309445,4.813121318817139,0.9219858156028369,0.9446262956901255,0.972176759410802,0.9749045280960175,100.38732394200088,2444.078125,0.0
p0_anomaly_mvtec_v2|pill|dinov2_s|codebook_dist|1024|2,p0_anomaly_mvtec_v2,pill,dinov2_s,267,167,141,1024,17.555453615999795,2,codebook_dist,1024,2,3.5462316700013616,2444.10546875,,0.9358974358974359,"{""color"": 0.9061538461538461, ""combined"": 0.9773755656108598, ""contamination"": 0.9706959706959708, ""crack"": 0.8698224852071006, ""faulty_imprint"": 0.937246963562753, ""pill_type"": 0.9914529914529915, ""scratch"": 0.9567307692307692}",0.9783459302870965,0.9732528808024481,4.806003570556641,0.9358974358974359,0.952809601745772,0.9773595199127114,0.98063284233497,91.63123314800032,2444.09765625,0.0
p0_anomaly_mvtec_v2|screw|dinov2_s|patch_knn|0|0,p0_anomaly_mvtec_v2,screw,dinov2_s,320,160,119,1024,17.0737839049998,2,patch_knn,0,0,943.162446878001,2444.10546875,327680.0,0.9145316663250667,"{""manipulated_front"": 0.8353658536585367, ""scratch_head"": 0.9522357723577236, ""scratch_neck"": 0.9570731707317074, ""thread_side"": 0.870625662778367, ""thread_top"": 0.9554612937433722}",0.9821538257075402,0.8941773521496437,5.549706935882568,0.9145316663250667,0.9448657511785201,0.938716950194712,0.9028489444558312,,,
p0_anomaly_mvtec_v2|screw|dinov2_s|coreset_knn|64|0,p0_anomaly_mvtec_v2,screw,dinov2_s,320,160,119,1024,17.0737839049998,2,coreset_knn,64,0,0.45375333599986334,2444.10546875,64.0,0.6400901824144292,"{""manipulated_front"": 0.5172764227642277, ""scratch_head"": 0.6626016260162602, ""scratch_neck"": 0.6634146341463415, ""thread_side"": 0.6489925768822906, ""thread_top"": 0.7104984093319194}",0.75757379603039,0.46722870103800324,0.9973782896995544,0.6400901824144292,0.6581266653002664,0.6226685796269726,0.6021725763476122,156.50265728500017,2444.10546875,
p0_anomaly_mvtec_v2|screw|dinov2_s|coreset_knn|256|0,p0_anomaly_mvtec_v2,screw,dinov2_s,320,160,119,1024,17.0737839049998,2,coreset_knn,256,0,0.8150053749996005,2444.10546875,256.0,0.8141012502562001,"{""manipulated_front"": 0.7184959349593496, ""scratch_head"": 0.9034552845528456, ""scratch_neck"": 0.8868292682926829, ""thread_side"": 0.7189819724284199, ""thread_top"": 0.8366914103923648}",0.8854432517343643,0.7035138020867421,2.097729444503784,0.8141012502562001,0.8352121336339414,0.8190202910432465,0.7591719614675139,156.50265728500017,2444.10546875,
p0_anomaly_mvtec_v2|screw|dinov2_s|coreset_knn|1024|0,p0_anomaly_mvtec_v2,screw,dinov2_s,320,160,119,1024,17.0737839049998,2,coreset_knn,1024,0,4.571126336000816,2444.10546875,1024.0,0.8667759786841567,"{""manipulated_front"": 0.8363821138211381, ""scratch_head"": 0.899390243902439, ""scratch_neck"": 0.9385365853658537, ""thread_side"": 0.7168610816542949, ""thread_top"": 0.9363732767762459}",0.9454418527858907,0.7968998424828537,3.409285545349121,0.8667759786841567,0.8874769419963108,0.8833777413404387,0.8557081369133019,156.50265728500017,2444.10546875,
p0_anomaly_mvtec_v2|screw|dinov2_s|coreset_knn|64|1,p0_anomaly_mvtec_v2,screw,dinov2_s,320,160,119,1024,17.0737839049998,2,coreset_knn,64,1,0.45981865499925334,2444.10546875,64.0,0.6243082598893217,"{""manipulated_front"": 0.684959349593496, ""scratch_head"": 0.5558943089430894, ""scratch_neck"": 0.6302439024390244, ""thread_side"": 0.5514316012725344, ""thread_top"": 0.6988335100742312}",0.8037801336876984,0.5010718825847933,1.1916722059249878,0.6243082598893217,0.6138552982168477,0.5829063332650133,0.5308464849354375,155.24009963699973,2444.10546875,
p0_anomaly_mvtec_v2|screw|dinov2_s|coreset_knn|256|1,p0_anomaly_mvtec_v2,screw,dinov2_s,320,160,119,1024,17.0737839049998,2,coreset_knn,256,1,1.9608270160006214,2444.10546875,256.0,0.8555031768805083,"{""manipulated_front"": 0.709349593495935, ""scratch_head"": 0.8790650406504065, ""scratch_neck"": 0.9239024390243903, ""thread_side"": 0.8494167550371156, ""thread_top"": 0.9151643690349947}",0.9074247048735203,0.6981561416932697,2.0875020027160645,0.8555031768805083,0.8634966181594589,0.8345972535355607,0.7800778848124615,155.24009963699973,2444.10546875,
p0_anomaly_mvtec_v2|screw|dinov2_s|coreset_knn|1024|1,p0_anomaly_mvtec_v2,screw,dinov2_s,320,160,119,1024,17.0737839049998,2,coreset_knn,1024,1,2.4494681190008123,2444.10546875,1024.0,0.8680057388809181,"{""manipulated_front"": 0.8180894308943089, ""scratch_head"": 0.9237804878048781, ""scratch_neck"": 0.926829268292683, ""thread_side"": 0.7433722163308589, ""thread_top"": 0.9225874867444327}",0.9419691507063229,0.7794949655078846,3.081636667251587,0.8680057388809181,0.8864521418323427,0.8610370977659357,0.8278335724533715,155.24009963699973,2444.10546875,
p0_anomaly_mvtec_v2|screw|dinov2_s|coreset_knn|64|2,p0_anomaly_mvtec_v2,screw,dinov2_s,320,160,119,1024,17.0737839049998,2,coreset_knn,64,2,0.6663424210000812,2444.10546875,64.0,0.585160893625743,"{""manipulated_front"": 0.5762195121951219, ""scratch_head"": 0.49288617886178865, ""scratch_neck"": 0.5756097560975609, ""thread_side"": 0.6320254506892895, ""thread_top"": 0.6542948038176034}",0.8412824110210261,0.591637322078713,1.297756552696228,0.585160893625743,0.617339618774339,0.6132404181184669,0.5890551342488215,156.93765118099873,2444.10546875,
p0_anomaly_mvtec_v2|screw|dinov2_s|coreset_knn|256|2,p0_anomaly_mvtec_v2,screw,dinov2_s,320,160,119,1024,17.0737839049998,2,coreset_knn,256,2,0.8099203049987409,2444.10546875,256.0,0.8081574093051854,"{""manipulated_front"": 0.6747967479674797, ""scratch_head"": 0.8252032520325203, ""scratch_neck"": 0.9512195121951219, ""thread_side"": 0.6765641569459173, ""thread_top"": 0.9056203605514316}",0.9169831079056815,0.7356616659474564,2.1708459854125977,0.8081574093051854,0.8153310104529617,0.8024185283869646,0.7476941996310721,156.93765118099873,2444.10546875,
p0_anomaly_mvtec_v2|screw|dinov2_s|coreset_knn|1024|2,p0_anomaly_mvtec_v2,screw,dinov2_s,320,160,119,1024,17.0737839049998,2,coreset_knn,1024,2,4.698548435000703,2444.10546875,1024.0,0.9018241442918631,"{""manipulated_front"": 0.8851626016260163, ""scratch_head"": 0.9471544715447153, ""scratch_neck"": 0.9434146341463415, ""thread_side"": 0.7974549310710498, ""thread_top"": 0.9310710498409333}",0.9450760486538642,0.8207852653374406,3.259467840194702,0.9018241442918631,0.9202705472432875,0.9110473457675753,0.8649313383890141,156.93765118099873,2444.10546875,
p0_anomaly_mvtec_v2|screw|dinov2_s|codebook_dist|64|0,p0_anomaly_mvtec_v2,screw,dinov2_s,320,160,119,1024,17.0737839049998,2,codebook_dist,64,0,0.9759593310009222,2444.10546875,,0.8091822094691534,"{""manipulated_front"": 0.6991869918699186, ""scratch_head"": 0.8119918699186992, ""scratch_neck"": 0.911219512195122, ""thread_side"": 0.7953340402969247, ""thread_top"": 0.823966065747614}",0.9477500974983724,0.8296314846430358,3.268979549407959,0.8091822094691534,0.8239393318302931,0.797499487599918,0.74871899979504,6.391705316998923,2444.10546875,0.0
p0_anomaly_mvtec_v2|screw|dinov2_s|codebook_dist|64|1,p0_anomaly_mvtec_v2,screw,dinov2_s,320,160,119,1024,17.0737839049998,2,codebook_dist,64,1,0.9539603800003533,2444.10546875,,0.7778233244517319,"{""manipulated_front"": 0.646341463414634, ""scratch_head"": 0.7103658536585364, ""scratch_neck"": 0.8985365853658537, ""thread_side"": 0.7985153764581124, ""thread_top"": 0.8335100742311771}",0.9526223554855069,0.8338321704978565,3.2233664989471436,0.7778233244517319,0.7936052469768395,0.7821274851403976,0.7294527567124411,6.390017877998616,2444.10546875,0.0
p0_anomaly_mvtec_v2|screw|dinov2_s|codebook_dist|64|2,p0_anomaly_mvtec_v2,screw,dinov2_s,320,160,119,1024,17.0737839049998,2,codebook_dist,64,2,0.6820190480011661,2444.10546875,,0.8134863701578192,"{""manipulated_front"": 0.7002032520325203, ""scratch_head"": 0.785569105691057, ""scratch_neck"": 0.9063414634146342, ""thread_side"": 0.814422057264051, ""thread_top"": 0.8589607635206786}",0.9562030689211483,0.8408987694884673,3.3502399921417236,0.8134863701578192,0.8270137323221971,0.7952449272391884,0.7370362779258045,5.634555419999742,2444.10546875,0.0
p0_anomaly_mvtec_v2|screw|dinov2_s|codebook_dist|256|0,p0_anomaly_mvtec_v2,screw,dinov2_s,320,160,119,1024,17.0737839049998,2,codebook_dist,256,0,1.4783342019982229,2444.10546875,,0.8106169296987087,"{""manipulated_front"": 0.7439024390243902, ""scratch_head"": 0.7611788617886179, ""scratch_neck"": 0.904390243902439, ""thread_side"": 0.7910922587486744, ""thread_top"": 0.8494167550371156}",0.9619173678331719,0.8540953580649913,3.847442626953125,0.8106169296987087,0.8370567739290838,0.8325476532076245,0.7804878048780487,23.94547235800019,2444.10546875,0.0
p0_anomaly_mvtec_v2|screw|dinov2_s|codebook_dist|256|1,p0_anomaly_mvtec_v2,screw,dinov2_s,320,160,119,1024,17.0737839049998,2,codebook_dist,256,1,1.8437199820000387,2444.10546875,,0.7991391678622668,"{""manipulated_front"": 0.7164634146341463, ""scratch_head"": 0.7703252032520325, ""scratch_neck"": 0.911219512195122, ""thread_side"": 0.7688229056203605, ""thread_top"": 0.823966065747614}",0.9607451705983775,0.8481572040065851,3.828406572341919,0.7991391678622668,0.8335724533715925,0.8302930928468949,0.7802828448452553,25.59341049900104,2444.10546875,0.0
p0_anomaly_mvtec_v2|screw|dinov2_s|codebook_dist|256|2,p0_anomaly_mvtec_v2,screw,dinov2_s,320,160,119,1024,17.0737839049998,2,codebook_dist,256,2,1.4734988270010945,2444.10546875,,0.84423037507686,"{""manipulated_front"": 0.7621951219512196, ""scratch_head"": 0.8384146341463415, ""scratch_neck"": 0.9248780487804877, ""thread_side"": 0.8165429480381761, ""thread_top"": 0.8759278897136797}",0.9604973304198661,0.8550672753372829,4.006740093231201,0.84423037507686,0.865546218487395,0.8712850994056159,0.8056978889116623,23.657981921998726,2444.10546875,0.0
p0_anomaly_mvtec_v2|screw|dinov2_s|codebook_dist|1024|0,p0_anomaly_mvtec_v2,screw,dinov2_s,320,160,119,1024,17.0737839049998,2,codebook_dist,1024,0,4.000949979001234,2556.10546875,,0.8911662225865956,"{""manipulated_front"": 0.8211382113821138, ""scratch_head"": 0.8943089430894309, ""scratch_neck"": 0.9551219512195122, ""thread_side"": 0.8515376458112407, ""thread_top"": 0.9310710498409331}",0.9695338507736924,0.8800165384040617,4.657108783721924,0.8911662225865956,0.9225251076040172,0.9112523058003689,0.838491494158639,91.94394624300003,2444.10546875,0.0
p0_anomaly_mvtec_v2|screw|dinov2_s|codebook_dist|1024|1,p0_anomaly_mvtec_v2,screw,dinov2_s,320,160,119,1024,17.0737839049998,2,codebook_dist,1024,1,4.934372223000537,2556.125,,0.8969051035048166,"{""manipulated_front"": 0.8475609756097562, ""scratch_head"": 0.8973577235772358, ""scratch_neck"": 0.9385365853658537, ""thread_side"": 0.8525980911983033, ""thread_top"": 0.9469777306468717}",0.9707720391515757,0.8752393184154347,4.460263729095459,0.8969051035048166,0.9383070301291249,0.9178110268497642,0.8366468538634966,98.0977175120006,2556.10546875,0.0
p0_anomaly_mvtec_v2|screw|dinov2_s|codebook_dist|1024|2,p0_anomaly_mvtec_v2,screw,dinov2_s,320,160,119,1024,17.0737839049998,2,codebook_dist,1024,2,4.208511099999669,2556.125,,0.9051035048165608,"{""manipulated_front"": 0.850609756097561, ""scratch_head"": 0.910569105691057, ""scratch_neck"": 0.9560975609756097, ""thread_side"": 0.8356309650053022, ""thread_top"": 0.970307529162248}",0.972362684415826,0.8782594774892366,4.479092121124268,0.9051035048165608,0.9340028694404592,0.9268292682926829,0.858782537405206,93.80025106299945,2556.125,0.0
p0_anomaly_mvtec_v2|tile|dinov2_s|patch_knn|0|0,p0_anomaly_mvtec_v2,tile,dinov2_s,230,117,84,1024,15.497438329000943,2,patch_knn,0,0,494.9118127130005,2556.125,235520.0,1.0,"{""crack"": 1.0, ""glue_strip"": 1.0, ""gray_stroke"": 1.0, ""oil"": 1.0, ""rough"": 1.0}",0.9546156325477653,0.8687407876788826,2.807340621948242,1.0,1.0,1.0,1.0,,,
p0_anomaly_mvtec_v2|tile|dinov2_s|coreset_knn|64|0,p0_anomaly_mvtec_v2,tile,dinov2_s,230,117,84,1024,15.497438329000943,2,coreset_knn,64,0,0.30907906699940213,2556.125,64.0,0.998917748917749,"{""crack"": 1.0, ""glue_strip"": 1.0, ""gray_stroke"": 0.9981060606060607, ""oil"": 1.0, ""rough"": 0.995959595959596}",0.9377690070841832,0.7978148673044544,2.6287379264831543,0.998917748917749,1.0,1.0,1.0,117.91117917199881,2556.125,
p0_anomaly_mvtec_v2|tile|dinov2_s|coreset_knn|256|0,p0_anomaly_mvtec_v2,tile,dinov2_s,230,117,84,1024,15.497438329000943,2,coreset_knn,256,0,0.5837013649997971,2556.125,256.0,0.9992784992784993,"{""crack"": 1.0, ""glue_strip"": 1.0, ""gray_stroke"": 1.0, ""oil"": 1.0, ""rough"": 0.995959595959596}",0.9465292237118331,0.8328820094874969,2.8138086795806885,0.9992784992784993,1.0,1.0,1.0,117.91117917199881,2556.125,
p0_anomaly_mvtec_v2|tile|dinov2_s|coreset_knn|1024|0,p0_anomaly_mvtec_v2,tile,dinov2_s,230,117,84,1024,15.497438329000943,2,coreset_knn,1024,0,2.83848392300024,2556.125,1024.0,1.0,"{""crack"": 1.0, ""glue_strip"": 1.0, ""gray_stroke"": 1.0, ""oil"": 1.0, ""rough"": 1.0}",0.9487587279467051,0.8401486972459771,2.855855941772461,1.0,1.0,1.0,1.0,117.91117917199881,2556.125,
p0_anomaly_mvtec_v2|tile|dinov2_s|coreset_knn|64|1,p0_anomaly_mvtec_v2,tile,dinov2_s,230,117,84,1024,15.497438329000943,2,coreset_knn,64,1,0.3222047630006273,2556.125,64.0,0.9992784992784993,"{""crack"": 1.0, ""glue_strip"": 1.0, ""gray_stroke"": 1.0, ""oil"": 1.0, ""rough"": 0.9959595959595959}",0.9411380426367206,0.8277110663063412,2.6725406646728516,0.9992784992784993,1.0,1.0,1.0,113.35117924799852,2556.125,
p0_anomaly_mvtec_v2|tile|dinov2_s|coreset_knn|256|1,p0_anomaly_mvtec_v2,tile,dinov2_s,230,117,84,1024,15.497438329000943,2,coreset_knn,256,1,0.5969368660007603,2556.125,256.0,0.9992784992784993,"{""crack"": 1.0, ""glue_strip"": 1.0, ""gray_stroke"": 1.0, ""oil"": 1.0, ""rough"": 0.9959595959595959}",0.9413395532023426,0.8174077571136722,2.760413885116577,0.9992784992784993,1.0,1.0,1.0,113.35117924799852,2556.125,
p0_anomaly_mvtec_v2|tile|dinov2_s|coreset_knn|1024|1,p0_anomaly_mvtec_v2,tile,dinov2_s,230,117,84,1024,15.497438329000943,2,coreset_knn,1024,1,3.677066460999413,2556.125,1024.0,1.0,"{""crack"": 1.0, ""glue_strip"": 1.0, ""gray_stroke"": 1.0, ""oil"": 1.0, ""rough"": 1.0}",0.9452344516069495,0.8308842266733868,2.820477247238159,1.0,1.0,1.0,1.0,113.35117924799852,2556.125,
p0_anomaly_mvtec_v2|tile|dinov2_s|coreset_knn|64|2,p0_anomaly_mvtec_v2,tile,dinov2_s,230,117,84,1024,15.497438329000943,2,coreset_knn,64,2,0.35606838899911963,2556.125,64.0,1.0,"{""crack"": 1.0, ""glue_strip"": 1.0, ""gray_stroke"": 1.0, ""oil"": 1.0, ""rough"": 1.0}",0.9323920083729764,0.8207706968299959,2.532735586166382,1.0,1.0,1.0,1.0,114.77832791700166,2556.125,
p0_anomaly_mvtec_v2|tile|dinov2_s|coreset_knn|256|2,p0_anomaly_mvtec_v2,tile,dinov2_s,230,117,84,1024,15.497438329000943,2,coreset_knn,256,2,0.6126097359992855,2556.125,256.0,1.0,"{""crack"": 1.0, ""glue_strip"": 1.0, ""gray_stroke"": 1.0, ""oil"": 1.0, ""rough"": 1.0}",0.9468308837872309,0.8398703245352548,2.7612836360931396,1.0,1.0,1.0,1.0,114.77832791700166,2556.125,
p0_anomaly_mvtec_v2|tile|dinov2_s|coreset_knn|1024|2,p0_anomaly_mvtec_v2,tile,dinov2_s,230,117,84,1024,15.497438329000943,2,coreset_knn,1024,2,2.185407460998249,2556.125,1024.0,1.0,"{""crack"": 1.0, ""glue_strip"": 1.0, ""gray_stroke"": 1.0, ""oil"": 1.0, ""rough"": 1.0}",0.9462533334658881,0.8356765229484902,2.7933473587036133,1.0,1.0,1.0,1.0,114.77832791700166,2556.125,
p0_anomaly_mvtec_v2|tile|dinov2_s|codebook_dist|64|0,p0_anomaly_mvtec_v2,tile,dinov2_s,230,117,84,1024,15.497438329000943,2,codebook_dist,64,0,0.6764796880015638,2556.125,,0.994949494949495,"{""crack"": 1.0, ""glue_strip"": 1.0, ""gray_stroke"": 0.9772727272727273, ""oil"": 1.0, ""rough"": 0.9959595959595959}",0.955010437325754,0.8860978166685951,2.752174139022827,0.994949494949495,0.9985569985569985,1.0,1.0,6.509761602999788,2556.125,0.0
p0_anomaly_mvtec_v2|tile|dinov2_s|codebook_dist|64|1,p0_anomaly_mvtec_v2,tile,dinov2_s,230,117,84,1024,15.497438329000943,2,codebook_dist,64,1,0.48533611799939536,2556.125,,0.9942279942279942,"{""crack"": 1.0, ""glue_strip"": 1.0, ""gray_stroke"": 0.9734848484848485, ""oil"": 1.0, ""rough"": 0.9959595959595959}",0.9549442959709009,0.8862337751538198,2.746166467666626,0.9942279942279942,1.0,1.0,1.0,6.1487880460008455,2556.125,0.0
p0_anomaly_mvtec_v2|tile|dinov2_s|codebook_dist|64|2,p0_anomaly_mvtec_v2,tile,dinov2_s,230,117,84,1024,15.497438329000943,2,codebook_dist,64,2,0.48476821400254266,2556.125,,0.9945887445887447,"{""crack"": 1.0, ""glue_strip"": 1.0, ""gray_stroke"": 0.975378787878788, ""oil"": 1.0, ""rough"": 0.9959595959595959}",0.9547498304451141,0.886980054792641,2.7420859336853027,0.9945887445887447,1.0,1.0,1.0,7.287707880001108,2556.125,0.0
p0_anomaly_mvtec_v2|tile|dinov2_s|codebook_dist|256|0,p0_anomaly_mvtec_v2,tile,dinov2_s,230,117,84,1024,15.497438329000943,2,codebook_dist,256,0,0.8964582789994893,2556.125,,0.9978354978354979,"{""crack"": 1.0, ""glue_strip"": 1.0, ""gray_stroke"": 0.9905303030303031, ""oil"": 1.0, ""rough"": 0.997979797979798}",0.9559146491928645,0.8880202168980516,2.78021502494812,0.9978354978354979,1.0,1.0,1.0,27.00000735299909,2556.125,0.0
p0_anomaly_mvtec_v2|tile|dinov2_s|codebook_dist|256|1,p0_anomaly_mvtec_v2,tile,dinov2_s,230,117,84,1024,15.497438329000943,2,codebook_dist,256,1,0.9107389729979332,2556.125,,0.9953102453102454,"{""crack"": 1.0, ""glue_strip"": 1.0, ""gray_stroke"": 0.9791666666666667, ""oil"": 1.0, ""rough"": 0.9959595959595959}",0.9559999853024127,0.8863626464005089,2.7805426120758057,0.9953102453102454,1.0,1.0,1.0,27.741014552000706,2556.125,0.0
p0_anomaly_mvtec_v2|tile|dinov2_s|codebook_dist|256|2,p0_anomaly_mvtec_v2,tile,dinov2_s,230,117,84,1024,15.497438329000943,2,codebook_dist,256,2,0.8857998080020479,2556.125,,0.9989177489177489,"{""crack"": 1.0, ""glue_strip"": 1.0, ""gray_stroke"": 1.0, ""oil"": 1.0, ""rough"": 0.9939393939393939}",0.9551783407361758,0.880389145564896,2.767735004425049,0.9989177489177489,1.0,1.0,1.0,27.18478547199993,2556.125,0.0
p0_anomaly_mvtec_v2|tile|dinov2_s|codebook_dist|1024|0,p0_anomaly_mvtec_v2,tile,dinov2_s,230,117,84,1024,15.497438329000943,2,codebook_dist,1024,0,3.3321564580000995,2556.125,,0.9992784992784993,"{""crack"": 1.0, ""glue_strip"": 1.0, ""gray_stroke"": 1.0, ""oil"": 1.0, ""rough"": 0.995959595959596}",0.9548300593425552,0.8762673829529992,2.7652831077575684,0.9992784992784993,1.0,1.0,1.0,89.24460966200058,2556.125,0.0
p0_anomaly_mvtec_v2|tile|dinov2_s|codebook_dist|1024|1,p0_anomaly_mvtec_v2,tile,dinov2_s,230,117,84,1024,15.497438329000943,2,codebook_dist,1024,1,3.0290408870023384,2556.125,,0.9996392496392497,"{""crack"": 1.0, ""glue_strip"": 1.0, ""gray_stroke"": 1.0, ""oil"": 1.0, ""rough"": 0.997979797979798}",0.9548998599499463,0.8767496344889547,2.767369270324707,0.9996392496392497,1.0,1.0,1.0,93.8428989760032,2556.125,0.0
p0_anomaly_mvtec_v2|tile|dinov2_s|codebook_dist|1024|2,p0_anomaly_mvtec_v2,tile,dinov2_s,230,117,84,1024,15.497438329000943,2,codebook_dist,1024,2,2.5179143479981576,2556.125,,0.9992784992784993,"{""crack"": 1.0, ""glue_strip"": 1.0, ""gray_stroke"": 1.0, ""oil"": 1.0, ""rough"": 0.995959595959596}",0.9569664726014323,0.8798338444403072,2.8142507076263428,0.9992784992784993,1.0,1.0,1.0,92.5386140390001,2556.125,0.0
p0_anomaly_mvtec_v2|toothbrush|dinov2_s|patch_knn|0|0,p0_anomaly_mvtec_v2,toothbrush,dinov2_s,60,42,30,1024,6.190173956000763,2,patch_knn,0,0,46.83477403100187,2556.125,61440.0,0.9277777777777778,"{""defective"": 0.9277777777777778}",0.994612443900656,0.9606226723029715,4.550851345062256,0.9277777777777778,0.9277777777777778,0.9916666666666666,1.0,,,
p0_anomaly_mvtec_v2|toothbrush|dinov2_s|coreset_knn|64|0,p0_anomaly_mvtec_v2,toothbrush,dinov2_s,60,42,30,1024,6.190173956000763,2,coreset_knn,64,0,0.5799714109998604,2556.125,64.0,0.9472222222222222,"{""defective"": 0.9472222222222222}",0.9874618549207412,0.8725799313580936,3.003781795501709,0.9472222222222222,0.9500000000000001,0.9388888888888889,0.9055555555555556,20.508105454999168,2556.125,
p0_anomaly_mvtec_v2|toothbrush|dinov2_s|coreset_knn|256|0,p0_anomaly_mvtec_v2,toothbrush,dinov2_s,60,42,30,1024,6.190173956000763,2,coreset_knn,256,0,0.6012649510012125,2556.125,256.0,0.9277777777777778,"{""defective"": 0.9277777777777778}",0.9936539663362683,0.9499238276096449,3.9047157764434814,0.9277777777777778,0.9416666666666667,0.9888888888888889,1.0,20.508105454999168,2556.125,
p0_anomaly_mvtec_v2|toothbrush|dinov2_s|coreset_knn|1024|0,p0_anomaly_mvtec_v2,toothbrush,dinov2_s,60,42,30,1024,6.190173956000763,2,coreset_knn,1024,0,0.6529282259980391,2556.125,1024.0,0.9194444444444444,"{""defective"": 0.9194444444444444}",0.99411649663841,0.9541783032532013,4.713658332824707,0.9194444444444444,0.9194444444444445,0.9833333333333334,0.9972222222222222,20.508105454999168,2556.125,
p0_anomaly_mvtec_v2|toothbrush|dinov2_s|coreset_knn|64|1,p0_anomaly_mvtec_v2,toothbrush,dinov2_s,60,42,30,1024,6.190173956000763,2,coreset_knn,64,1,0.1040263029972266,2556.125,64.0,0.9416666666666667,"{""defective"": 0.9416666666666667}",0.9903118178273237,0.8860291885426523,3.130998134613037,0.9416666666666667,0.9500000000000001,0.9638888888888889,0.9722222222222223,20.161887775997457,2556.125,
p0_anomaly_mvtec_v2|toothbrush|dinov2_s|coreset_knn|256|1,p0_anomaly_mvtec_v2,toothbrush,dinov2_s,60,42,30,1024,6.190173956000763,2,coreset_knn,256,1,0.2153220960026374,2556.125,256.0,0.9083333333333333,"{""defective"": 0.9083333333333333}",0.9931666292591049,0.945712655433502,3.9553580284118652,0.9083333333333333,0.9111111111111111,0.9805555555555556,0.9944444444444445,20.161887775997457,2556.125,
p0_anomaly_mvtec_v2|toothbrush|dinov2_s|coreset_knn|1024|1,p0_anomaly_mvtec_v2,toothbrush,dinov2_s,60,42,30,1024,6.190173956000763,2,coreset_knn,1024,1,1.2759276770011638,2556.125,1024.0,0.9166666666666666,"{""defective"": 0.9166666666666666}",0.9940473523002927,0.954178385197987,4.654063701629639,0.9166666666666666,0.9222222222222223,0.9861111111111112,1.0,20.161887775997457,2556.125,
p0_anomaly_mvtec_v2|toothbrush|dinov2_s|coreset_knn|64|2,p0_anomaly_mvtec_v2,toothbrush,dinov2_s,60,42,30,1024,6.190173956000763,2,coreset_knn,64,2,0.10561764700105414,2556.125,64.0,0.9861111111111112,"{""defective"": 0.9861111111111112}",0.9891021768980904,0.869805229722374,3.0777392387390137,0.9861111111111112,0.9750000000000001,0.9861111111111112,0.9944444444444445,19.871410883999488,2556.125,
p0_anomaly_mvtec_v2|toothbrush|dinov2_s|coreset_knn|256|2,p0_anomaly_mvtec_v2,toothbrush,dinov2_s,60,42,30,1024,6.190173956000763,2,coreset_knn,256,2,0.20917639099934604,2556.125,256.0,0.9361111111111111,"{""defective"": 0.9361111111111111}",0.993536551345062,0.9338343690374659,3.9313910007476807,0.9361111111111111,0.9361111111111111,0.9861111111111112,0.9944444444444445,19.871410883999488,2556.125,
p0_anomaly_mvtec_v2|toothbrush|dinov2_s|coreset_knn|1024|2,p0_anomaly_mvtec_v2,toothbrush,dinov2_s,60,42,30,1024,6.190173956000763,2,coreset_knn,1024,2,0.6314884889980021,2556.125,1024.0,0.9166666666666667,"{""defective"": 0.9166666666666667}",0.9938486530985066,0.949997409680563,4.722311973571777,0.9166666666666667,0.9194444444444444,0.9861111111111112,0.9972222222222222,19.871410883999488,2556.125,
p0_anomaly_mvtec_v2|toothbrush|dinov2_s|codebook_dist|64|0,p0_anomaly_mvtec_v2,toothbrush,dinov2_s,60,42,30,1024,6.190173956000763,2,codebook_dist,64,0,0.1649895500013372,2556.125,,0.963888888888889,"{""defective"": 0.963888888888889}",0.993091128789326,0.9539064913533115,4.375720024108887,0.963888888888889,0.9722222222222223,0.9861111111111112,0.9972222222222222,8.132363379001617,2556.125,0.0
p0_anomaly_mvtec_v2|toothbrush|dinov2_s|codebook_dist|64|1,p0_anomaly_mvtec_v2,toothbrush,dinov2_s,60,42,30,1024,6.190173956000763,2,codebook_dist,64,1,0.16433450099793845,2556.125,,0.9555555555555555,"{""defective"": 0.9555555555555555}",0.9927017901523496,0.9505885319712606,4.382833957672119,0.9555555555555555,0.9694444444444446,0.9861111111111112,0.9916666666666667,4.870182942999236,2556.125,0.0
p0_anomaly_mvtec_v2|toothbrush|dinov2_s|codebook_dist|64|2,p0_anomaly_mvtec_v2,toothbrush,dinov2_s,60,42,30,1024,6.190173956000763,2,codebook_dist,64,2,0.16894170699742972,2556.125,,0.9388888888888889,"{""defective"": 0.9388888888888889}",0.992964518881348,0.9512707142346093,4.352819919586182,0.9388888888888889,0.9555555555555556,0.9805555555555556,0.9916666666666667,8.344148444000894,2556.125,0.0
p0_anomaly_mvtec_v2|toothbrush|dinov2_s|codebook_dist|256|0,p0_anomaly_mvtec_v2,toothbrush,dinov2_s,60,42,30,1024,6.190173956000763,2,codebook_dist,256,0,0.5089562450011726,2556.125,,0.9472222222222222,"{""defective"": 0.9472222222222222}",0.9941989305670426,0.9550862264581883,4.599652290344238,0.9472222222222222,0.9555555555555556,0.9944444444444445,1.0,20.860773193002387,2556.125,0.0
p0_anomaly_mvtec_v2|toothbrush|dinov2_s|codebook_dist|256|1,p0_anomaly_mvtec_v2,toothbrush,dinov2_s,60,42,30,1024,6.190173956000763,2,codebook_dist,256,1,0.32388455500040436,2556.125,,0.9277777777777778,"{""defective"": 0.9277777777777778}",0.9942065576462173,0.9545334869176999,4.668622016906738,0.9277777777777778,0.9472222222222222,0.9888888888888889,1.0,23.422275395001634,2556.125,0.0
p0_anomaly_mvtec_v2|toothbrush|dinov2_s|codebook_dist|256|2,p0_anomaly_mvtec_v2,toothbrush,dinov2_s,60,42,30,1024,6.190173956000763,2,codebook_dist,256,2,0.321546428000147,2556.125,,0.9416666666666667,"{""defective"": 0.9416666666666667}",0.9942862562948769,0.9569754969515214,4.582731246948242,0.9416666666666667,0.9472222222222222,0.986111111111111,0.9972222222222222,24.89116033800019,2556.125,0.0
p0_anomaly_mvtec_v2|toothbrush|dinov2_s|codebook_dist|1024|0,p0_anomaly_mvtec_v2,toothbrush,dinov2_s,60,42,30,1024,6.190173956000763,2,codebook_dist,1024,0,1.4098714139981894,2556.125,,0.9416666666666667,"{""defective"": 0.9416666666666667}",0.9944527850347641,0.9582850329381748,4.603684425354004,0.9416666666666667,0.9472222222222222,0.9972222222222222,1.0,85.28847647799921,2556.125,0.0
p0_anomaly_mvtec_v2|toothbrush|dinov2_s|codebook_dist|1024|1,p0_anomaly_mvtec_v2,toothbrush,dinov2_s,60,42,30,1024,6.190173956000763,2,codebook_dist,1024,1,0.9343891900025483,2556.125,,0.9388888888888889,"{""defective"": 0.9388888888888889}",0.9942980279503354,0.9583087190064326,4.58408784866333,0.9388888888888889,0.9500000000000001,1.0,1.0,90.72994276100144,2556.125,0.0
p0_anomaly_mvtec_v2|toothbrush|dinov2_s|codebook_dist|1024|2,p0_anomaly_mvtec_v2,toothbrush,dinov2_s,60,42,30,1024,6.190173956000763,2,codebook_dist,1024,2,1.3892951189991436,2556.125,,0.925,"{""defective"": 0.925}",0.9945037441121335,0.9570288172783397,4.581156253814697,0.925,0.9416666666666667,0.9944444444444445,1.0,85.97977238000021,2556.125,0.0
p0_anomaly_mvtec_v2|transistor|dinov2_s|patch_knn|0|0,p0_anomaly_mvtec_v2,transistor,dinov2_s,213,100,40,1024,19.017880432999846,2,patch_knn,0,0,391.10812804799934,2556.125,218112.0,0.9929166666666667,"{""bent_lead"": 0.9933333333333333, ""cut_lead"": 0.99, ""damaged_case"": 0.9983333333333333, ""misplaced"": 0.99}",0.9660204362503402,0.828106188952267,3.939953088760376,0.9929166666666667,0.995,0.99625,0.9974999999999999,,,
p0_anomaly_mvtec_v2|transistor|dinov2_s|coreset_knn|64|0,p0_anomaly_mvtec_v2,transistor,dinov2_s,213,100,40,1024,19.017880432999846,2,coreset_knn,64,0,0.2621398900009808,2556.125,64.0,0.91,"{""bent_lead"": 0.8550000000000001, ""cut_lead"": 0.905, ""damaged_case"": 0.9349999999999999, ""misplaced"": 0.9450000000000001}",0.7939797847550241,0.5742847454746995,1.4253977537155151,0.91,0.9175,0.9166666666666667,0.9220833333333334,104.76453139700243,2556.125,
p0_anomaly_mvtec_v2|transistor|dinov2_s|coreset_knn|256|0,p0_anomaly_mvtec_v2,transistor,dinov2_s,213,100,40,1024,19.017880432999846,2,coreset_knn,256,0,0.486469102997944,2556.125,256.0,0.9804166666666666,"{""bent_lead"": 0.9533333333333333, ""cut_lead"": 0.9966666666666666, ""damaged_case"": 0.9733333333333334, ""misplaced"": 0.9983333333333333}",0.8887065416440079,0.6913398079891316,2.5338711738586426,0.9804166666666666,0.9854166666666666,0.99,0.9854166666666667,104.76453139700243,2556.125,
p0_anomaly_mvtec_v2|transistor|dinov2_s|coreset_knn|1024|0,p0_anomaly_mvtec_v2,transistor,dinov2_s,213,100,40,1024,19.017880432999846,2,coreset_knn,1024,0,1.7724196150011267,2556.125,1024.0,0.9966666666666667,"{""bent_lead"": 0.9933333333333334, ""cut_lead"": 0.995, ""damaged_case"": 1.0, ""misplaced"": 0.9983333333333333}",0.9284780619934742,0.7290393218471586,3.3397183418273926,0.9966666666666667,0.9991666666666666,0.99875,0.9933333333333333,104.76453139700243,2556.125,
p0_anomaly_mvtec_v2|transistor|dinov2_s|coreset_knn|64|1,p0_anomaly_mvtec_v2,transistor,dinov2_s,213,100,40,1024,19.017880432999846,2,coreset_knn,64,1,0.9568763930001296,2556.125,64.0,0.9362499999999999,"{""bent_lead"": 0.9533333333333334, ""cut_lead"": 0.8466666666666667, ""damaged_case"": 0.9516666666666667, ""misplaced"": 0.9933333333333334}",0.8029345591423455,0.6033499504210357,1.499444842338562,0.9362499999999999,0.9570833333333333,0.96,0.9425,105.09610396399876,2556.125,
p0_anomaly_mvtec_v2|transistor|dinov2_s|coreset_knn|256|1,p0_anomaly_mvtec_v2,transistor,dinov2_s,213,100,40,1024,19.017880432999846,2,coreset_knn,256,1,0.4930107379987021,2556.125,256.0,0.9754166666666666,"{""bent_lead"": 0.9816666666666667, ""cut_lead"": 0.9383333333333334, ""damaged_case"": 0.995, ""misplaced"": 0.9866666666666666}",0.8910336412578334,0.6939283337993557,2.5658066272735596,0.9754166666666666,0.9808333333333333,0.9766666666666667,0.9724999999999999,105.09610396399876,2556.125,
p0_anomaly_mvtec_v2|transistor|dinov2_s|coreset_knn|1024|1,p0_anomaly_mvtec_v2,transistor,dinov2_s,213,100,40,1024,19.017880432999846,2,coreset_knn,1024,1,1.5265635559990187,2556.125,1024.0,0.9695833333333332,"{""bent_lead"": 0.9616666666666667, ""cut_lead"": 0.9433333333333334, ""damaged_case"": 0.9983333333333333, ""misplaced"": 0.9750000000000001}",0.932101710524144,0.7276210960836995,3.325878858566284,0.9695833333333332,0.9829166666666667,0.9908333333333333,0.9870833333333333,105.09610396399876,2556.125,
p0_anomaly_mvtec_v2|transistor|dinov2_s|coreset_knn|64|2,p0_anomaly_mvtec_v2,transistor,dinov2_s,213,100,40,1024,19.017880432999846,2,coreset_knn,64,2,0.2602073640009621,2556.125,64.0,0.8983333333333333,"{""bent_lead"": 0.8466666666666667, ""cut_lead"": 0.8366666666666667, ""damaged_case"": 0.9149999999999999, ""misplaced"": 0.995}",0.7228543311495776,0.5154961487734122,1.215086579322815,0.8983333333333333,0.8937500000000002,0.86,0.8462500000000001,105.79529186700165,2556.125,
p0_anomaly_mvtec_v2|transistor|dinov2_s|coreset_knn|256|2,p0_anomaly_mvtec_v2,transistor,dinov2_s,213,100,40,1024,19.017880432999846,2,coreset_knn,256,2,0.5014969129988458,2556.125,256.0,0.9441666666666667,"{""bent_lead"": 0.9333333333333333, ""cut_lead"": 0.87, ""damaged_case"": 0.9966666666666666, ""misplaced"": 0.9766666666666667}",0.856238280255113,0.6594601907931801,2.452819347381592,0.9441666666666667,0.9529166666666667,0.9654166666666667,0.97,105.79529186700165,2556.125,
p0_anomaly_mvtec_v2|transistor|dinov2_s|coreset_knn|1024|2,p0_anomaly_mvtec_v2,transistor,dinov2_s,213,100,40,1024,19.017880432999846,2,coreset_knn,1024,2,1.5356092500005616,2556.125,1024.0,0.97875,"{""bent_lead"": 0.975, ""cut_lead"": 0.9683333333333333, ""damaged_case"": 0.995, ""misplaced"": 0.9766666666666666}",0.9238851733455005,0.7440109559447502,3.2709805965423584,0.97875,0.9916666666666666,0.9991666666666666,0.9995833333333333,105.79529186700165,2556.125,
p0_anomaly_mvtec_v2|transistor|dinov2_s|codebook_dist|64|0,p0_anomaly_mvtec_v2,transistor,dinov2_s,213,100,40,1024,19.017880432999846,2,codebook_dist,64,0,0.4133670310002344,2556.125,,0.8525,"{""bent_lead"": 0.8083333333333333, ""cut_lead"": 0.7233333333333334, ""damaged_case"": 0.9683333333333333, ""misplaced"": 0.9099999999999999}",0.9221954699765268,0.7040420258181631,2.801392078399658,0.8525,0.8766666666666666,0.8904166666666666,0.9058333333333334,6.058785215998796,2556.125,0.0
p0_anomaly_mvtec_v2|transistor|dinov2_s|codebook_dist|64|1,p0_anomaly_mvtec_v2,transistor,dinov2_s,213,100,40,1024,19.017880432999846,2,codebook_dist,64,1,0.4250660860016069,2556.125,,0.8799999999999999,"{""bent_lead"": 0.8866666666666667, ""cut_lead"": 0.7399999999999999, ""damaged_case"": 0.98, ""misplaced"": 0.9133333333333333}",0.9186263772354882,0.7064892315561894,2.795560598373413,0.8799999999999999,0.9016666666666666,0.9066666666666666,0.9291666666666666,10.0413343729997,2556.125,0.0
p0_anomaly_mvtec_v2|transistor|dinov2_s|codebook_dist|64|2,p0_anomaly_mvtec_v2,transistor,dinov2_s,213,100,40,1024,19.017880432999846,2,codebook_dist,64,2,0.41184029699797975,2556.125,,0.8679166666666667,"{""bent_lead"": 0.8033333333333332, ""cut_lead"": 0.78, ""damaged_case"": 0.9716666666666667, ""misplaced"": 0.9166666666666666}",0.9137865082205106,0.6872914531489676,2.7359893321990967,0.8679166666666667,0.8920833333333333,0.9079166666666667,0.9208333333333333,8.802209642002708,2556.125,0.0
p0_anomaly_mvtec_v2|transistor|dinov2_s|codebook_dist|256|0,p0_anomaly_mvtec_v2,transistor,dinov2_s,213,100,40,1024,19.017880432999846,2,codebook_dist,256,0,0.7391562619995966,2556.125,,0.9441666666666667,"{""bent_lead"": 0.9083333333333333, ""cut_lead"": 0.925, ""damaged_case"": 1.0, ""misplaced"": 0.9433333333333334}",0.9473432503480028,0.7503986033496669,3.3279361724853516,0.9441666666666667,0.9662499999999999,0.9837500000000001,0.9816666666666666,26.07350194600076,2556.125,0.0
p0_anomaly_mvtec_v2|transistor|dinov2_s|codebook_dist|256|1,p0_anomaly_mvtec_v2,transistor,dinov2_s,213,100,40,1024,19.017880432999846,2,codebook_dist,256,1,0.7931389110017335,2556.125,,0.9491666666666666,"{""bent_lead"": 0.9299999999999999, ""cut_lead"": 0.9049999999999999, ""damaged_case"": 0.9983333333333333, ""misplaced"": 0.9633333333333333}",0.946280864350251,0.7469348246092974,3.3347008228302,0.9491666666666666,0.96625,0.9812500000000001,0.98,25.85758204800004,2556.125,0.0
p0_anomaly_mvtec_v2|transistor|dinov2_s|codebook_dist|256|2,p0_anomaly_mvtec_v2,transistor,dinov2_s,213,100,40,1024,19.017880432999846,2,codebook_dist,256,2,0.7896528029996261,2556.125,,0.9512500000000002,"{""bent_lead"": 0.9666666666666667, ""cut_lead"": 0.885, ""damaged_case"": 0.9983333333333333, ""misplaced"": 0.955}",0.9476957832883217,0.7474998823829953,3.3025870323181152,0.9512500000000002,0.9666666666666668,0.9729166666666667,0.97875,25.644114946997433,2556.125,0.0
p0_anomaly_mvtec_v2|transistor|dinov2_s|codebook_dist|1024|0,p0_anomaly_mvtec_v2,transistor,dinov2_s,213,100,40,1024,19.017880432999846,2,codebook_dist,1024,0,2.2580806669975573,2556.125,,0.9708333333333332,"{""bent_lead"": 0.9650000000000001, ""cut_lead"": 0.9383333333333332, ""damaged_case"": 0.9983333333333333, ""misplaced"": 0.9816666666666667}",0.9582773264272315,0.7861199733956294,3.630049228668213,0.9708333333333332,0.9825,0.9854166666666666,0.9908333333333333,94.01097751500129,2556.125,0.0
p0_anomaly_mvtec_v2|transistor|dinov2_s|codebook_dist|1024|1,p0_anomaly_mvtec_v2,transistor,dinov2_s,213,100,40,1024,19.017880432999846,2,codebook_dist,1024,1,2.1182516670014593,2556.125,,0.98625,"{""bent_lead"": 0.9833333333333333, ""cut_lead"": 0.975, ""damaged_case"": 0.9983333333333333, ""misplaced"": 0.9883333333333333}",0.9596537016971158,0.7877461844785386,3.6460702419281006,0.98625,0.9866666666666667,0.9895833333333333,0.99,93.39577367800302,2556.125,0.0
p0_anomaly_mvtec_v2|transistor|dinov2_s|codebook_dist|1024|2,p0_anomaly_mvtec_v2,transistor,dinov2_s,213,100,40,1024,19.017880432999846,2,codebook_dist,1024,2,2.8772309810010483,2556.125,,0.9608333333333334,"{""bent_lead"": 0.965, ""cut_lead"": 0.9316666666666666, ""damaged_case"": 0.9933333333333334, ""misplaced"": 0.9533333333333334}",0.9585360559631373,0.7867758685097787,3.6334965229034424,0.9608333333333334,0.9770833333333333,0.9883333333333334,0.99125,93.11723636899842,2556.125,0.0
p0_anomaly_mvtec_v2|wood|dinov2_s|patch_knn|0|0,p0_anomaly_mvtec_v2,wood,dinov2_s,247,79,60,1024,19.71069652499955,2,patch_knn,0,0,361.7012892540006,2556.125,252928.0,0.9964912280701754,"{""color"": 1.0, ""combined"": 1.0, ""hole"": 0.9947368421052633, ""liquid"": 1.0, ""scratch"": 0.9924812030075187}",0.952432766492031,0.9421298322847997,3.8142786026000977,0.9964912280701754,0.9964912280701754,0.9956140350877193,0.9894736842105263,,,
p0_anomaly_mvtec_v2|wood|dinov2_s|coreset_knn|64|0,p0_anomaly_mvtec_v2,wood,dinov2_s,247,79,60,1024,19.71069652499955,2,coreset_knn,64,0,0.21028108799873735,2556.125,64.0,0.9859649122807017,"{""color"": 0.993421052631579, ""combined"": 0.9808612440191388, ""hole"": 0.9842105263157894, ""liquid"": 1.0, ""scratch"": 0.9799498746867168}",0.9357306047849547,0.9112348002543171,3.110936164855957,0.9859649122807017,0.9903508771929824,0.9903508771929823,0.9903508771929825,121.52992150299906,2556.125,
p0_anomaly_mvtec_v2|wood|dinov2_s|coreset_knn|256|0,p0_anomaly_mvtec_v2,wood,dinov2_s,247,79,60,1024,19.71069652499955,2,coreset_knn,256,0,0.9365196949984238,2556.125,256.0,0.9929824561403509,"{""color"": 1.0, ""combined"": 0.9952153110047848, ""hole"": 0.9842105263157894, ""liquid"": 1.0, ""scratch"": 0.9899749373433584}",0.9453409500565663,0.9244543253451187,3.5735456943511963,0.9929824561403509,0.993859649122807,0.9964912280701754,0.9964912280701754,121.52992150299906,2556.125,
p0_anomaly_mvtec_v2|wood|dinov2_s|coreset_knn|1024|0,p0_anomaly_mvtec_v2,wood,dinov2_s,247,79,60,1024,19.71069652499955,2,coreset_knn,1024,0,1.2175591790000908,2556.125,1024.0,0.9964912280701754,"{""color"": 1.0, ""combined"": 1.0, ""hole"": 1.0, ""liquid"": 1.0, ""scratch"": 0.9899749373433584}",0.9412750386622745,0.9293181169847013,3.7936244010925293,0.9964912280701754,0.9956140350877194,0.9956140350877193,0.9903508771929824,121.52992150299906,2556.125,
p0_anomaly_mvtec_v2|wood|dinov2_s|coreset_knn|64|1,p0_anomaly_mvtec_v2,wood,dinov2_s,247,79,60,1024,19.71069652499955,2,coreset_knn,64,1,0.5542959249978594,2556.125,64.0,0.9701754385964914,"{""color"": 1.0, ""combined"": 0.9856459330143541, ""hole"": 0.9263157894736843, ""liquid"": 1.0, ""scratch"": 0.9573934837092731}",0.9096852645233976,0.8962133312179732,3.1012048721313477,0.9701754385964914,0.9719298245614035,0.9736842105263158,0.9780701754385965,121.7381390720002,2556.125,
p0_anomaly_mvtec_v2|wood|dinov2_s|coreset_knn|256|1,p0_anomaly_mvtec_v2,wood,dinov2_s,247,79,60,1024,19.71069652499955,2,coreset_knn,256,1,0.38812354800029425,2556.125,256.0,0.9964912280701754,"{""color"": 1.0, ""combined"": 1.0, ""hole"": 0.9947368421052633, ""liquid"": 1.0, ""scratch"": 0.9924812030075187}",0.9330541549299374,0.9235695904792844,3.5888278484344482,0.9964912280701754,0.9956140350877192,0.9956140350877192,0.9903508771929824,121.7381390720002,2556.125,
p0_anomaly_mvtec_v2|wood|dinov2_s|coreset_knn|1024|1,p0_anomaly_mvtec_v2,wood,dinov2_s,247,79,60,1024,19.71069652499955,2,coreset_knn,1024,1,1.2268734250028501,2556.125,1024.0,0.9947368421052631,"{""color"": 1.0, ""combined"": 1.0, ""hole"": 0.9894736842105263, ""liquid"": 1.0, ""scratch"": 0.9899749373433584}",0.9391962331476,0.9267701986415141,3.7873268127441406,0.9947368421052631,0.993859649122807,0.9929824561403509,0.987719298245614,121.7381390720002,2556.125,
p0_anomaly_mvtec_v2|wood|dinov2_s|coreset_knn|64|2,p0_anomaly_mvtec_v2,wood,dinov2_s,247,79,60,1024,19.71069652499955,2,coreset_knn,64,2,0.2064995720029401,2556.125,64.0,0.9903508771929824,"{""color"": 0.986842105263158, ""combined"": 0.9904306220095694, ""hole"": 0.9789473684210526, ""liquid"": 1.0, ""scratch"": 0.9924812030075189}",0.9262576622704254,0.9219325282884877,3.1715664863586426,0.9903508771929824,0.9903508771929824,0.9903508771929824,0.9921052631578948,121.32688828100072,2556.125,
p0_anomaly_mvtec_v2|wood|dinov2_s|coreset_knn|256|2,p0_anomaly_mvtec_v2,wood,dinov2_s,247,79,60,1024,19.71069652499955,2,coreset_knn,256,2,0.4049575540011574,2556.125,256.0,0.9964912280701754,"{""color"": 1.0, ""combined"": 1.0, ""hole"": 0.9947368421052633, ""liquid"": 1.0, ""scratch"": 0.9924812030075187}",0.9318144742922173,0.91817438653983,3.3514277935028076,0.9964912280701754,0.9929824561403509,0.9903508771929825,0.987719298245614,121.32688828100072,2556.125,
p0_anomaly_mvtec_v2|wood|dinov2_s|coreset_knn|1024|2,p0_anomaly_mvtec_v2,wood,dinov2_s,247,79,60,1024,19.71069652499955,2,coreset_knn,1024,2,1.215816988998995,2556.125,1024.0,0.993859649122807,"{""color"": 1.0, ""combined"": 1.0, ""hole"": 0.9947368421052633, ""liquid"": 1.0, ""scratch"": 0.9849624060150376}",0.9466657825994018,0.9269123274875792,3.684623956680298,0.993859649122807,0.9947368421052631,0.9964912280701754,0.9921052631578946,121.32688828100072,2556.125,
p0_anomaly_mvtec_v2|wood|dinov2_s|codebook_dist|64|0,p0_anomaly_mvtec_v2,wood,dinov2_s,247,79,60,1024,19.71069652499955,2,codebook_dist,64,0,0.3197387739965052,2556.125,,0.987719298245614,"{""color"": 1.0, ""combined"": 1.0, ""hole"": 0.9736842105263158, ""liquid"": 1.0, ""scratch"": 0.9774436090225563}",0.9450238232394572,0.9412860178972775,3.5718395709991455,0.987719298245614,0.9885964912280701,0.9903508771929823,0.987719298245614,8.106479707999824,2556.125,0.0
p0_anomaly_mvtec_v2|wood|dinov2_s|codebook_dist|64|1,p0_anomaly_mvtec_v2,wood,dinov2_s,247,79,60,1024,19.71069652499955,2,codebook_dist,64,1,0.3205928909992508,2556.125,,0.987719298245614,"{""color"": 0.993421052631579, ""combined"": 1.0, ""hole"": 0.9842105263157894, ""liquid"": 1.0, ""scratch"": 0.974937343358396}",0.9443013274668615,0.9415055647885218,3.5682692527770996,0.987719298245614,0.9894736842105263,0.9912280701754386,0.9859649122807017,9.59451606699804,2556.125,0.0
p0_anomaly_mvtec_v2|wood|dinov2_s|codebook_dist|64|2,p0_anomaly_mvtec_v2,wood,dinov2_s,247,79,60,1024,19.71069652499955,2,codebook_dist,64,2,0.5022764409986848,2556.125,,0.9780701754385964,"{""color"": 0.993421052631579, ""combined"": 0.9808612440191388, ""hole"": 0.9578947368421052, ""liquid"": 1.0, ""scratch"": 0.9699248120300752}",0.9428559209810482,0.9409056865755604,3.566178798675537,0.9780701754385964,0.9798245614035087,0.9850877192982456,0.9859649122807017,7.168224896002357,2556.125,0.0
p0_anomaly_mvtec_v2|wood|dinov2_s|codebook_dist|256|0,p0_anomaly_mvtec_v2,wood,dinov2_s,247,79,60,1024,19.71069652499955,2,codebook_dist,256,0,0.8032092909998028,2556.125,,0.987719298245614,"{""color"": 1.0, ""combined"": 0.9808612440191388, ""hole"": 0.9894736842105263, ""liquid"": 1.0, ""scratch"": 0.9799498746867168}",0.9482036110814961,0.9433225101743461,3.6371099948883057,0.987719298245614,0.9903508771929824,0.9929824561403509,0.987719298245614,23.914272815000004,2556.125,0.0
p0_anomaly_mvtec_v2|wood|dinov2_s|codebook_dist|256|1,p0_anomaly_mvtec_v2,wood,dinov2_s,247,79,60,1024,19.71069652499955,2,codebook_dist,256,1,0.6259018700002343,2556.125,,0.993859649122807,"{""color"": 1.0, ""combined"": 1.0, ""hole"": 1.0, ""liquid"": 1.0, ""scratch"": 0.9824561403508771}",0.9473632366232533,0.9430050274518015,3.6480917930603027,0.993859649122807,0.9947368421052631,0.9929824561403509,0.986842105263158,23.743279983998946,2556.125,0.0
p0_anomaly_mvtec_v2|wood|dinov2_s|codebook_dist|256|2,p0_anomaly_mvtec_v2,wood,dinov2_s,247,79,60,1024,19.71069652499955,2,codebook_dist,256,2,0.6361020289987209,2556.125,,0.9982456140350877,"{""color"": 1.0, ""combined"": 1.0, ""hole"": 1.0, ""liquid"": 1.0, ""scratch"": 0.9949874686716792}",0.947908636315519,0.9438583360684549,3.639469861984253,0.9982456140350877,0.9964912280701754,0.9929824561403509,0.986842105263158,27.06991933899917,2556.125,0.0
p0_anomaly_mvtec_v2|wood|dinov2_s|codebook_dist|1024|0,p0_anomaly_mvtec_v2,wood,dinov2_s,247,79,60,1024,19.71069652499955,2,codebook_dist,1024,0,1.6769314439989103,2556.125,,0.987719298245614,"{""color"": 1.0, ""combined"": 0.9856459330143541, ""hole"": 1.0, ""liquid"": 1.0, ""scratch"": 0.9724310776942355}",0.9500803242009889,0.9437897399099459,3.6384828090667725,0.987719298245614,0.9929824561403509,0.9938596491228069,0.987719298245614,96.48974765400271,2556.125,0.0
p0_anomaly_mvtec_v2|wood|dinov2_s|codebook_dist|1024|1,p0_anomaly_mvtec_v2,wood,dinov2_s,247,79,60,1024,19.71069652499955,2,codebook_dist,1024,1,1.6897605779995502,2556.125,,0.9947368421052631,"{""color"": 0.993421052631579, ""combined"": 1.0, ""hole"": 1.0, ""liquid"": 1.0, ""scratch"": 0.987468671679198}",0.9496928365031152,0.9445228681964979,3.656252384185791,0.9947368421052631,0.9956140350877194,0.9964912280701754,0.9912280701754386,98.3960291809999,2556.125,0.0
p0_anomaly_mvtec_v2|wood|dinov2_s|codebook_dist|1024|2,p0_anomaly_mvtec_v2,wood,dinov2_s,247,79,60,1024,19.71069652499955,2,codebook_dist,1024,2,1.6704882890007866,2556.125,,0.987719298245614,"{""color"": 1.0, ""combined"": 0.9808612440191388, ""hole"": 0.9894736842105263, ""liquid"": 1.0, ""scratch"": 0.9799498746867168}",0.9488746415472602,0.9430746535081685,3.643744945526123,0.987719298245614,0.9903508771929824,0.9912280701754386,0.9885964912280701,93.48482762999993,2556.125,0.0
p0_anomaly_mvtec_v2|zipper|dinov2_s|patch_knn|0|0,p0_anomaly_mvtec_v2,zipper,dinov2_s,240,151,119,1024,13.428216547000375,2,patch_knn,0,0,670.7086658169974,2556.125,245760.0,0.9989495798319328,"{""broken_teeth"": 1.0, ""combined"": 1.0, ""fabric_border"": 1.0, ""fabric_interior"": 1.0, ""rough"": 1.0, ""split_teeth"": 1.0, ""squeezed_teeth"": 0.9921875}",0.9577115619628442,0.8893387715558791,3.5909504890441895,0.9989495798319328,0.9976365546218487,0.9960609243697479,0.9947478991596639,,,
p0_anomaly_mvtec_v2|zipper|dinov2_s|coreset_knn|64|0,p0_anomaly_mvtec_v2,zipper,dinov2_s,240,151,119,1024,13.428216547000375,2,coreset_knn,64,0,1.3999972389974573,2556.125,64.0,0.9451155462184873,"{""broken_teeth"": 0.9243421052631579, ""combined"": 0.984375, ""fabric_border"": 1.0, ""fabric_interior"": 0.990234375, ""rough"": 0.963235294117647, ""split_teeth"": 0.9010416666666666, ""squeezed_teeth"": 0.857421875}",0.8683884513636738,0.747247984471314,2.3037045001983643,0.9451155462184873,0.9595588235294117,0.9653361344537815,0.9598214285714286,118.31736140700013,2556.125,
p0_anomaly_mvtec_v2|zipper|dinov2_s|coreset_knn|256|0,p0_anomaly_mvtec_v2,zipper,dinov2_s,240,151,119,1024,13.428216547000375,2,coreset_knn,256,0,0.7995515270013129,2556.125,256.0,0.9971113445378151,"{""broken_teeth"": 0.9967105263157895, ""combined"": 1.0, ""fabric_border"": 1.0, ""fabric_interior"": 1.0, ""rough"": 1.0, ""split_teeth"": 0.9965277777777778, ""squeezed_teeth"": 0.986328125}",0.9270227771699707,0.8287277753948046,2.993835926055908,0.9971113445378151,0.9978991596638656,0.9968487394957983,0.9957983193277311,118.31736140700013,2556.125,
p0_anomaly_mvtec_v2|zipper|dinov2_s|coreset_knn|1024|0,p0_anomaly_mvtec_v2,zipper,dinov2_s,240,151,119,1024,13.428216547000375,2,coreset_knn,1024,0,4.668152984002518,2556.125,1024.0,0.9971113445378151,"{""broken_teeth"": 1.0, ""combined"": 1.0, ""fabric_border"": 1.0, ""fabric_interior"": 1.0, ""rough"": 1.0, ""split_teeth"": 1.0, ""squeezed_teeth"": 0.978515625}",0.9551145070760028,0.8852855062102727,3.6931095123291016,0.9971113445378151,0.9976365546218487,0.9978991596638656,0.9965861344537815,118.31736140700013,2556.125,
p0_anomaly_mvtec_v2|zipper|dinov2_s|coreset_knn|64|1,p0_anomaly_mvtec_v2,zipper,dinov2_s,240,151,119,1024,13.428216547000375,2,coreset_knn,64,1,0.9378189529998053,2556.125,64.0,0.9721638655462185,"{""broken_teeth"": 0.9901315789473684, ""combined"": 0.998046875, ""fabric_border"": 1.0, ""fabric_interior"": 0.99609375, ""rough"": 0.9761029411764706, ""split_teeth"": 0.9270833333333333, ""squeezed_teeth"": 0.91796875}",0.8491040225655708,0.7139685650445715,2.137371301651001,0.9721638655462185,0.9745273109243697,0.9821428571428572,0.983718487394958,119.196079835001,2556.125,
p0_anomaly_mvtec_v2|zipper|dinov2_s|coreset_knn|256|1,p0_anomaly_mvtec_v2,zipper,dinov2_s,240,151,119,1024,13.428216547000375,2,coreset_knn,256,1,0.8019371789996512,2556.125,256.0,0.9894957983193278,"{""broken_teeth"": 0.9802631578947368, ""combined"": 1.0, ""fabric_border"": 1.0, ""fabric_interior"": 1.0, ""rough"": 1.0, ""split_teeth"": 1.0, ""squeezed_teeth"": 0.9453125}",0.8959231284799676,0.7943560594918666,2.9105429649353027,0.9894957983193278,0.990546218487395,0.9902836134453782,0.990546218487395,119.196079835001,2556.125,
p0_anomaly_mvtec_v2|zipper|dinov2_s|coreset_knn|1024|1,p0_anomaly_mvtec_v2,zipper,dinov2_s,240,151,119,1024,13.428216547000375,2,coreset_knn,1024,1,2.953284356997756,2556.125,1024.0,0.9957983193277311,"{""broken_teeth"": 1.0, ""combined"": 1.0, ""fabric_border"": 1.0, ""fabric_interior"": 1.0, ""rough"": 1.0, ""split_teeth"": 1.0, ""squeezed_teeth"": 0.96875}",0.9448452318130736,0.8690014767462294,3.61369252204895,0.9957983193277311,0.9950105042016807,0.9960609243697479,0.9950105042016807,119.196079835001,2556.125,
p0_anomaly_mvtec_v2|zipper|dinov2_s|coreset_knn|64|2,p0_anomaly_mvtec_v2,zipper,dinov2_s,240,151,119,1024,13.428216547000375,2,coreset_knn,64,2,0.4444824950005568,2556.125,64.0,0.9726890756302521,"{""broken_teeth"": 0.9555921052631579, ""combined"": 1.0, ""fabric_border"": 1.0, ""fabric_interior"": 0.96875, ""rough"": 1.0, ""split_teeth"": 0.9548611111111112, ""squeezed_teeth"": 0.931640625}",0.9002128996669597,0.7902140590232153,2.320364236831665,0.9726890756302521,0.9737394957983193,0.9737394957983193,0.9787289915966386,117.43561544499971,2556.125,
p0_anomaly_mvtec_v2|zipper|dinov2_s|coreset_knn|256|2,p0_anomaly_mvtec_v2,zipper,dinov2_s,240,151,119,1024,13.428216547000375,2,coreset_knn,256,2,1.3880159229993296,2556.125,256.0,0.990546218487395,"{""broken_teeth"": 0.9917763157894737, ""combined"": 1.0, ""fabric_border"": 1.0, ""fabric_interior"": 1.0, ""rough"": 1.0, ""split_teeth"": 1.0, ""squeezed_teeth"": 0.939453125}",0.9348167864063123,0.8487845294145935,3.052933692932129,0.990546218487395,0.9902836134453782,0.9910714285714286,0.9908088235294118,117.43561544499971,2556.125,
p0_anomaly_mvtec_v2|zipper|dinov2_s|coreset_knn|1024|2,p0_anomaly_mvtec_v2,zipper,dinov2_s,240,151,119,1024,13.428216547000375,2,coreset_knn,1024,2,2.3659122650024074,2556.125,1024.0,0.9981617647058824,"{""broken_teeth"": 0.9967105263157895, ""combined"": 1.0, ""fabric_border"": 1.0, ""fabric_interior"": 1.0, ""rough"": 1.0, ""split_teeth"": 1.0, ""squeezed_teeth"": 0.990234375}",0.958248184310519,0.8905383763935315,3.6605358123779297,0.9981617647058824,0.998686974789916,0.9968487394957983,0.9960609243697479,117.43561544499971,2556.125,
p0_anomaly_mvtec_v2|zipper|dinov2_s|codebook_dist|64|0,p0_anomaly_mvtec_v2,zipper,dinov2_s,240,151,119,1024,13.428216547000375,2,codebook_dist,64,0,0.7151598009986628,2556.125,,0.9847689075630253,"{""broken_teeth"": 1.0, ""combined"": 0.98828125, ""fabric_border"": 1.0, ""fabric_interior"": 1.0, ""rough"": 1.0, ""split_teeth"": 0.9878472222222222, ""squeezed_teeth"": 0.912109375}",0.9151130416408828,0.8173337645348208,3.2919325828552246,0.9847689075630253,0.9921218487394958,0.991859243697479,0.990546218487395,7.724447036998754,2556.125,0.0
p0_anomaly_mvtec_v2|zipper|dinov2_s|codebook_dist|64|1,p0_anomaly_mvtec_v2,zipper,dinov2_s,240,151,119,1024,13.428216547000375,2,codebook_dist,64,1,0.6611878989970137,2556.125,,0.9866071428571429,"{""broken_teeth"": 1.0, ""combined"": 0.982421875, ""fabric_border"": 1.0, ""fabric_interior"": 1.0, ""rough"": 1.0, ""split_teeth"": 0.9913194444444444, ""squeezed_teeth"": 0.927734375}",0.9113158820007671,0.8107699791846531,3.217432975769043,0.9866071428571429,0.9915966386554622,0.9900210084033614,0.9873949579831933,8.515474740001082,2556.125,0.0
p0_anomaly_mvtec_v2|zipper|dinov2_s|codebook_dist|64|2,p0_anomaly_mvtec_v2,zipper,dinov2_s,240,151,119,1024,13.428216547000375,2,codebook_dist,64,2,0.622742454001127,2556.125,,0.9887079831932772,"{""broken_teeth"": 0.9983552631578947, ""combined"": 0.99609375, ""fabric_border"": 1.0, ""fabric_interior"": 1.0, ""rough"": 1.0, ""split_teeth"": 0.9930555555555556, ""squeezed_teeth"": 0.9296875}",0.908984419043984,0.8068695732513267,3.237393617630005,0.9887079831932772,0.9929096638655462,0.991859243697479,0.9884453781512605,9.61244317299861,2556.125,0.0
p0_anomaly_mvtec_v2|zipper|dinov2_s|codebook_dist|256|0,p0_anomaly_mvtec_v2,zipper,dinov2_s,240,151,119,1024,13.428216547000375,2,codebook_dist,256,0,1.1629644610002288,2556.125,,0.9900210084033614,"{""broken_teeth"": 1.0, ""combined"": 0.994140625, ""fabric_border"": 1.0, ""fabric_interior"": 1.0, ""rough"": 1.0, ""split_teeth"": 1.0, ""squeezed_teeth"": 0.931640625}",0.9442687846546269,0.8648055998102024,3.5862174034118652,0.9900210084033614,0.9950105042016807,0.9936974789915967,0.9921218487394958,27.27190779599914,2556.125,0.0
p0_anomaly_mvtec_v2|zipper|dinov2_s|codebook_dist|256|1,p0_anomaly_mvtec_v2,zipper,dinov2_s,240,151,119,1024,13.428216547000375,2,codebook_dist,256,1,1.1452490539995779,2556.125,,0.9947478991596639,"{""broken_teeth"": 1.0, ""combined"": 0.998046875, ""fabric_border"": 1.0, ""fabric_interior"": 1.0, ""rough"": 1.0, ""split_teeth"": 1.0, ""squeezed_teeth"": 0.962890625}",0.945128637963096,0.864046277417674,3.5487685203552246,0.9947478991596639,0.9952731092436975,0.9944852941176471,0.9913340336134454,23.87176389399974,2556.125,0.0
p0_anomaly_mvtec_v2|zipper|dinov2_s|codebook_dist|256|2,p0_anomaly_mvtec_v2,zipper,dinov2_s,240,151,119,1024,13.428216547000375,2,codebook_dist,256,2,1.1464272650009661,2556.125,,0.9957983193277311,"{""broken_teeth"": 1.0, ""combined"": 0.99609375, ""fabric_border"": 1.0, ""fabric_interior"": 1.0, ""rough"": 1.0, ""split_teeth"": 1.0, ""squeezed_teeth"": 0.97265625}",0.9454642707645362,0.8651554414476217,3.575213670730591,0.9957983193277311,0.9963235294117647,0.9947478991596639,0.9910714285714286,25.061323698002525,2556.125,0.0
p0_anomaly_mvtec_v2|zipper|dinov2_s|codebook_dist|1024|0,p0_anomaly_mvtec_v2,zipper,dinov2_s,240,151,119,1024,13.428216547000375,2,codebook_dist,1024,0,3.4520901140022033,2556.125,,0.9902836134453782,"{""broken_teeth"": 0.9884868421052632, ""combined"": 1.0, ""fabric_border"": 1.0, ""fabric_interior"": 1.0, ""rough"": 1.0, ""split_teeth"": 0.9965277777777778, ""squeezed_teeth"": 0.9453125}",0.9530755615566475,0.8789749464913138,3.4878439903259277,0.9902836134453782,0.991859243697479,0.9913340336134454,0.990546218487395,94.11079573800089,2556.125,0.0
p0_anomaly_mvtec_v2|zipper|dinov2_s|codebook_dist|1024|1,p0_anomaly_mvtec_v2,zipper,dinov2_s,240,151,119,1024,13.428216547000375,2,codebook_dist,1024,1,3.74006756900053,2556.125,,0.9936974789915967,"{""broken_teeth"": 1.0, ""combined"": 1.0, ""fabric_border"": 1.0, ""fabric_interior"": 1.0, ""rough"": 1.0, ""split_teeth"": 1.0, ""squeezed_teeth"": 0.953125}",0.9542818949224965,0.8826521373890697,3.5166423320770264,0.9936974789915967,0.9926470588235294,0.9923844537815126,0.9900210084033614,98.37217519399928,2556.125,0.0
p0_anomaly_mvtec_v2|zipper|dinov2_s|codebook_dist|1024|2,p0_anomaly_mvtec_v2,zipper,dinov2_s,240,151,119,1024,13.428216547000375,2,codebook_dist,1024,2,3.2270868710002105,2556.125,,0.9939600840336135,"{""broken_teeth"": 0.9868421052631579, ""combined"": 1.0, ""fabric_border"": 1.0, ""fabric_interior"": 1.0, ""rough"": 1.0, ""split_teeth"": 1.0, ""squeezed_teeth"": 0.970703125}",0.9535601773190048,0.879866778322946,3.5696473121643066,0.9939600840336135,0.9944852941176471,0.9939600840336135,0.9921218487394958,92.83693223599766,2556.125,0.0
