run_id,config,category,extractor,n_train,n_test,n_anomalous,patches_per_image,extract_seconds,n_cpu,gpu,method,k,vocab_seed,score_peak_gpu_mb,score_seconds,score_peak_rss_mb,bank_size,image_auroc,image_auroc_by_type,pixel_auroc,vocab_peak_gpu_mb,vocab_seconds,vocab_peak_rss_mb,empty_words
p0_anomaly_mvtec|bottle|dinov2_s|patch_knn|0|0,p0_anomaly_mvtec,bottle,dinov2_s,209,83,63,1024,27.518106266999894,2,Tesla T4,patch_knn,0,0,3401.97265625,4.864487635999922,2593.7890625,214016.0,1.0,"{""broken_large"": 1.0, ""broken_small"": 1.0, ""contamination"": 1.0}",0.9919087696153559,,,,
p0_anomaly_mvtec|bottle|dinov2_s|global_knn|0|0,p0_anomaly_mvtec,bottle,dinov2_s,209,83,63,1024,27.518106266999894,2,Tesla T4,global_knn,0,0,9.74267578125,0.009350770999844826,2695.68359375,,0.9952380952380953,"{""broken_large"": 1.0, ""broken_small"": 0.9863636363636363, ""contamination"": 1.0}",,,,,
p0_anomaly_mvtec|bottle|dinov2_s|codebook_dist|64|0,p0_anomaly_mvtec,bottle,dinov2_s,209,83,63,1024,27.518106266999894,2,Tesla T4,codebook_dist,64,0,9.125,0.3168397990000358,3072.31640625,,0.9793650793650794,"{""broken_large"": 0.9874999999999999, ""broken_small"": 0.9704545454545455, ""contamination"": 0.980952380952381}",0.9906732764786997,9.125,6.421304257999964,3072.31640625,0.0
p0_anomaly_mvtec|bottle|dinov2_s|codebook_norm|64|0,p0_anomaly_mvtec,bottle,dinov2_s,209,83,63,1024,27.518106266999894,2,Tesla T4,codebook_norm,64,0,9.125,0.7966855540000779,3072.31640625,,0.9698412698412698,"{""broken_large"": 0.99, ""broken_small"": 0.9431818181818181, ""contamination"": 0.9785714285714285}",0.9665745664421183,9.125,6.421304257999964,3072.31640625,0.0
p0_anomaly_mvtec|bottle|dinov2_s|hist_knn|64|0,p0_anomaly_mvtec,bottle,dinov2_s,209,83,63,1024,27.518106266999894,2,Tesla T4,hist_knn,64,0,9.33154296875,1.2268394500001705,3072.31640625,,0.9968253968253968,"{""broken_large"": 1.0, ""broken_small"": 0.9909090909090909, ""contamination"": 1.0}",,9.125,6.421304257999964,3072.31640625,0.0
p0_anomaly_mvtec|bottle|dinov2_s|codebook_dist|256|0,p0_anomaly_mvtec,bottle,dinov2_s,209,83,63,1024,27.518106266999894,2,Tesla T4,codebook_dist,256,0,9.125,0.46508578600014516,3209.46875,,1.0,"{""broken_large"": 1.0, ""broken_small"": 1.0, ""contamination"": 1.0}",0.9915151271476876,9.125,22.762334093999925,3209.46875,0.0
p0_anomaly_mvtec|bottle|dinov2_s|codebook_norm|256|0,p0_anomaly_mvtec,bottle,dinov2_s,209,83,63,1024,27.518106266999894,2,Tesla T4,codebook_norm,256,0,9.125,1.3610065399998348,3209.46875,,0.9531746031746031,"{""broken_large"": 0.9650000000000001, ""broken_small"": 0.9318181818181819, ""contamination"": 0.9642857142857142}",0.9537863978192498,9.125,22.762334093999925,3209.46875,0.0
p0_anomaly_mvtec|bottle|dinov2_s|hist_knn|256|0,p0_anomaly_mvtec,bottle,dinov2_s,209,83,63,1024,27.518106266999894,2,Tesla T4,hist_knn,256,0,9.5595703125,1.7255621360000077,3209.46875,,0.980952380952381,"{""broken_large"": 1.0, ""broken_small"": 0.9545454545454546, ""contamination"": 0.9904761904761905}",,9.125,22.762334093999925,3209.46875,0.0
p0_anomaly_mvtec|bottle|dinov2_s|codebook_dist|1024|0,p0_anomaly_mvtec,bottle,dinov2_s,209,83,63,1024,27.518106266999894,2,Tesla T4,codebook_dist,1024,0,9.125,1.3733189069998843,3212.97265625,,1.0,"{""broken_large"": 1.0, ""broken_small"": 1.0, ""contamination"": 1.0}",0.9914740528744338,9.125,81.97460138500014,3209.46875,0.0
p0_anomaly_mvtec|bottle|dinov2_s|codebook_norm|1024|0,p0_anomaly_mvtec,bottle,dinov2_s,209,83,63,1024,27.518106266999894,2,Tesla T4,codebook_norm,1024,0,9.125,3.6528743940000368,3486.4609375,,0.9436507936507936,"{""broken_large"": 0.9675, ""broken_small"": 0.9068181818181817, ""contamination"": 0.9595238095238094}",0.8836726706608392,9.125,81.97460138500014,3209.46875,0.0
p0_anomaly_mvtec|bottle|dinov2_s|hist_knn|1024|0,p0_anomaly_mvtec,bottle,dinov2_s,209,83,63,1024,27.518106266999894,2,Tesla T4,hist_knn,1024,0,10.7587890625,5.7946755049999865,3486.4609375,,0.9246031746031746,"{""broken_large"": 0.9824999999999999, ""broken_small"": 0.8272727272727273, ""contamination"": 0.9714285714285714}",,9.125,81.97460138500014,3209.46875,0.0
p0_anomaly_mvtec|bottle|dense_sift|patch_knn|0|0,p0_anomaly_mvtec,bottle,dense_sift,209,83,63,729,61.68337490299996,2,Tesla T4,patch_knn,0,0,3159.0078125,1.514967648000038,3486.4609375,152361.0,0.9912698412698412,"{""broken_large"": 1.0, ""broken_small"": 1.0, ""contamination"": 0.9738095238095238}",0.9282993757264492,,,,
p0_anomaly_mvtec|bottle|dense_sift|codebook_dist|64|0,p0_anomaly_mvtec,bottle,dense_sift,209,83,63,729,61.68337490299996,2,Tesla T4,codebook_dist,64,0,9.125,0.06529449000004206,3486.4609375,,0.9468253968253969,"{""broken_large"": 1.0, ""broken_small"": 0.9568181818181819, ""contamination"": 0.8857142857142857}",0.8688882590099337,9.125,1.8343365729999732,3486.4609375,0.0
p0_anomaly_mvtec|bottle|dense_sift|codebook_norm|64|0,p0_anomaly_mvtec,bottle,dense_sift,209,83,63,729,61.68337490299996,2,Tesla T4,codebook_norm,64,0,9.125,0.25582311899984234,3486.4609375,,0.9650793650793651,"{""broken_large"": 1.0, ""broken_small"": 0.9545454545454546, ""contamination"": 0.9428571428571428}",0.8831396128741085,9.125,1.8343365729999732,3486.4609375,0.0
p0_anomaly_mvtec|bottle|dense_sift|hist_knn|64|0,p0_anomaly_mvtec,bottle,dense_sift,209,83,63,729,61.68337490299996,2,Tesla T4,hist_knn,64,0,9.33154296875,0.288345296999978,3486.4609375,,0.9325396825396826,"{""broken_large"": 0.9775, ""broken_small"": 0.8931818181818183, ""contamination"": 0.930952380952381}",,9.125,1.8343365729999732,3486.4609375,0.0
p0_anomaly_mvtec|bottle|dense_sift|codebook_dist|256|0,p0_anomaly_mvtec,bottle,dense_sift,209,83,63,729,61.68337490299996,2,Tesla T4,codebook_dist,256,0,9.125,0.14586720900001637,3486.4609375,,0.9738095238095238,"{""broken_large"": 1.0, ""broken_small"": 0.9931818181818182, ""contamination"": 0.9285714285714286}",0.9259346513025519,9.125,10.515341024999998,3486.4609375,0.0
p0_anomaly_mvtec|bottle|dense_sift|codebook_norm|256|0,p0_anomaly_mvtec,bottle,dense_sift,209,83,63,729,61.68337490299996,2,Tesla T4,codebook_norm,256,0,9.125,0.5630914020000546,3486.4609375,,0.9888888888888888,"{""broken_large"": 1.0, ""broken_small"": 1.0, ""contamination"": 0.9666666666666667}",0.9267879141383968,9.125,10.515341024999998,3486.4609375,0.0
p0_anomaly_mvtec|bottle|dense_sift|hist_knn|256|0,p0_anomaly_mvtec,bottle,dense_sift,209,83,63,729,61.68337490299996,2,Tesla T4,hist_knn,256,0,9.5595703125,0.6626180339999337,3486.4609375,,0.9238095238095237,"{""broken_large"": 0.99, ""broken_small"": 0.8704545454545455, ""contamination"": 0.9166666666666667}",,9.125,10.515341024999998,3486.4609375,0.0
p0_anomaly_mvtec|bottle|dense_sift|codebook_dist|1024|0,p0_anomaly_mvtec,bottle,dense_sift,209,83,63,729,61.68337490299996,2,Tesla T4,codebook_dist,1024,0,9.125,0.6043531909999729,3486.4609375,,0.9777777777777777,"{""broken_large"": 1.0, ""broken_small"": 1.0, ""contamination"": 0.9333333333333333}",0.9294981469066514,9.125,31.448285795999936,3486.4609375,0.0
p0_anomaly_mvtec|bottle|dense_sift|codebook_norm|1024|0,p0_anomaly_mvtec,bottle,dense_sift,209,83,63,729,61.68337490299996,2,Tesla T4,codebook_norm,1024,0,9.125,2.1521651630000633,3486.4609375,,0.9809523809523809,"{""broken_large"": 1.0, ""broken_small"": 1.0, ""contamination"": 0.9428571428571428}",0.90293978280762,9.125,31.448285795999936,3486.4609375,0.0
p0_anomaly_mvtec|bottle|dense_sift|hist_knn|1024|0,p0_anomaly_mvtec,bottle,dense_sift,209,83,63,729,61.68337490299996,2,Tesla T4,hist_knn,1024,0,10.7587890625,1.962566041999935,3486.4609375,,0.8599206349206349,"{""broken_large"": 0.98, ""broken_small"": 0.7375, ""contamination"": 0.8738095238095237}",,9.125,31.448285795999936,3486.4609375,0.0
p0_anomaly_mvtec|carpet|dinov2_s|patch_knn|0|0,p0_anomaly_mvtec,carpet,dinov2_s,280,117,89,1024,23.490016327999683,2,Tesla T4,patch_knn,0,0,3508.25,9.43256766799982,3486.4609375,286720.0,0.9971910112359551,"{""color"": 1.0, ""cut"": 1.0, ""hole"": 1.0, ""metal_contamination"": 1.0, ""thread"": 0.986842105263158}",0.9922870574672038,,,,
p0_anomaly_mvtec|carpet|dinov2_s|global_knn|0|0,p0_anomaly_mvtec,carpet,dinov2_s,280,117,89,1024,23.490016327999683,2,Tesla T4,global_knn,0,0,10.00537109375,0.006458585000018502,3486.4609375,,0.9771268057784912,"{""color"": 0.9492481203007519, ""cut"": 1.0, ""hole"": 0.9768907563025211, ""metal_contamination"": 1.0, ""thread"": 0.9642857142857142}",,,,,
p0_anomaly_mvtec|carpet|dinov2_s|codebook_dist|64|0,p0_anomaly_mvtec,carpet,dinov2_s,280,117,89,1024,23.490016327999683,2,Tesla T4,codebook_dist,64,0,9.125,0.4059212639999714,3607.171875,,0.9662921348314606,"{""color"": 0.9210526315789475, ""cut"": 0.9432773109243697, ""hole"": 0.9789915966386555, ""metal_contamination"": 1.0, ""thread"": 0.9906015037593985}",0.9935690820987668,9.125,5.280358598000021,3607.171875,0.0
p0_anomaly_mvtec|carpet|dinov2_s|codebook_norm|64|0,p0_anomaly_mvtec,carpet,dinov2_s,280,117,89,1024,23.490016327999683,2,Tesla T4,codebook_norm,64,0,9.125,1.5060310880000998,3607.171875,,0.9787319422150883,"{""color"": 0.9492481203007519, ""cut"": 0.9768907563025211, ""hole"": 0.9852941176470589, ""metal_contamination"": 0.9957983193277311, ""thread"": 0.9887218045112782}",0.9931508774732943,9.125,5.280358598000021,3607.171875,0.0
p0_anomaly_mvtec|carpet|dinov2_s|hist_knn|64|0,p0_anomaly_mvtec,carpet,dinov2_s,280,117,89,1024,23.490016327999683,2,Tesla T4,hist_knn,64,0,9.474609375,1.5029248250000364,3607.171875,,0.8487158908507223,"{""color"": 0.900375939849624, ""cut"": 0.8529411764705882, ""hole"": 0.9243697478991596, ""metal_contamination"": 0.7436974789915967, ""thread"": 0.8195488721804511}",,9.125,5.280358598000021,3607.171875,0.0
p0_anomaly_mvtec|carpet|dinov2_s|codebook_dist|256|0,p0_anomaly_mvtec,carpet,dinov2_s,280,117,89,1024,23.490016327999683,2,Tesla T4,codebook_dist,256,0,9.125,0.7107111109999096,3607.171875,,0.9991974317817015,"{""color"": 1.0, ""cut"": 0.9978991596638656, ""hole"": 1.0, ""metal_contamination"": 1.0, ""thread"": 0.9981203007518797}",0.9929804856752894,9.125,20.232077034999975,3607.171875,0.0
p0_anomaly_mvtec|carpet|dinov2_s|codebook_norm|256|0,p0_anomaly_mvtec,carpet,dinov2_s,280,117,89,1024,23.490016327999683,2,Tesla T4,codebook_norm,256,0,9.125,2.67821124399984,3607.171875,,0.9895666131621188,"{""color"": 0.9793233082706767, ""cut"": 0.9894957983193278, ""hole"": 0.9978991596638656, ""metal_contamination"": 1.0, ""thread"": 0.9830827067669173}",0.9466112117109763,9.125,20.232077034999975,3607.171875,0.0
p0_anomaly_mvtec|carpet|dinov2_s|hist_knn|256|0,p0_anomaly_mvtec,carpet,dinov2_s,280,117,89,1024,23.490016327999683,2,Tesla T4,hist_knn,256,0,9.76513671875,2.444553130000031,3607.171875,,0.8667736757624398,"{""color"": 0.8214285714285714, ""cut"": 1.0, ""hole"": 0.9684873949579833, ""metal_contamination"": 0.6848739495798319, ""thread"": 0.8646616541353384}",,9.125,20.232077034999975,3607.171875,0.0
p0_anomaly_mvtec|carpet|dinov2_s|codebook_dist|1024|0,p0_anomaly_mvtec,carpet,dinov2_s,280,117,89,1024,23.490016327999683,2,Tesla T4,codebook_dist,1024,0,9.125,2.081819812000049,3801.125,,0.9983948635634029,"{""color"": 1.0, ""cut"": 1.0, ""hole"": 1.0, ""metal_contamination"": 1.0, ""thread"": 0.9924812030075189}",0.9930330381827095,9.125,76.17511364200004,3627.609375,0.0
p0_anomaly_mvtec|carpet|dinov2_s|codebook_norm|1024|0,p0_anomaly_mvtec,carpet,dinov2_s,280,117,89,1024,23.490016327999683,2,Tesla T4,codebook_norm,1024,0,9.125,6.171192465999866,3887.1171875,,0.9943820224719102,"{""color"": 0.9924812030075189, ""cut"": 0.9957983193277311, ""hole"": 0.9957983193277311, ""metal_contamination"": 1.0, ""thread"": 0.9887218045112782}",0.9693307744718481,9.125,76.17511364200004,3627.609375,0.0
p0_anomaly_mvtec|carpet|dinov2_s|hist_knn|1024|0,p0_anomaly_mvtec,carpet,dinov2_s,280,117,89,1024,23.490016327999683,2,Tesla T4,hist_knn,1024,0,12.00146484375,6.2982698490000075,3887.1171875,,0.8615569823434992,"{""color"": 0.881578947368421, ""cut"": 0.9915966386554622, ""hole"": 0.9558823529411764, ""metal_contamination"": 0.5840336134453782, ""thread"": 0.8890977443609022}",,9.125,76.17511364200004,3627.609375,0.0
p0_anomaly_mvtec|carpet|dense_sift|patch_knn|0|0,p0_anomaly_mvtec,carpet,dense_sift,280,117,89,729,89.49323753199997,2,Tesla T4,patch_knn,0,0,3184.81005859375,2.697880513999962,3887.1171875,204120.0,0.49799357945425365,"{""color"": 0.6541353383458647, ""cut"": 0.430672268907563, ""hole"": 0.45168067226890757, ""metal_contamination"": 0.26050420168067223, ""thread"": 0.6560150375939849}",0.6300460241676374,,,,
p0_anomaly_mvtec|carpet|dense_sift|codebook_dist|64|0,p0_anomaly_mvtec,carpet,dense_sift,280,117,89,729,89.49323753199997,2,Tesla T4,codebook_dist,64,0,9.125,0.11110631200017451,3887.1171875,,0.4763242375601926,"{""color"": 0.5902255639097743, ""cut"": 0.43697478991596644, ""hole"": 0.42016806722689076, ""metal_contamination"": 0.31512605042016806, ""thread"": 0.5921052631578947}",0.5852647967739385,9.125,2.2219549890000962,3887.1171875,0.0
p0_anomaly_mvtec|carpet|dense_sift|codebook_norm|64|0,p0_anomaly_mvtec,carpet,dense_sift,280,117,89,729,89.49323753199997,2,Tesla T4,codebook_norm,64,0,9.125,0.645584504999988,3887.1171875,,0.5329052969502408,"{""color"": 0.6954887218045113, ""cut"": 0.476890756302521, ""hole"": 0.47058823529411764, ""metal_contamination"": 0.3172268907563025, ""thread"": 0.6691729323308271}",0.7547135574503145,9.125,2.2219549890000962,3887.1171875,0.0
p0_anomaly_mvtec|carpet|dense_sift|hist_knn|64|0,p0_anomaly_mvtec,carpet,dense_sift,280,117,89,729,89.49323753199997,2,Tesla T4,hist_knn,64,0,9.474609375,0.37849223700004586,3887.1171875,,0.31902086677367575,"{""color"": 0.3928571428571429, ""cut"": 0.3214285714285714, ""hole"": 0.3298319327731093, ""metal_contamination"": 0.16596638655462187, ""thread"": 0.37030075187969924}",,9.125,2.2219549890000962,3887.1171875,0.0
p0_anomaly_mvtec|carpet|dense_sift|codebook_dist|256|0,p0_anomaly_mvtec,carpet,dense_sift,280,117,89,729,89.49323753199997,2,Tesla T4,codebook_dist,256,0,9.125,0.23890598100001625,3887.1171875,,0.47552166934189405,"{""color"": 0.5921052631578948, ""cut"": 0.43907563025210083, ""hole"": 0.4411764705882353, ""metal_contamination"": 0.29831932773109243, ""thread"": 0.5808270676691729}",0.6203233770998637,9.125,6.9425935960000515,3887.1171875,0.0
p0_anomaly_mvtec|carpet|dense_sift|codebook_norm|256|0,p0_anomaly_mvtec,carpet,dense_sift,280,117,89,729,89.49323753199997,2,Tesla T4,codebook_norm,256,0,9.125,1.2193609710000146,3887.1171875,,0.582263242375602,"{""color"": 0.7556390977443609, ""cut"": 0.523109243697479, ""hole"": 0.5, ""metal_contamination"": 0.430672268907563, ""thread"": 0.6710526315789473}",0.8096460836246271,9.125,6.9425935960000515,3887.1171875,0.0
p0_anomaly_mvtec|carpet|dense_sift|hist_knn|256|0,p0_anomaly_mvtec,carpet,dense_sift,280,117,89,729,89.49323753199997,2,Tesla T4,hist_knn,256,0,9.76513671875,0.9065441280001778,3887.1171875,,0.5377207062600321,"{""color"": 0.6560150375939849, ""cut"": 0.453781512605042, ""hole"": 0.47478991596638653, ""metal_contamination"": 0.6218487394957983, ""thread"": 0.4755639097744361}",,9.125,6.9425935960000515,3887.1171875,0.0
p0_anomaly_mvtec|carpet|dense_sift|codebook_dist|1024|0,p0_anomaly_mvtec,carpet,dense_sift,280,117,89,729,89.49323753199997,2,Tesla T4,codebook_dist,1024,0,9.125,0.8182344749998265,3887.1171875,,0.4646869983948636,"{""color"": 0.5902255639097744, ""cut"": 0.39495798319327735, ""hole"": 0.41806722689075626, ""metal_contamination"": 0.29411764705882354, ""thread"": 0.5958646616541353}",0.6514476025475323,9.125,35.26684176899994,3887.1171875,0.0
p0_anomaly_mvtec|carpet|dense_sift|codebook_norm|1024|0,p0_anomaly_mvtec,carpet,dense_sift,280,117,89,729,89.49323753199997,2,Tesla T4,codebook_norm,1024,0,9.125,2.923937313000124,3887.1171875,,0.5662118780096307,"{""color"": 0.7368421052631579, ""cut"": 0.5294117647058825, ""hole"": 0.5147058823529412, ""metal_contamination"": 0.32352941176470584, ""thread"": 0.6917293233082706}",0.8380431459794904,9.125,35.26684176899994,3887.1171875,0.0
p0_anomaly_mvtec|carpet|dense_sift|hist_knn|1024|0,p0_anomaly_mvtec,carpet,dense_sift,280,117,89,729,89.49323753199997,2,Tesla T4,hist_knn,1024,0,12.00146484375,2.79377733299998,3887.1171875,,0.6075441412520064,"{""color"": 0.6710526315789473, ""cut"": 0.6071428571428571, ""hole"": 0.5987394957983193, ""metal_contamination"": 0.6365546218487395, ""thread"": 0.5263157894736842}",,9.125,35.26684176899994,3887.1171875,0.0
p0_anomaly_mvtec|screw|dinov2_s|patch_knn|0|0,p0_anomaly_mvtec,screw,dinov2_s,320,160,119,1024,17.0737839049998,2,Tesla T4,patch_knn,0,0,3568.40625,15.773459116999902,3887.1171875,327680.0,0.9145316663250667,"{""manipulated_front"": 0.8353658536585367, ""scratch_head"": 0.9522357723577236, ""scratch_neck"": 0.9570731707317074, ""thread_side"": 0.870625662778367, ""thread_top"": 0.9554612937433722}",0.9821538782435749,,,,
p0_anomaly_mvtec|screw|dinov2_s|global_knn|0|0,p0_anomaly_mvtec,screw,dinov2_s,320,160,119,1024,17.0737839049998,2,Tesla T4,global_knn,0,0,10.26123046875,0.005260686999918107,3887.1171875,,0.8653412584546015,"{""manipulated_front"": 0.7723577235772358, ""scratch_head"": 0.842479674796748, ""scratch_neck"": 0.8663414634146341, ""thread_side"": 0.9194061505832449, ""thread_top"": 0.9310710498409333}",,,,,
p0_anomaly_mvtec|screw|dinov2_s|codebook_dist|64|0,p0_anomaly_mvtec,screw,dinov2_s,320,160,119,1024,17.0737839049998,2,Tesla T4,codebook_dist,64,0,9.125,0.6974455209999633,3957.57421875,,0.8091822094691534,"{""manipulated_front"": 0.6991869918699186, ""scratch_head"": 0.8119918699186992, ""scratch_neck"": 0.911219512195122, ""thread_side"": 0.7953340402969247, ""thread_top"": 0.823966065747614}",0.9477501474873393,9.125,4.990315308000163,3957.57421875,0.0
p0_anomaly_mvtec|screw|dinov2_s|codebook_norm|64|0,p0_anomaly_mvtec,screw,dinov2_s,320,160,119,1024,17.0737839049998,2,Tesla T4,codebook_norm,64,0,9.125,1.2489676410000357,3957.57421875,,0.7067021930723508,"{""manipulated_front"": 0.6565040650406504, ""scratch_head"": 0.6595528455284553, ""scratch_neck"": 0.8078048780487805, ""thread_side"": 0.6776246023329798, ""thread_top"": 0.7274655355249204}",0.9055514198172893,9.125,4.990315308000163,3957.57421875,0.0
p0_anomaly_mvtec|screw|dinov2_s|hist_knn|64|0,p0_anomaly_mvtec,screw,dinov2_s,320,160,119,1024,17.0737839049998,2,Tesla T4,hist_knn,64,0,9.63623046875,1.8096714109999539,3957.57421875,,0.7337569174011069,"{""manipulated_front"": 0.774390243902439, ""scratch_head"": 0.6961382113821138, ""scratch_neck"": 0.7687804878048781, ""thread_side"": 0.6850477200424178, ""thread_top"": 0.7412513255567338}",,9.125,4.990315308000163,3957.57421875,0.0
p0_anomaly_mvtec|screw|dinov2_s|codebook_dist|256|0,p0_anomaly_mvtec,screw,dinov2_s,320,160,119,1024,17.0737839049998,2,Tesla T4,codebook_dist,256,0,9.125,0.9425681679999798,3957.57421875,,0.8106169296987087,"{""manipulated_front"": 0.7439024390243902, ""scratch_head"": 0.7611788617886179, ""scratch_neck"": 0.904390243902439, ""thread_side"": 0.7910922587486744, ""thread_top"": 0.8494167550371156}",0.9619176515996506,9.125,22.46449364199998,3957.57421875,0.0
p0_anomaly_mvtec|screw|dinov2_s|codebook_norm|256|0,p0_anomaly_mvtec,screw,dinov2_s,320,160,119,1024,17.0737839049998,2,Tesla T4,codebook_norm,256,0,9.125,2.0942116609999175,3957.57421875,,0.7376511580241852,"{""manipulated_front"": 0.6808943089430894, ""scratch_head"": 0.6453252032520325, ""scratch_neck"": 0.784390243902439, ""thread_side"": 0.7306468716861081, ""thread_top"": 0.8494167550371157}",0.9580818783493412,9.125,22.46449364199998,3957.57421875,0.0
p0_anomaly_mvtec|screw|dinov2_s|hist_knn|256|0,p0_anomaly_mvtec,screw,dinov2_s,320,160,119,1024,17.0737839049998,2,Tesla T4,hist_knn,256,0,9.98779296875,4.1034000189999915,3957.57421875,,0.7614265218282436,"{""manipulated_front"": 0.8038617886178862, ""scratch_head"": 0.7642276422764227, ""scratch_neck"": 0.7492682926829268, ""thread_side"": 0.7497348886532343, ""thread_top"": 0.7391304347826086}",,9.125,22.46449364199998,3957.57421875,0.0
p0_anomaly_mvtec|screw|dinov2_s|codebook_dist|1024|0,p0_anomaly_mvtec,screw,dinov2_s,320,160,119,1024,17.0737839049998,2,Tesla T4,codebook_dist,1024,0,9.125,2.8958563120002054,4208.2578125,,0.8911662225865956,"{""manipulated_front"": 0.8211382113821138, ""scratch_head"": 0.8943089430894309, ""scratch_neck"": 0.9551219512195122, ""thread_side"": 0.8515376458112407, ""thread_top"": 0.9310710498409331}",0.9695337332509052,9.125,81.09362226000007,3957.57421875,0.0
p0_anomaly_mvtec|screw|dinov2_s|codebook_norm|1024|0,p0_anomaly_mvtec,screw,dinov2_s,320,160,119,1024,17.0737839049998,2,Tesla T4,codebook_norm,1024,0,9.125,5.9988417209999625,4233.17578125,,0.8518138962902235,"{""manipulated_front"": 0.875, ""scratch_head"": 0.7855691056910569, ""scratch_neck"": 0.8585365853658536, ""thread_side"": 0.8080593849416755, ""thread_top"": 0.9331919406150583}",0.9601876906743902,9.125,81.09362226000007,3957.57421875,0.0
p0_anomaly_mvtec|screw|dinov2_s|hist_knn|1024|0,p0_anomaly_mvtec,screw,dinov2_s,320,160,119,1024,17.0737839049998,2,Tesla T4,hist_knn,1024,0,12.00146484375,9.153821689999859,4233.17578125,,0.7112113137938103,"{""manipulated_front"": 0.6310975609756098, ""scratch_head"": 0.7733739837398375, ""scratch_neck"": 0.7258536585365853, ""thread_side"": 0.7295864262990457, ""thread_top"": 0.6956521739130435}",,9.125,81.09362226000007,3957.57421875,0.0
p0_anomaly_mvtec|screw|dense_sift|patch_knn|0|0,p0_anomaly_mvtec,screw,dense_sift,320,160,119,729,108.29526759499959,2,Tesla T4,patch_knn,0,0,3198.92138671875,4.066063802999906,4233.17578125,233280.0,0.6027874564459931,"{""manipulated_front"": 0.7052845528455285, ""scratch_head"": 0.592479674796748, ""scratch_neck"": 0.6097560975609756, ""thread_side"": 0.513255567338282, ""thread_top"": 0.5885471898197243}",0.5257985151952301,,,,
p0_anomaly_mvtec|screw|dense_sift|codebook_dist|64|0,p0_anomaly_mvtec,screw,dense_sift,320,160,119,729,108.29526759499959,2,Tesla T4,codebook_dist,64,0,9.125,0.15928266199989594,4233.17578125,,0.49805287968846074,"{""manipulated_front"": 0.6280487804878049, ""scratch_head"": 0.350609756097561, ""scratch_neck"": 0.3882926829268293, ""thread_side"": 0.5864262990455991, ""thread_top"": 0.5471898197242842}",0.5994564250951229,9.125,2.2568242239999563,4233.17578125,0.0
p0_anomaly_mvtec|screw|dense_sift|codebook_norm|64|0,p0_anomaly_mvtec,screw,dense_sift,320,160,119,729,108.29526759499959,2,Tesla T4,codebook_norm,64,0,9.125,0.7596000240000649,4233.17578125,,0.6228735396597663,"{""manipulated_front"": 0.5823170731707318, ""scratch_head"": 0.6280487804878049, ""scratch_neck"": 0.6575609756097561, ""thread_side"": 0.5980911983032874, ""thread_top"": 0.6468716861081654}",0.4417984754565742,9.125,2.2568242239999563,4233.17578125,0.0
p0_anomaly_mvtec|screw|dense_sift|hist_knn|64|0,p0_anomaly_mvtec,screw,dense_sift,320,160,119,729,108.29526759499959,2,Tesla T4,hist_knn,64,0,9.63623046875,0.4886906309998267,4233.17578125,,0.6091412174625948,"{""manipulated_front"": 0.6453252032520325, ""scratch_head"": 0.6605691056910569, ""scratch_neck"": 0.5717073170731707, ""thread_side"": 0.513255567338282, ""thread_top"": 0.6542948038176034}",,9.125,2.2568242239999563,4233.17578125,0.0
p0_anomaly_mvtec|screw|dense_sift|codebook_dist|256|0,p0_anomaly_mvtec,screw,dense_sift,320,160,119,729,108.29526759499959,2,Tesla T4,codebook_dist,256,0,9.125,0.5931898049998381,4233.17578125,,0.4841155974584957,"{""manipulated_front"": 0.5416666666666666, ""scratch_head"": 0.5223577235772358, ""scratch_neck"": 0.3551219512195122, ""thread_side"": 0.4676564156945917, ""thread_top"": 0.5408271474019088}",0.6439658849934395,9.125,7.255117328999859,4233.17578125,0.0
p0_anomaly_mvtec|screw|dense_sift|codebook_norm|256|0,p0_anomaly_mvtec,screw,dense_sift,320,160,119,729,108.29526759499959,2,Tesla T4,codebook_norm,256,0,9.125,0.8581712730001527,4233.17578125,,0.5441688870670218,"{""manipulated_front"": 0.6148373983739837, ""scratch_head"": 0.4928861788617886, ""scratch_neck"": 0.48097560975609754, ""thread_side"": 0.5471898197242842, ""thread_top"": 0.5896076352067868}",0.5030322201897246,9.125,7.255117328999859,4233.17578125,0.0
p0_anomaly_mvtec|screw|dense_sift|hist_knn|256|0,p0_anomaly_mvtec,screw,dense_sift,320,160,119,729,108.29526759499959,2,Tesla T4,hist_knn,256,0,9.98779296875,1.1447298509997381,4233.17578125,,0.6290223406435744,"{""manipulated_front"": 0.7154471544715447, ""scratch_head"": 0.6250000000000001, ""scratch_neck"": 0.47024390243902436, ""thread_side"": 0.6744432661717922, ""thread_top"": 0.6702014846235419}",,9.125,7.255117328999859,4233.17578125,0.0
p0_anomaly_mvtec|screw|dense_sift|codebook_dist|1024|0,p0_anomaly_mvtec,screw,dense_sift,320,160,119,729,108.29526759499959,2,Tesla T4,codebook_dist,1024,0,9.125,1.5400740759996552,4233.17578125,,0.5292068046730887,"{""manipulated_front"": 0.6138211382113821, ""scratch_head"": 0.5386178861788617, ""scratch_neck"": 0.44682926829268294, ""thread_side"": 0.5174973488865323, ""thread_top"": 0.5323435843054083}",0.7029223025404072,9.125,34.11644948100002,4233.17578125,0.0
p0_anomaly_mvtec|screw|dense_sift|codebook_norm|1024|0,p0_anomaly_mvtec,screw,dense_sift,320,160,119,729,108.29526759499959,2,Tesla T4,codebook_norm,1024,0,9.125,2.390283432999695,4233.17578125,,0.5837261733961877,"{""manipulated_front"": 0.5772357723577235, ""scratch_head"": 0.6158536585365854, ""scratch_neck"": 0.5746341463414635, ""thread_side"": 0.5546129374337221, ""thread_top"": 0.5959703075291622}",0.584473550337484,9.125,34.11644948100002,4233.17578125,0.0
p0_anomaly_mvtec|screw|dense_sift|hist_knn|1024|0,p0_anomaly_mvtec,screw,dense_sift,320,160,119,729,108.29526759499959,2,Tesla T4,hist_knn,1024,0,12.00146484375,3.921749175000059,4233.17578125,,0.6027874564459931,"{""manipulated_front"": 0.6361788617886179, ""scratch_head"": 0.6473577235772358, ""scratch_neck"": 0.5541463414634147, ""thread_side"": 0.5864262990455992, ""thread_top"": 0.5906680805938493}",,9.125,34.11644948100002,4233.17578125,0.0
p0_anomaly_mvtec|cable|dinov2_s|patch_knn|0|0,p0_anomaly_mvtec,cable,dinov2_s,224,150,92,1024,22.425007147999622,2,Tesla T4,patch_knn,0,0,3424.03125,10.071092265000061,4233.17578125,229376.0,0.9572713643178411,"{""bent_wire"": 1.0, ""cable_swap"": 0.7068965517241379, ""combined"": 0.9952978056426333, ""cut_inner_insulation"": 0.9987684729064039, ""cut_outer_insulation"": 0.9982758620689655, ""missing_cable"": 1.0, ""missing_wire"": 0.9672413793103448, ""poke_insulation"": 1.0}",0.9785659314894233,,,,
p0_anomaly_mvtec|cable|dinov2_s|global_knn|0|0,p0_anomaly_mvtec,cable,dinov2_s,224,150,92,1024,22.425007147999622,2,Tesla T4,global_knn,0,0,10.02392578125,0.005826581999826885,4233.17578125,,0.9411544227886057,"{""bent_wire"": 1.0, ""cable_swap"": 0.9109195402298851, ""combined"": 0.9357366771159875, ""cut_inner_insulation"": 0.9630541871921182, ""cut_outer_insulation"": 0.8724137931034484, ""missing_cable"": 1.0, ""missing_wire"": 0.9844827586206897, ""poke_insulation"": 0.8310344827586207}",,,,,
p0_anomaly_mvtec|cable|dinov2_s|codebook_dist|64|0,p0_anomaly_mvtec,cable,dinov2_s,224,150,92,1024,22.425007147999622,2,Tesla T4,codebook_dist,64,0,9.125,0.5277704680001989,4233.17578125,,0.80715892053973,"{""bent_wire"": 0.9535809018567639, ""cable_swap"": 0.48850574712643674, ""combined"": 0.9404388714733543, ""cut_inner_insulation"": 0.7426108374384237, ""cut_outer_insulation"": 0.7258620689655173, ""missing_cable"": 1.0, ""missing_wire"": 0.7413793103448276, ""poke_insulation"": 0.8586206896551725}",0.9484944411133847,9.125,9.029198803999861,4233.17578125,0.0
p0_anomaly_mvtec|cable|dinov2_s|codebook_norm|64|0,p0_anomaly_mvtec,cable,dinov2_s,224,150,92,1024,22.425007147999622,2,Tesla T4,codebook_norm,64,0,9.125,0.9089264270000967,4233.17578125,,0.821776611694153,"{""bent_wire"": 0.980106100795756, ""cable_swap"": 0.46264367816091956, ""combined"": 0.9655172413793104, ""cut_inner_insulation"": 0.8657635467980296, ""cut_outer_insulation"": 0.6672413793103448, ""missing_cable"": 0.9971264367816093, ""missing_wire"": 0.8379310344827586, ""poke_insulation"": 0.7551724137931034}",0.928997015050056,9.125,9.029198803999861,4233.17578125,0.0
p0_anomaly_mvtec|cable|dinov2_s|hist_knn|64|0,p0_anomaly_mvtec,cable,dinov2_s,224,150,92,1024,22.425007147999622,2,Tesla T4,hist_knn,64,0,9.47607421875,1.77251730900025,4233.17578125,,0.8367691154422788,"{""bent_wire"": 0.7864721485411141, ""cable_swap"": 0.9554597701149425, ""combined"": 0.9623824451410659, ""cut_inner_insulation"": 0.7832512315270936, ""cut_outer_insulation"": 0.7706896551724138, ""missing_cable"": 1.0, ""missing_wire"": 0.6603448275862069, ""poke_insulation"": 0.743103448275862}",,9.125,9.029198803999861,4233.17578125,0.0
p0_anomaly_mvtec|cable|dinov2_s|codebook_dist|256|0,p0_anomaly_mvtec,cable,dinov2_s,224,150,92,1024,22.425007147999622,2,Tesla T4,codebook_dist,256,0,9.125,1.003534246000072,4233.17578125,,0.9226011994002998,"{""bent_wire"": 1.0, ""cable_swap"": 0.5373563218390804, ""combined"": 0.9874608150470219, ""cut_inner_insulation"": 0.9938423645320198, ""cut_outer_insulation"": 0.9689655172413794, ""missing_cable"": 1.0, ""missing_wire"": 0.8999999999999999, ""poke_insulation"": 0.996551724137931}",0.9628719781223415,9.125,24.424594653999975,4233.17578125,0.0
p0_anomaly_mvtec|cable|dinov2_s|codebook_norm|256|0,p0_anomaly_mvtec,cable,dinov2_s,224,150,92,1024,22.425007147999622,2,Tesla T4,codebook_norm,256,0,9.125,1.5484648530000413,4233.17578125,,0.9381559220389806,"{""bent_wire"": 0.9986737400530503, ""cable_swap"": 0.6135057471264368, ""combined"": 1.0, ""cut_inner_insulation"": 0.9926108374384237, ""cut_outer_insulation"": 0.9689655172413792, ""missing_cable"": 1.0, ""missing_wire"": 0.993103448275862, ""poke_insulation"": 0.9448275862068966}",0.9542509919940008,9.125,24.424594653999975,4233.17578125,0.0
p0_anomaly_mvtec|cable|dinov2_s|hist_knn|256|0,p0_anomaly_mvtec,cable,dinov2_s,224,150,92,1024,22.425007147999622,2,Tesla T4,hist_knn,256,0,9.76806640625,2.3217262070002107,4233.17578125,,0.8976761619190405,"{""bent_wire"": 0.9084880636604774, ""cable_swap"": 0.8189655172413792, ""combined"": 0.9905956112852665, ""cut_inner_insulation"": 0.8620689655172414, ""cut_outer_insulation"": 0.9051724137931034, ""missing_cable"": 1.0, ""missing_wire"": 0.903448275862069, ""poke_insulation"": 0.7896551724137931}",,9.125,24.424594653999975,4233.17578125,0.0
p0_anomaly_mvtec|cable|dinov2_s|codebook_dist|1024|0,p0_anomaly_mvtec,cable,dinov2_s,224,150,92,1024,22.425007147999622,2,Tesla T4,codebook_dist,1024,0,9.125,2.6370406189998903,4233.17578125,,0.9265367316341829,"{""bent_wire"": 1.0, ""cable_swap"": 0.49425287356321845, ""combined"": 1.0, ""cut_inner_insulation"": 1.0, ""cut_outer_insulation"": 0.9862068965517241, ""missing_cable"": 1.0, ""missing_wire"": 0.9448275862068967, ""poke_insulation"": 1.0}",0.9716684064381008,9.125,90.31985355799998,4233.17578125,0.0
p0_anomaly_mvtec|cable|dinov2_s|codebook_norm|1024|0,p0_anomaly_mvtec,cable,dinov2_s,224,150,92,1024,22.425007147999622,2,Tesla T4,codebook_norm,1024,0,9.125,4.1055476960000306,4233.17578125,,0.9330959520239881,"{""bent_wire"": 1.0, ""cable_swap"": 0.5704022988505747, ""combined"": 1.0, ""cut_inner_insulation"": 0.9950738916256158, ""cut_outer_insulation"": 0.9655172413793104, ""missing_cable"": 1.0, ""missing_wire"": 0.9551724137931035, ""poke_insulation"": 0.9862068965517241}",0.9639442311577183,9.125,90.31985355799998,4233.17578125,0.0
p0_anomaly_mvtec|cable|dinov2_s|hist_knn|1024|0,p0_anomaly_mvtec,cable,dinov2_s,224,150,92,1024,22.425007147999622,2,Tesla T4,hist_knn,1024,0,11.30322265625,6.92695682700014,4233.17578125,,0.860007496251874,"{""bent_wire"": 0.9111405835543767, ""cable_swap"": 0.7916666666666667, ""combined"": 0.9373040752351096, ""cut_inner_insulation"": 0.853448275862069, ""cut_outer_insulation"": 0.8224137931034483, ""missing_cable"": 0.9425287356321839, ""missing_wire"": 0.8982758620689656, ""poke_insulation"": 0.7}",,9.125,90.31985355799998,4233.17578125,0.0
p0_anomaly_mvtec|cable|dense_sift|patch_knn|0|0,p0_anomaly_mvtec,cable,dense_sift,224,150,92,729,86.82809852300034,2,Tesla T4,patch_knn,0,0,3164.654296875,2.796224455999891,4233.17578125,163296.0,0.9111694152923538,"{""bent_wire"": 0.9960212201591512, ""cable_swap"": 0.7083333333333334, ""combined"": 0.9733542319749217, ""cut_inner_insulation"": 0.9051724137931033, ""cut_outer_insulation"": 1.0, ""missing_cable"": 1.0, ""missing_wire"": 0.8137931034482759, ""poke_insulation"": 0.886206896551724}",0.9087770006268587,,,,
p0_anomaly_mvtec|cable|dense_sift|codebook_dist|64|0,p0_anomaly_mvtec,cable,dense_sift,224,150,92,729,86.82809852300034,2,Tesla T4,codebook_dist,64,0,9.125,0.27302453399988735,4233.17578125,,0.6443028485757122,"{""bent_wire"": 0.3580901856763926, ""cable_swap"": 0.5129310344827587, ""combined"": 0.7758620689655172, ""cut_inner_insulation"": 0.5665024630541872, ""cut_outer_insulation"": 0.8793103448275863, ""missing_cable"": 1.0, ""missing_wire"": 0.48275862068965525, ""poke_insulation"": 0.6379310344827586}",0.731112370318799,9.125,3.587221535000026,4233.17578125,0.0
p0_anomaly_mvtec|cable|dense_sift|codebook_norm|64|0,p0_anomaly_mvtec,cable,dense_sift,224,150,92,729,86.82809852300034,2,Tesla T4,codebook_norm,64,0,9.125,0.38232669099988925,4233.17578125,,0.6864692653673162,"{""bent_wire"": 0.5079575596816976, ""cable_swap"": 0.6020114942528736, ""combined"": 0.8260188087774295, ""cut_inner_insulation"": 0.5061576354679802, ""cut_outer_insulation"": 0.9120689655172414, ""missing_cable"": 1.0, ""missing_wire"": 0.603448275862069, ""poke_insulation"": 0.6000000000000001}",0.7660315734656333,9.125,3.587221535000026,4233.17578125,0.0
p0_anomaly_mvtec|cable|dense_sift|hist_knn|64|0,p0_anomaly_mvtec,cable,dense_sift,224,150,92,729,86.82809852300034,2,Tesla T4,hist_knn,64,0,9.47607421875,0.430418077000013,4233.17578125,,0.7494377811094451,"{""bent_wire"": 0.720159151193634, ""cable_swap"": 0.625, ""combined"": 0.8416927899686519, ""cut_inner_insulation"": 0.7820197044334977, ""cut_outer_insulation"": 0.8620689655172413, ""missing_cable"": 0.9224137931034483, ""missing_wire"": 0.6206896551724138, ""poke_insulation"": 0.5982758620689654}",,9.125,3.587221535000026,4233.17578125,0.0
p0_anomaly_mvtec|cable|dense_sift|codebook_dist|256|0,p0_anomaly_mvtec,cable,dense_sift,224,150,92,729,86.82809852300034,2,Tesla T4,codebook_dist,256,0,9.125,0.35240671100018517,4233.17578125,,0.7871064467766117,"{""bent_wire"": 0.7453580901856764, ""cable_swap"": 0.5833333333333333, ""combined"": 0.8996865203761755, ""cut_inner_insulation"": 0.7487684729064039, ""cut_outer_insulation"": 0.9775862068965517, ""missing_cable"": 1.0, ""missing_wire"": 0.6379310344827587, ""poke_insulation"": 0.7189655172413792}",0.8355558692784877,9.125,11.283584162000352,4233.17578125,0.0
p0_anomaly_mvtec|cable|dense_sift|codebook_norm|256|0,p0_anomaly_mvtec,cable,dense_sift,224,150,92,729,86.82809852300034,2,Tesla T4,codebook_norm,256,0,9.125,0.6721158049999758,4233.17578125,,0.7811094452773613,"{""bent_wire"": 0.7599469496021221, ""cable_swap"": 0.5617816091954022, ""combined"": 0.9090909090909091, ""cut_inner_insulation"": 0.7376847290640394, ""cut_outer_insulation"": 0.9655172413793104, ""missing_cable"": 1.0, ""missing_wire"": 0.5862068965517242, ""poke_insulation"": 0.7396551724137931}",0.8296702576631251,9.125,11.283584162000352,4233.17578125,0.0
p0_anomaly_mvtec|cable|dense_sift|hist_knn|256|0,p0_anomaly_mvtec,cable,dense_sift,224,150,92,729,86.82809852300034,2,Tesla T4,hist_knn,256,0,9.76806640625,1.3918659930000103,4233.17578125,,0.7728635682158921,"{""bent_wire"": 0.7625994694960213, ""cable_swap"": 0.6192528735632185, ""combined"": 0.8463949843260188, ""cut_inner_insulation"": 0.770935960591133, ""cut_outer_insulation"": 0.8793103448275862, ""missing_cable"": 0.9956896551724138, ""missing_wire"": 0.6879310344827585, ""poke_insulation"": 0.6034482758620691}",,9.125,11.283584162000352,4233.17578125,0.0
p0_anomaly_mvtec|cable|dense_sift|codebook_dist|1024|0,p0_anomaly_mvtec,cable,dense_sift,224,150,92,729,86.82809852300034,2,Tesla T4,codebook_dist,1024,0,9.125,1.043857571999979,4233.17578125,,0.8210269865067465,"{""bent_wire"": 0.8952254641909815, ""cable_swap"": 0.6451149425287356, ""combined"": 0.8996865203761755, ""cut_inner_insulation"": 0.7549261083743842, ""cut_outer_insulation"": 0.9689655172413794, ""missing_cable"": 1.0, ""missing_wire"": 0.6172413793103448, ""poke_insulation"": 0.7827586206896553}",0.8697357662276656,9.125,38.529486417000044,4233.17578125,0.0
p0_anomaly_mvtec|cable|dense_sift|codebook_norm|1024|0,p0_anomaly_mvtec,cable,dense_sift,224,150,92,729,86.82809852300034,2,Tesla T4,codebook_norm,1024,0,9.125,1.8550202649998937,4233.17578125,,0.8244002998500748,"{""bent_wire"": 0.9137931034482758, ""cable_swap"": 0.6508620689655172, ""combined"": 0.9090909090909092, ""cut_inner_insulation"": 0.7536945812807883, ""cut_outer_insulation"": 0.9758620689655173, ""missing_cable"": 1.0, ""missing_wire"": 0.6103448275862069, ""poke_insulation"": 0.7741379310344827}",0.8663969922343348,9.125,38.529486417000044,4233.17578125,0.0
p0_anomaly_mvtec|cable|dense_sift|hist_knn|1024|0,p0_anomaly_mvtec,cable,dense_sift,224,150,92,729,86.82809852300034,2,Tesla T4,hist_knn,1024,0,11.30322265625,2.6965191750000486,4233.17578125,,0.7902923538230884,"{""bent_wire"": 0.8236074270557029, ""cable_swap"": 0.7298850574712644, ""combined"": 0.9043887147335423, ""cut_inner_insulation"": 0.791871921182266, ""cut_outer_insulation"": 0.656896551724138, ""missing_cable"": 0.9209770114942528, ""missing_wire"": 0.8189655172413793, ""poke_insulation"": 0.6396551724137931}",,9.125,38.529486417000044,4233.17578125,0.0
p0_anomaly_mvtec|capsule|dinov2_s|patch_knn|0|0,p0_anomaly_mvtec,capsule,dinov2_s,219,132,109,1024,21.017523612999867,2,Tesla T4,patch_knn,0,0,3416.51171875,8.998811206000028,4233.17578125,224256.0,0.9664938173115278,"{""crack"": 0.9659735349716446, ""faulty_imprint"": 0.9446640316205533, ""poke"": 0.9565217391304348, ""scratch"": 0.9773156899810964, ""squeeze"": 0.9891304347826088}",0.9912561292814678,,,,
p0_anomaly_mvtec|capsule|dinov2_s|global_knn|0|0,p0_anomaly_mvtec,capsule,dinov2_s,219,132,109,1024,21.017523612999867,2,Tesla T4,global_knn,0,0,9.94580078125,0.0069974059997548466,4233.17578125,,0.9309932189868368,"{""crack"": 0.9451795841209829, ""faulty_imprint"": 0.8932806324110671, ""poke"": 0.9606625258799173, ""scratch"": 0.8657844990548204, ""squeeze"": 1.0}",,,,,
p0_anomaly_mvtec|capsule|dinov2_s|codebook_dist|64|0,p0_anomaly_mvtec,capsule,dinov2_s,219,132,109,1024,21.017523612999867,2,Tesla T4,codebook_dist,64,0,9.125,0.4697681740003645,4233.17578125,,0.8548065416832868,"{""crack"": 0.8563327032136107, ""faulty_imprint"": 0.8023715415019763, ""poke"": 0.8219461697722568, ""scratch"": 0.947069943289225, ""squeeze"": 0.8391304347826086}",0.9809223170220809,9.125,7.0327892519999295,4233.17578125,0.0
p0_anomaly_mvtec|capsule|dinov2_s|codebook_norm|64|0,p0_anomaly_mvtec,capsule,dinov2_s,219,132,109,1024,21.017523612999867,2,Tesla T4,codebook_norm,64,0,9.125,0.9176517159999094,4233.17578125,,0.7100119664938174,"{""crack"": 0.718336483931947, ""faulty_imprint"": 0.7252964426877471, ""poke"": 0.6376811594202899, ""scratch"": 0.6483931947069943, ""squeeze"": 0.8304347826086956}",0.9531497651443639,9.125,7.0327892519999295,4233.17578125,0.0
p0_anomaly_mvtec|capsule|dinov2_s|hist_knn|64|0,p0_anomaly_mvtec,capsule,dinov2_s,219,132,109,1024,21.017523612999867,2,Tesla T4,hist_knn,64,0,9.4345703125,1.8482907120001073,4233.17578125,,0.7387315516553651,"{""crack"": 0.5916824196597354, ""faulty_imprint"": 0.7529644268774704, ""poke"": 0.8012422360248447, ""scratch"": 0.6767485822306237, ""squeeze"": 0.8978260869565217}",,9.125,7.0327892519999295,4233.17578125,0.0
p0_anomaly_mvtec|capsule|dinov2_s|codebook_dist|256|0,p0_anomaly_mvtec,capsule,dinov2_s,219,132,109,1024,21.017523612999867,2,Tesla T4,codebook_dist,256,0,9.125,0.8479361760000756,4233.17578125,,0.9417630634224172,"{""crack"": 0.9413988657844992, ""faulty_imprint"": 0.8636363636363636, ""poke"": 0.9710144927536233, ""scratch"": 0.9716446124763705, ""squeeze"": 0.9630434782608696}",0.987407683764036,9.125,22.332792112000334,4233.17578125,0.0
p0_anomaly_mvtec|capsule|dinov2_s|codebook_norm|256|0,p0_anomaly_mvtec,capsule,dinov2_s,219,132,109,1024,21.017523612999867,2,Tesla T4,codebook_norm,256,0,9.125,2.2589767869999378,4233.17578125,,0.8141204627044276,"{""crack"": 0.782608695652174, ""faulty_imprint"": 0.7391304347826088, ""poke"": 0.8136645962732919, ""scratch"": 0.771266540642722, ""squeeze"": 0.982608695652174}",0.9800545967043086,9.125,22.332792112000334,4233.17578125,0.0
p0_anomaly_mvtec|capsule|dinov2_s|hist_knn|256|0,p0_anomaly_mvtec,capsule,dinov2_s,219,132,109,1024,21.017523612999867,2,Tesla T4,hist_knn,256,0,9.7099609375,2.3023247840001204,4233.17578125,,0.7686477861986438,"{""crack"": 0.7032136105860113, ""faulty_imprint"": 0.6936758893280632, ""poke"": 0.7453416149068323, ""scratch"": 0.8223062381852553, ""squeeze"": 0.8891304347826087}",,9.125,22.332792112000334,4233.17578125,0.0
p0_anomaly_mvtec|capsule|dinov2_s|codebook_dist|1024|0,p0_anomaly_mvtec,capsule,dinov2_s,219,132,109,1024,21.017523612999867,2,Tesla T4,codebook_dist,1024,0,9.125,2.3008402539999224,4233.17578125,,0.9497407259672915,"{""crack"": 0.943289224952741, ""faulty_imprint"": 0.8873517786561265, ""poke"": 0.9627329192546584, ""scratch"": 0.9735349716446124, ""squeeze"": 0.9847826086956522}",0.9902617813175403,9.125,91.70181985199997,4233.17578125,0.0
p0_anomaly_mvtec|capsule|dinov2_s|codebook_norm|1024|0,p0_anomaly_mvtec,capsule,dinov2_s,219,132,109,1024,21.017523612999867,2,Tesla T4,codebook_norm,1024,0,9.125,4.633087909000096,4233.17578125,,0.8476266453928999,"{""crack"": 0.8544423440453686, ""faulty_imprint"": 0.7529644268774703, ""poke"": 0.8053830227743272, ""scratch"": 0.8487712665406427, ""squeeze"": 0.9869565217391305}",0.9798103841018002,9.125,91.70181985199997,4233.17578125,0.0
p0_anomaly_mvtec|capsule|dinov2_s|hist_knn|1024|0,p0_anomaly_mvtec,capsule,dinov2_s,219,132,109,1024,21.017523612999867,2,Tesla T4,hist_knn,1024,0,11.125,5.668702480999855,4233.17578125,,0.8228958915037895,"{""crack"": 0.8147448015122873, ""faulty_imprint"": 0.8300395256916997, ""poke"": 0.7287784679089028, ""scratch"": 0.8185255198487713, ""squeeze"": 0.9282608695652174}",,9.125,91.70181985199997,4233.17578125,0.0
p0_anomaly_mvtec|capsule|dense_sift|patch_knn|0|0,p0_anomaly_mvtec,capsule,dense_sift,219,132,109,729,80.15062132799994,2,Tesla T4,patch_knn,0,0,3162.640625,2.423033819000011,4233.17578125,159651.0,0.8113282808137215,"{""crack"": 0.8393194706994329, ""faulty_imprint"": 0.7252964426877471, ""poke"": 0.7246376811594203, ""scratch"": 0.8090737240075614, ""squeeze"": 0.967391304347826}",0.8776563142025825,,,,
p0_anomaly_mvtec|capsule|dense_sift|codebook_dist|64|0,p0_anomaly_mvtec,capsule,dense_sift,219,132,109,729,80.15062132799994,2,Tesla T4,codebook_dist,64,0,9.125,0.11896498899977814,4233.17578125,,0.5416832867969685,"{""crack"": 0.4083175803402647, ""faulty_imprint"": 0.49011857707509887, ""poke"": 0.45962732919254656, ""scratch"": 0.5255198487712666, ""squeeze"": 0.8565217391304347}",0.8326713998429544,9.125,3.329410413000005,4233.17578125,0.0
p0_anomaly_mvtec|capsule|dense_sift|codebook_norm|64|0,p0_anomaly_mvtec,capsule,dense_sift,219,132,109,729,80.15062132799994,2,Tesla T4,codebook_norm,64,0,9.125,0.34507217800000944,4233.17578125,,0.5987235739928202,"{""crack"": 0.6616257088846881, ""faulty_imprint"": 0.5197628458498024, ""poke"": 0.4575569358178054, ""scratch"": 0.5236294896030245, ""squeeze"": 0.8478260869565217}",0.7963201236103437,9.125,3.329410413000005,4233.17578125,0.0
p0_anomaly_mvtec|capsule|dense_sift|hist_knn|64|0,p0_anomaly_mvtec,capsule,dense_sift,219,132,109,729,80.15062132799994,2,Tesla T4,hist_knn,64,0,9.4345703125,0.4038888999998562,4233.17578125,,0.6390107698444356,"{""crack"": 0.6446124763705104, ""faulty_imprint"": 0.5790513833992095, ""poke"": 0.4927536231884058, ""scratch"": 0.5482041587901701, ""squeeze"": 0.9565217391304348}",,9.125,3.329410413000005,4233.17578125,0.0
p0_anomaly_mvtec|capsule|dense_sift|codebook_dist|256|0,p0_anomaly_mvtec,capsule,dense_sift,219,132,109,729,80.15062132799994,2,Tesla T4,codebook_dist,256,0,9.125,0.3202281719995881,4233.17578125,,0.6178699641005185,"{""crack"": 0.6181474480151229, ""faulty_imprint"": 0.6284584980237155, ""poke"": 0.4078674948240166, ""scratch"": 0.6162570888468809, ""squeeze"": 0.8282608695652173}",0.8488723585220226,9.125,10.384964010999738,4233.17578125,0.0
p0_anomaly_mvtec|capsule|dense_sift|codebook_norm|256|0,p0_anomaly_mvtec,capsule,dense_sift,219,132,109,729,80.15062132799994,2,Tesla T4,codebook_norm,256,0,9.125,0.6306091920000654,4233.17578125,,0.6202632628639809,"{""crack"": 0.5973534971644613, ""faulty_imprint"": 0.592885375494071, ""poke"": 0.47204968944099374, ""scratch"": 0.5368620037807184, ""squeeze"": 0.9282608695652175}",0.8239318583955206,9.125,10.384964010999738,4233.17578125,0.0
p0_anomaly_mvtec|capsule|dense_sift|hist_knn|256|0,p0_anomaly_mvtec,capsule,dense_sift,219,132,109,729,80.15062132799994,2,Tesla T4,hist_knn,256,0,9.7099609375,1.2154182350000156,4233.17578125,,0.6705225368966894,"{""crack"": 0.6578449905482042, ""faulty_imprint"": 0.6363636363636364, ""poke"": 0.5072463768115942, ""scratch"": 0.6351606805293006, ""squeeze"": 0.9347826086956522}",,9.125,10.384964010999738,4233.17578125,0.0
p0_anomaly_mvtec|capsule|dense_sift|codebook_dist|1024|0,p0_anomaly_mvtec,capsule,dense_sift,219,132,109,729,80.15062132799994,2,Tesla T4,codebook_dist,1024,0,9.125,1.3147033940003894,4233.17578125,,0.6461906661348227,"{""crack"": 0.6351606805293005, ""faulty_imprint"": 0.6324110671936759, ""poke"": 0.5341614906832298, ""scratch"": 0.6124763705103969, ""squeeze"": 0.8304347826086956}",0.8609147254178936,9.125,31.7926164710002,4233.17578125,0.0
p0_anomaly_mvtec|capsule|dense_sift|codebook_norm|1024|0,p0_anomaly_mvtec,capsule,dense_sift,219,132,109,729,80.15062132799994,2,Tesla T4,codebook_norm,1024,0,9.125,1.6961599100000058,4233.17578125,,0.727562824092541,"{""crack"": 0.7826086956521738, ""faulty_imprint"": 0.6640316205533597, ""poke"": 0.629399585921325, ""scratch"": 0.6578449905482041, ""squeeze"": 0.9173913043478261}",0.8531279937245755,9.125,31.7926164710002,4233.17578125,0.0
p0_anomaly_mvtec|capsule|dense_sift|hist_knn|1024|0,p0_anomaly_mvtec,capsule,dense_sift,219,132,109,729,80.15062132799994,2,Tesla T4,hist_knn,1024,0,11.125,2.4659211580001283,4233.17578125,,0.6549660949341843,"{""crack"": 0.6843100189035917, ""faulty_imprint"": 0.6264822134387352, ""poke"": 0.5279503105590062, ""scratch"": 0.659735349716446, ""squeeze"": 0.7804347826086957}",,9.125,31.7926164710002,4233.17578125,0.0
p0_anomaly_mvtec|grid|dinov2_s|patch_knn|0|0,p0_anomaly_mvtec,grid,dinov2_s,264,78,57,1024,12.241776278000088,2,Tesla T4,patch_knn,0,0,3484.1875,6.272520171999986,4233.17578125,270336.0,1.0,"{""bent"": 1.0, ""broken"": 1.0, ""glue"": 1.0, ""metal_contamination"": 1.0, ""thread"": 1.0}",0.9915116713189036,,,,
p0_anomaly_mvtec|grid|dinov2_s|global_knn|0|0,p0_anomaly_mvtec,grid,dinov2_s,264,78,57,1024,12.241776278000088,2,Tesla T4,global_knn,0,0,9.89990234375,0.010592546999760089,4233.17578125,,0.9757727652464494,"{""bent"": 0.9801587301587301, ""broken"": 1.0, ""glue"": 0.8961038961038961, ""metal_contamination"": 1.0, ""thread"": 1.0}",,,,,
p0_anomaly_mvtec|grid|dinov2_s|codebook_dist|64|0,p0_anomaly_mvtec,grid,dinov2_s,264,78,57,1024,12.241776278000088,2,Tesla T4,codebook_dist,64,0,9.125,0.41366833400024916,4233.17578125,,0.9949874686716792,"{""bent"": 1.0, ""broken"": 1.0, ""glue"": 0.974025974025974, ""metal_contamination"": 1.0, ""thread"": 1.0}",0.9924359547035042,9.125,6.032358983999984,4233.17578125,0.0
p0_anomaly_mvtec|grid|dinov2_s|codebook_norm|64|0,p0_anomaly_mvtec,grid,dinov2_s,264,78,57,1024,12.241776278000088,2,Tesla T4,codebook_norm,64,0,9.125,1.2837471580000965,4233.17578125,,0.9966583124477861,"{""bent"": 1.0, ""broken"": 1.0, ""glue"": 0.9826839826839827, ""metal_contamination"": 1.0, ""thread"": 1.0}",0.9871973896321129,9.125,6.032358983999984,4233.17578125,0.0
p0_anomaly_mvtec|grid|dinov2_s|hist_knn|64|0,p0_anomaly_mvtec,grid,dinov2_s,264,78,57,1024,12.241776278000088,2,Tesla T4,hist_knn,64,0,9.3681640625,1.311303075000069,4233.17578125,,0.7435254803675856,"{""bent"": 0.5833333333333334, ""broken"": 0.7698412698412699, ""glue"": 0.6363636363636364, ""metal_contamination"": 0.8095238095238095, ""thread"": 0.9307359307359307}",,9.125,6.032358983999984,4233.17578125,0.0
p0_anomaly_mvtec|grid|dinov2_s|codebook_dist|256|0,p0_anomaly_mvtec,grid,dinov2_s,264,78,57,1024,12.241776278000088,2,Tesla T4,codebook_dist,256,0,9.125,0.4796481190001032,4233.17578125,,0.9991645781119465,"{""bent"": 1.0, ""broken"": 1.0, ""glue"": 0.9956709956709956, ""metal_contamination"": 1.0, ""thread"": 1.0}",0.9921876929090887,9.125,21.70590911799991,4233.17578125,0.0
p0_anomaly_mvtec|grid|dinov2_s|codebook_norm|256|0,p0_anomaly_mvtec,grid,dinov2_s,264,78,57,1024,12.241776278000088,2,Tesla T4,codebook_norm,256,0,9.125,2.3936260479999873,4233.17578125,,1.0,"{""bent"": 1.0, ""broken"": 1.0, ""glue"": 1.0, ""metal_contamination"": 1.0, ""thread"": 1.0}",0.9787191030751123,9.125,21.70590911799991,4233.17578125,0.0
p0_anomaly_mvtec|grid|dinov2_s|hist_knn|256|0,p0_anomaly_mvtec,grid,dinov2_s,264,78,57,1024,12.241776278000088,2,Tesla T4,hist_knn,256,0,9.64208984375,2.1758319999999003,4233.17578125,,0.8086883876357561,"{""bent"": 0.753968253968254, ""broken"": 0.8214285714285714, ""glue"": 0.632034632034632, ""metal_contamination"": 0.8917748917748918, ""thread"": 0.948051948051948}",,9.125,21.70590911799991,4233.17578125,0.0
p0_anomaly_mvtec|grid|dinov2_s|codebook_dist|1024|0,p0_anomaly_mvtec,grid,dinov2_s,264,78,57,1024,12.241776278000088,2,Tesla T4,codebook_dist,1024,0,9.125,1.910155279999799,4233.17578125,,1.0,"{""bent"": 1.0, ""broken"": 1.0, ""glue"": 1.0, ""metal_contamination"": 1.0, ""thread"": 1.0}",0.9922387090799523,9.125,84.74011565199999,4233.17578125,0.0
p0_anomaly_mvtec|grid|dinov2_s|codebook_norm|1024|0,p0_anomaly_mvtec,grid,dinov2_s,264,78,57,1024,12.241776278000088,2,Tesla T4,codebook_norm,1024,0,9.125,4.552803673000199,4233.17578125,,1.0,"{""bent"": 1.0, ""broken"": 1.0, ""glue"": 1.0, ""metal_contamination"": 1.0, ""thread"": 1.0}",0.9747012030120762,9.125,84.74011565199999,4233.17578125,0.0
p0_anomaly_mvtec|grid|dinov2_s|hist_knn|1024|0,p0_anomaly_mvtec,grid,dinov2_s,264,78,57,1024,12.241776278000088,2,Tesla T4,hist_knn,1024,0,12.00146484375,6.511550327999885,4233.17578125,,0.7243107769423559,"{""bent"": 0.5317460317460317, ""broken"": 0.7301587301587302, ""glue"": 0.5627705627705628, ""metal_contamination"": 0.8917748917748918, ""thread"": 0.922077922077922}",,9.125,84.74011565199999,4233.17578125,0.0
p0_anomaly_mvtec|grid|dense_sift|patch_knn|0|0,p0_anomaly_mvtec,grid,dense_sift,264,78,57,729,76.21309556800043,2,Tesla T4,patch_knn,0,0,3178.765625,1.7487604469997677,4233.17578125,192456.0,0.4761904761904762,"{""bent"": 0.4047619047619048, ""broken"": 0.503968253968254, ""glue"": 0.38961038961038963, ""metal_contamination"": 0.38095238095238093, ""thread"": 0.7056277056277057}",0.7224900097637034,,,,
p0_anomaly_mvtec|grid|dense_sift|codebook_dist|64|0,p0_anomaly_mvtec,grid,dense_sift,264,78,57,729,76.21309556800043,2,Tesla T4,codebook_dist,64,0,9.125,0.06350684600010936,4233.17578125,,0.5020885547201337,"{""bent"": 0.5714285714285714, ""broken"": 0.39682539682539686, ""glue"": 0.4588744588744589, ""metal_contamination"": 0.5974025974025974, ""thread"": 0.4891774891774892}",0.47553638450548963,9.125,2.230506102000163,4233.17578125,0.0
p0_anomaly_mvtec|grid|dense_sift|codebook_norm|64|0,p0_anomaly_mvtec,grid,dense_sift,264,78,57,729,76.21309556800043,2,Tesla T4,codebook_norm,64,0,9.125,0.3390019130001747,4233.17578125,,0.46616541353383456,"{""bent"": 0.32936507936507936, ""broken"": 0.5714285714285714, ""glue"": 0.645021645021645, ""metal_contamination"": 0.354978354978355, ""thread"": 0.4329004329004329}",0.6095064904696714,9.125,2.230506102000163,4233.17578125,0.0
p0_anomaly_mvtec|grid|dense_sift|hist_knn|64|0,p0_anomaly_mvtec,grid,dense_sift,264,78,57,729,76.21309556800043,2,Tesla T4,hist_knn,64,0,9.3681640625,0.3429077870000583,4233.17578125,,0.5898078529657477,"{""bent"": 0.5595238095238095, ""broken"": 0.5515873015873016, ""glue"": 0.5281385281385282, ""metal_contamination"": 0.5238095238095237, ""thread"": 0.7922077922077922}",,9.125,2.230506102000163,4233.17578125,0.0
p0_anomaly_mvtec|grid|dense_sift|codebook_dist|256|0,p0_anomaly_mvtec,grid,dense_sift,264,78,57,729,76.21309556800043,2,Tesla T4,codebook_dist,256,0,9.125,0.15498486200021944,4233.17578125,,0.5338345864661654,"{""bent"": 0.5595238095238095, ""broken"": 0.39285714285714285, ""glue"": 0.6017316017316017, ""metal_contamination"": 0.6017316017316018, ""thread"": 0.5238095238095238}",0.5518042321930656,9.125,10.774488179999935,4233.17578125,0.0
p0_anomaly_mvtec|grid|dense_sift|codebook_norm|256|0,p0_anomaly_mvtec,grid,dense_sift,264,78,57,729,76.21309556800043,2,Tesla T4,codebook_norm,256,0,9.125,0.6793571250000241,4233.17578125,,0.4135338345864662,"{""bent"": 0.24603174603174605, ""broken"": 0.48412698412698413, ""glue"": 0.38961038961038963, ""metal_contamination"": 0.42857142857142855, ""thread"": 0.5281385281385282}",0.6815642688468062,9.125,10.774488179999935,4233.17578125,0.0
p0_anomaly_mvtec|grid|dense_sift|hist_knn|256|0,p0_anomaly_mvtec,grid,dense_sift,264,78,57,729,76.21309556800043,2,Tesla T4,hist_knn,256,0,9.64208984375,0.8031194670002151,4233.17578125,,0.4920634920634921,"{""bent"": 0.5317460317460317, ""broken"": 0.49603174603174605, ""glue"": 0.5627705627705628, ""metal_contamination"": 0.28571428571428575, ""thread"": 0.5800865800865801}",,9.125,10.774488179999935,4233.17578125,0.0
p0_anomaly_mvtec|grid|dense_sift|codebook_dist|1024|0,p0_anomaly_mvtec,grid,dense_sift,264,78,57,729,76.21309556800043,2,Tesla T4,codebook_dist,1024,0,9.125,0.72237016400004,4233.17578125,,0.5179615705931495,"{""bent"": 0.5555555555555556, ""broken"": 0.4087301587301588, ""glue"": 0.4805194805194805, ""metal_contamination"": 0.6233766233766234, ""thread"": 0.5281385281385281}",0.6118435319653817,9.125,40.32916538000018,4233.17578125,0.0
p0_anomaly_mvtec|grid|dense_sift|codebook_norm|1024|0,p0_anomaly_mvtec,grid,dense_sift,264,78,57,729,76.21309556800043,2,Tesla T4,codebook_norm,1024,0,9.125,1.99945251500003,4233.17578125,,0.5722639933166249,"{""bent"": 0.4563492063492064, ""broken"": 0.5515873015873015, ""glue"": 0.5411255411255411, ""metal_contamination"": 0.46320346320346323, ""thread"": 0.8614718614718615}",0.7952296308507136,9.125,40.32916538000018,4233.17578125,0.0
p0_anomaly_mvtec|grid|dense_sift|hist_knn|1024|0,p0_anomaly_mvtec,grid,dense_sift,264,78,57,729,76.21309556800043,2,Tesla T4,hist_knn,1024,0,12.00146484375,2.4741305500001545,4233.17578125,,0.48454469507101083,"{""bent"": 0.3888888888888889, ""broken"": 0.4801587301587302, ""glue"": 0.5324675324675324, ""metal_contamination"": 0.48484848484848486, ""thread"": 0.5454545454545454}",,9.125,40.32916538000018,4233.17578125,0.0
p0_anomaly_mvtec|hazelnut|dinov2_s|patch_knn|0|0,p0_anomaly_mvtec,hazelnut,dinov2_s,391,110,70,1024,30.32248612500007,2,Tesla T4,patch_knn,0,0,3675.18359375,12.946232626999972,4233.17578125,400384.0,0.9946428571428572,"{""crack"": 1.0, ""cut"": 0.9779411764705881, ""hole"": 1.0, ""print"": 1.0}",0.9964399205190607,,,,
p0_anomaly_mvtec|hazelnut|dinov2_s|global_knn|0|0,p0_anomaly_mvtec,hazelnut,dinov2_s,391,110,70,1024,30.32248612500007,2,Tesla T4,global_knn,0,0,10.2724609375,0.0050183080002170755,4233.17578125,,0.9278571428571429,"{""crack"": 1.0, ""cut"": 0.8014705882352942, ""hole"": 0.9888888888888889, ""print"": 0.9132352941176471}",,,,,
p0_anomaly_mvtec|hazelnut|dinov2_s|codebook_dist|64|0,p0_anomaly_mvtec,hazelnut,dinov2_s,391,110,70,1024,30.32248612500007,2,Tesla T4,codebook_dist,64,0,9.125,0.3940117920001285,4233.17578125,,0.97,"{""crack"": 0.9902777777777777, ""cut"": 0.9249999999999999, ""hole"": 0.9944444444444444, ""print"": 0.9676470588235293}",0.9958802367083085,9.125,5.172851405000074,4233.17578125,0.0
p0_anomaly_mvtec|hazelnut|dinov2_s|codebook_norm|64|0,p0_anomaly_mvtec,hazelnut,dinov2_s,391,110,70,1024,30.32248612500007,2,Tesla T4,codebook_norm,64,0,9.125,2.3581418910002867,4233.17578125,,0.865,"{""crack"": 0.9430555555555555, ""cut"": 0.788235294117647, ""hole"": 0.9777777777777779, ""print"": 0.7397058823529412}",0.9926219010351024,9.125,5.172851405000074,4233.17578125,0.0
p0_anomaly_mvtec|hazelnut|dinov2_s|hist_knn|64|0,p0_anomaly_mvtec,hazelnut,dinov2_s,391,110,70,1024,30.32248612500007,2,Tesla T4,hist_knn,64,0,9.57958984375,1.9451881570003025,4233.17578125,,0.7000000000000001,"{""crack"": 0.9041666666666667, ""cut"": 0.5705882352941176, ""hole"": 0.5916666666666667, ""print"": 0.7279411764705882}",,9.125,5.172851405000074,4233.17578125,0.0
p0_anomaly_mvtec|hazelnut|dinov2_s|codebook_dist|256|0,p0_anomaly_mvtec,hazelnut,dinov2_s,391,110,70,1024,30.32248612500007,2,Tesla T4,codebook_dist,256,0,9.125,1.080381664000015,4233.17578125,,0.9785714285714285,"{""crack"": 0.9958333333333333, ""cut"": 0.9411764705882353, ""hole"": 0.9986111111111111, ""print"": 0.9764705882352941}",0.9962954567170252,9.125,22.232613411999864,4233.17578125,0.0
p0_anomaly_mvtec|hazelnut|dinov2_s|codebook_norm|256|0,p0_anomaly_mvtec,hazelnut,dinov2_s,391,110,70,1024,30.32248612500007,2,Tesla T4,codebook_norm,256,0,9.125,2.5414597489998414,4233.17578125,,0.8132142857142857,"{""crack"": 0.9500000000000001, ""cut"": 0.6529411764705881, ""hole"": 0.9, ""print"": 0.7367647058823529}",0.9918911212194444,9.125,22.232613411999864,4233.17578125,0.0
p0_anomaly_mvtec|hazelnut|dinov2_s|hist_knn|256|0,p0_anomaly_mvtec,hazelnut,dinov2_s,391,110,70,1024,30.32248612500007,2,Tesla T4,hist_knn,256,0,9.9462890625,3.1329859830002533,4233.17578125,,0.7853571428571429,"{""crack"": 0.9263888888888889, ""cut"": 0.6867647058823528, ""hole"": 0.7305555555555555, ""print"": 0.7926470588235295}",,9.125,22.232613411999864,4233.17578125,0.0
p0_anomaly_mvtec|hazelnut|dinov2_s|codebook_dist|1024|0,p0_anomaly_mvtec,hazelnut,dinov2_s,391,110,70,1024,30.32248612500007,2,Tesla T4,codebook_dist,1024,0,9.125,1.8636795300003541,4233.17578125,,0.9914285714285713,"{""crack"": 1.0, ""cut"": 0.9676470588235293, ""hole"": 1.0, ""print"": 0.9970588235294118}",0.9963669002842502,9.125,86.82955075500013,4233.17578125,0.0
p0_anomaly_mvtec|hazelnut|dinov2_s|codebook_norm|1024|0,p0_anomaly_mvtec,hazelnut,dinov2_s,391,110,70,1024,30.32248612500007,2,Tesla T4,codebook_norm,1024,0,9.125,7.986114961000112,4286.953125,,0.8253571428571428,"{""crack"": 0.9152777777777777, ""cut"": 0.6602941176470589, ""hole"": 0.8472222222222223, ""print"": 0.8720588235294118}",0.988409738911501,9.125,86.82955075500013,4233.17578125,0.0
p0_anomaly_mvtec|hazelnut|dinov2_s|hist_knn|1024|0,p0_anomaly_mvtec,hazelnut,dinov2_s,391,110,70,1024,30.32248612500007,2,Tesla T4,hist_knn,1024,0,12.181640625,8.153469736999796,4286.953125,,0.6992857142857143,"{""crack"": 0.9125, ""cut"": 0.6073529411764705, ""hole"": 0.6208333333333333, ""print"": 0.6485294117647059}",,9.125,86.82955075500013,4233.17578125,0.0
p0_anomaly_mvtec|hazelnut|dense_sift|patch_knn|0|0,p0_anomaly_mvtec,hazelnut,dense_sift,391,110,70,729,120.51861994000092,2,Tesla T4,patch_knn,0,0,3224.24365234375,3.513384213999416,4286.953125,285039.0,0.9603571428571428,"{""crack"": 0.9638888888888889, ""cut"": 0.9205882352941176, ""hole"": 0.9708333333333333, ""print"": 0.9852941176470588}",0.9602243825191021,,,,
p0_anomaly_mvtec|hazelnut|dense_sift|codebook_dist|64|0,p0_anomaly_mvtec,hazelnut,dense_sift,391,110,70,729,120.51861994000092,2,Tesla T4,codebook_dist,64,0,9.125,0.10576594000031037,4286.953125,,0.6707142857142857,"{""crack"": 0.7916666666666666, ""cut"": 0.5617647058823529, ""hole"": 0.4777777777777778, ""print"": 0.8558823529411765}",0.8897270670611825,9.125,2.027869982000084,4286.953125,0.0
p0_anomaly_mvtec|hazelnut|dense_sift|codebook_norm|64|0,p0_anomaly_mvtec,hazelnut,dense_sift,391,110,70,729,120.51861994000092,2,Tesla T4,codebook_norm,64,0,9.125,0.8117688270003782,4286.953125,,0.7235714285714285,"{""crack"": 0.8013888888888889, ""cut"": 0.5544117647058824, ""hole"": 0.5847222222222223, ""print"": 0.9573529411764706}",0.8136048092304764,9.125,2.027869982000084,4286.953125,0.0
p0_anomaly_mvtec|hazelnut|dense_sift|hist_knn|64|0,p0_anomaly_mvtec,hazelnut,dense_sift,391,110,70,729,120.51861994000092,2,Tesla T4,hist_knn,64,0,9.57958984375,0.5283893669993631,4286.953125,,0.7789285714285714,"{""crack"": 0.8291666666666666, ""cut"": 0.775, ""hole"": 0.6791666666666666, ""print"": 0.8352941176470587}",,9.125,2.027869982000084,4286.953125,0.0
p0_anomaly_mvtec|hazelnut|dense_sift|codebook_dist|256|0,p0_anomaly_mvtec,hazelnut,dense_sift,391,110,70,729,120.51861994000092,2,Tesla T4,codebook_dist,256,0,9.125,0.2372824189997118,4286.953125,,0.7960714285714287,"{""crack"": 0.8138888888888889, ""cut"": 0.6867647058823529, ""hole"": 0.7388888888888889, ""print"": 0.9470588235294117}",0.914864105323625,9.125,7.399946997999905,4286.953125,0.0
p0_anomaly_mvtec|hazelnut|dense_sift|codebook_norm|256|0,p0_anomaly_mvtec,hazelnut,dense_sift,391,110,70,729,120.51861994000092,2,Tesla T4,codebook_norm,256,0,9.125,1.536945705999642,4286.953125,,0.7342857142857143,"{""crack"": 0.8527777777777779, ""cut"": 0.5970588235294118, ""hole"": 0.5986111111111112, ""print"": 0.8897058823529411}",0.8709046657662719,9.125,7.399946997999905,4286.953125,0.0
p0_anomaly_mvtec|hazelnut|dense_sift|hist_knn|256|0,p0_anomaly_mvtec,hazelnut,dense_sift,391,110,70,729,120.51861994000092,2,Tesla T4,hist_knn,256,0,9.9462890625,1.2140808600006494,4286.953125,,0.8242857142857143,"{""crack"": 0.7930555555555556, ""cut"": 0.8088235294117646, ""hole"": 0.8444444444444444, ""print"": 0.8514705882352941}",,9.125,7.399946997999905,4286.953125,0.0
p0_anomaly_mvtec|hazelnut|dense_sift|codebook_dist|1024|0,p0_anomaly_mvtec,hazelnut,dense_sift,391,110,70,729,120.51861994000092,2,Tesla T4,codebook_dist,1024,0,9.125,0.7226274360000389,4286.953125,,0.8610714285714286,"{""crack"": 0.8152777777777777, ""cut"": 0.788235294117647, ""hole"": 0.8638888888888888, ""print"": 0.9794117647058824}",0.9351093216355756,9.125,34.523980908999874,4286.953125,0.0
p0_anomaly_mvtec|hazelnut|dense_sift|codebook_norm|1024|0,p0_anomaly_mvtec,hazelnut,dense_sift,391,110,70,729,120.51861994000092,2,Tesla T4,codebook_norm,1024,0,9.125,3.934575037000286,4286.953125,,0.8017857142857143,"{""crack"": 0.8250000000000002, ""cut"": 0.7205882352941176, ""hole"": 0.7277777777777777, ""print"": 0.9367647058823529}",0.9057574908858526,9.125,34.523980908999874,4286.953125,0.0
p0_anomaly_mvtec|hazelnut|dense_sift|hist_knn|1024|0,p0_anomaly_mvtec,hazelnut,dense_sift,391,110,70,729,120.51861994000092,2,Tesla T4,hist_knn,1024,0,12.181640625,3.5352273290000085,4286.953125,,0.8578571428571429,"{""crack"": 0.8958333333333333, ""cut"": 0.8058823529411765, ""hole"": 0.8277777777777778, ""print"": 0.9014705882352941}",,9.125,34.523980908999874,4286.953125,0.0
p0_anomaly_mvtec|leather|dinov2_s|patch_knn|0|0,p0_anomaly_mvtec,leather,dinov2_s,245,124,92,1024,20.056968901999426,2,Tesla T4,patch_knn,0,0,3456.11328125,9.309352395000133,4286.953125,250880.0,1.0,"{""color"": 1.0, ""cut"": 1.0, ""fold"": 1.0, ""glue"": 1.0, ""poke"": 1.0}",0.9912677152242888,,,,
p0_anomaly_mvtec|leather|dinov2_s|global_knn|0|0,p0_anomaly_mvtec,leather,dinov2_s,245,124,92,1024,20.056968901999426,2,Tesla T4,global_knn,0,0,9.96533203125,0.007051489999867044,4286.953125,,0.9928668478260869,"{""color"": 0.96875, ""cut"": 1.0, ""fold"": 1.0, ""glue"": 0.9967105263157895, ""poke"": 1.0}",,,,,
p0_anomaly_mvtec|leather|dinov2_s|codebook_dist|64|0,p0_anomaly_mvtec,leather,dinov2_s,245,124,92,1024,20.056968901999426,2,Tesla T4,codebook_dist,64,0,9.125,0.4353637049998724,4286.953125,,1.0,"{""color"": 1.0, ""cut"": 1.0, ""fold"": 1.0, ""glue"": 1.0, ""poke"": 1.0}",0.9917136278224081,9.125,5.416788209000515,4286.953125,0.0
p0_anomaly_mvtec|leather|dinov2_s|codebook_norm|64|0,p0_anomaly_mvtec,leather,dinov2_s,245,124,92,1024,20.056968901999426,2,Tesla T4,codebook_norm,64,0,9.125,1.0097607229999994,4286.953125,,0.9983016304347826,"{""color"": 0.9917763157894737, ""cut"": 1.0, ""fold"": 1.0, ""glue"": 1.0, ""poke"": 1.0}",0.9639080692680677,9.125,5.416788209000515,4286.953125,0.0
p0_anomaly_mvtec|leather|dinov2_s|hist_knn|64|0,p0_anomaly_mvtec,leather,dinov2_s,245,124,92,1024,20.056968901999426,2,Tesla T4,hist_knn,64,0,9.44970703125,1.6128767750005863,4286.953125,,0.9677309782608695,"{""color"": 0.8717105263157895, ""cut"": 0.9917763157894737, ""fold"": 1.0, ""glue"": 0.9868421052631579, ""poke"": 0.9930555555555556}",,9.125,5.416788209000515,4286.953125,0.0
p0_anomaly_mvtec|leather|dinov2_s|codebook_dist|256|0,p0_anomaly_mvtec,leather,dinov2_s,245,124,92,1024,20.056968901999426,2,Tesla T4,codebook_dist,256,0,9.125,0.7302085199999055,4286.953125,,1.0,"{""color"": 1.0, ""cut"": 1.0, ""fold"": 1.0, ""glue"": 1.0, ""poke"": 1.0}",0.9914199845762042,9.125,21.25026089899984,4286.953125,0.0
p0_anomaly_mvtec|leather|dinov2_s|codebook_norm|256|0,p0_anomaly_mvtec,leather,dinov2_s,245,124,92,1024,20.056968901999426,2,Tesla T4,codebook_norm,256,0,9.125,2.427820304999841,4286.953125,,0.9996603260869565,"{""color"": 0.9983552631578947, ""cut"": 1.0, ""fold"": 1.0, ""glue"": 1.0, ""poke"": 1.0}",0.9287518474207105,9.125,21.25026089899984,4286.953125,0.0
p0_anomaly_mvtec|leather|dinov2_s|hist_knn|256|0,p0_anomaly_mvtec,leather,dinov2_s,245,124,92,1024,20.056968901999426,2,Tesla T4,hist_knn,256,0,9.724609375,2.2949000559992783,4286.953125,,0.9755434782608695,"{""color"": 0.899671052631579, ""cut"": 0.9901315789473684, ""fold"": 1.0, ""glue"": 0.993421052631579, ""poke"": 0.9982638888888888}",,9.125,21.25026089899984,4286.953125,0.0
p0_anomaly_mvtec|leather|dinov2_s|codebook_dist|1024|0,p0_anomaly_mvtec,leather,dinov2_s,245,124,92,1024,20.056968901999426,2,Tesla T4,codebook_dist,1024,0,9.125,3.0134905579998303,4286.953125,,1.0,"{""color"": 1.0, ""cut"": 1.0, ""fold"": 1.0, ""glue"": 1.0, ""poke"": 1.0}",0.9914057683484536,9.125,86.79935146099979,4286.953125,0.0
p0_anomaly_mvtec|leather|dinov2_s|codebook_norm|1024|0,p0_anomaly_mvtec,leather,dinov2_s,245,124,92,1024,20.056968901999426,2,Tesla T4,codebook_norm,1024,0,9.125,4.103466364000269,4286.953125,,1.0,"{""color"": 1.0, ""cut"": 1.0, ""fold"": 1.0, ""glue"": 1.0, ""poke"": 1.0}",0.8921579572676499,9.125,86.79935146099979,4286.953125,0.0
p0_anomaly_mvtec|leather|dinov2_s|hist_knn|1024|0,p0_anomaly_mvtec,leather,dinov2_s,245,124,92,1024,20.056968901999426,2,Tesla T4,hist_knn,1024,0,11.1689453125,7.393933373999971,4286.953125,,0.9898097826086956,"{""color"": 0.962171052631579, ""cut"": 1.0, ""fold"": 1.0, ""glue"": 0.9884868421052632, ""poke"": 1.0}",,9.125,86.79935146099979,4286.953125,0.0
p0_anomaly_mvtec|leather|dense_sift|patch_knn|0|0,p0_anomaly_mvtec,leather,dense_sift,245,124,92,729,86.10666924099951,2,Tesla T4,patch_knn,0,0,3172.712890625,2.5678599740003847,4286.953125,178605.0,0.938858695652174,"{""color"": 0.7779605263157895, ""cut"": 0.9802631578947368, ""fold"": 1.0, ""glue"": 0.9572368421052632, ""poke"": 0.9878472222222222}",0.9261235760034968,,,,
p0_anomaly_mvtec|leather|dense_sift|codebook_dist|64|0,p0_anomaly_mvtec,leather,dense_sift,245,124,92,729,86.10666924099951,2,Tesla T4,codebook_dist,64,0,9.125,0.13482397700045112,4286.953125,,0.828125,"{""color"": 0.5394736842105263, ""cut"": 0.8585526315789473, ""fold"": 0.9944852941176471, ""glue"": 0.850328947368421, ""poke"": 0.9201388888888888}",0.9061081671637936,9.125,3.255500424999809,4286.953125,0.0
p0_anomaly_mvtec|leather|dense_sift|codebook_norm|64|0,p0_anomaly_mvtec,leather,dense_sift,245,124,92,729,86.10666924099951,2,Tesla T4,codebook_norm,64,0,9.125,0.34314113200071006,4286.953125,,0.9208559782608696,"{""color"": 0.6842105263157895, ""cut"": 0.9884868421052632, ""fold"": 1.0, ""glue"": 0.9457236842105263, ""poke"": 0.9982638888888888}",0.9310391432526547,9.125,3.255500424999809,4286.953125,0.0
p0_anomaly_mvtec|leather|dense_sift|hist_knn|64|0,p0_anomaly_mvtec,leather,dense_sift,245,124,92,729,86.10666924099951,2,Tesla T4,hist_knn,64,0,9.44970703125,0.3660692929997822,4286.953125,,0.47078804347826086,"{""color"": 0.39638157894736836, ""cut"": 0.5016447368421053, ""fold"": 0.5919117647058824, ""glue"": 0.43421052631578944, ""poke"": 0.44097222222222227}",,9.125,3.255500424999809,4286.953125,0.0
p0_anomaly_mvtec|leather|dense_sift|codebook_dist|256|0,p0_anomaly_mvtec,leather,dense_sift,245,124,92,729,86.10666924099951,2,Tesla T4,codebook_dist,256,0,9.125,0.25949190799929056,4286.953125,,0.8546195652173914,"{""color"": 0.5345394736842105, ""cut"": 0.9144736842105263, ""fold"": 0.9981617647058824, ""glue"": 0.8930921052631579, ""poke"": 0.953125}",0.919783764580368,9.125,11.3293832570007,4286.953125,0.0
p0_anomaly_mvtec|leather|dense_sift|codebook_norm|256|0,p0_anomaly_mvtec,leather,dense_sift,245,124,92,729,86.10666924099951,2,Tesla T4,codebook_norm,256,0,9.125,0.6777291749995129,4286.953125,,0.9429347826086957,"{""color"": 0.7615131578947368, ""cut"": 0.9917763157894737, ""fold"": 1.0, ""glue"": 0.9720394736842105, ""poke"": 0.9982638888888888}",0.935108029421758,9.125,11.3293832570007,4286.953125,0.0
p0_anomaly_mvtec|leather|dense_sift|hist_knn|256|0,p0_anomaly_mvtec,leather,dense_sift,245,124,92,729,86.10666924099951,2,Tesla T4,hist_knn,256,0,9.724609375,0.990417367000191,4286.953125,,0.6127717391304349,"{""color"": 0.5016447368421053, ""cut"": 0.5016447368421052, ""fold"": 0.8878676470588236, ""glue"": 0.518092105263158, ""poke"": 0.6875}",,9.125,11.3293832570007,4286.953125,0.0
p0_anomaly_mvtec|leather|dense_sift|codebook_dist|1024|0,p0_anomaly_mvtec,leather,dense_sift,245,124,92,729,86.10666924099951,2,Tesla T4,codebook_dist,1024,0,9.125,0.8735740340007396,4286.953125,,0.8671875,"{""color"": 0.6052631578947368, ""cut"": 0.9013157894736842, ""fold"": 0.9981617647058824, ""glue"": 0.8947368421052632, ""poke"": 0.9548611111111112}",0.9233825585194994,9.125,38.146385797999756,4286.953125,0.0
p0_anomaly_mvtec|leather|dense_sift|codebook_norm|1024|0,p0_anomaly_mvtec,leather,dense_sift,245,124,92,729,86.10666924099951,2,Tesla T4,codebook_norm,1024,0,9.125,1.8611532189997888,4286.953125,,0.9680706521739131,"{""color"": 0.8585526315789473, ""cut"": 0.9967105263157895, ""fold"": 1.0, ""glue"": 0.9901315789473684, ""poke"": 1.0}",0.9392932688381276,9.125,38.146385797999756,4286.953125,0.0
p0_anomaly_mvtec|leather|dense_sift|hist_knn|1024|0,p0_anomaly_mvtec,leather,dense_sift,245,124,92,729,86.10666924099951,2,Tesla T4,hist_knn,1024,0,11.1689453125,3.576054686000134,4286.953125,,0.710258152173913,"{""color"": 0.6052631578947368, ""cut"": 0.6085526315789473, ""fold"": 0.9154411764705882, ""glue"": 0.6036184210526315, ""poke"": 0.8472222222222222}",,9.125,38.146385797999756,4286.953125,0.0
p0_anomaly_mvtec|metal_nut|dinov2_s|patch_knn|0|0,p0_anomaly_mvtec,metal_nut,dinov2_s,220,115,93,1024,10.55649128999903,2,Tesla T4,patch_knn,0,0,3418.015625,7.610562480999761,4286.953125,225280.0,1.0,"{""bent"": 1.0, ""color"": 1.0, ""flip"": 1.0, ""scratch"": 1.0}",0.9837402950343486,,,,
p0_anomaly_mvtec|metal_nut|dinov2_s|global_knn|0|0,p0_anomaly_mvtec,metal_nut,dinov2_s,220,115,93,1024,10.55649128999903,2,Tesla T4,global_knn,0,0,9.8828125,0.0046828860004097805,4286.953125,,0.9501466275659824,"{""bent"": 0.9545454545454546, ""color"": 0.871900826446281, ""flip"": 1.0, ""scratch"": 0.9703557312252964}",,,,,
p0_anomaly_mvtec|metal_nut|dinov2_s|codebook_dist|64|0,p0_anomaly_mvtec,metal_nut,dinov2_s,220,115,93,1024,10.55649128999903,2,Tesla T4,codebook_dist,64,0,9.125,0.42679610699997284,4286.953125,,0.8670576735092863,"{""bent"": 0.8345454545454545, ""color"": 0.884297520661157, ""flip"": 0.8438735177865613, ""scratch"": 0.9090909090909091}",0.9647679998253643,9.125,8.756347585000185,4286.953125,0.0
p0_anomaly_mvtec|metal_nut|dinov2_s|codebook_norm|64|0,p0_anomaly_mvtec,metal_nut,dinov2_s,220,115,93,1024,10.55649128999903,2,Tesla T4,codebook_norm,64,0,9.125,0.8917169589994955,4286.953125,,0.9188660801564027,"{""bent"": 0.8599999999999999, ""color"": 0.8925619834710744, ""flip"": 0.9980237154150198, ""scratch"": 0.9288537549407114}",0.9613895267686925,9.125,8.756347585000185,4286.953125,0.0
p0_anomaly_mvtec|metal_nut|dinov2_s|hist_knn|64|0,p0_anomaly_mvtec,metal_nut,dinov2_s,220,115,93,1024,10.55649128999903,2,Tesla T4,hist_knn,64,0,9.40234375,1.7283381939996616,4286.953125,,0.7922776148582601,"{""bent"": 0.5818181818181819, ""color"": 0.71900826446281, ""flip"": 1.0, ""scratch"": 0.883399209486166}",,9.125,8.756347585000185,4286.953125,0.0
p0_anomaly_mvtec|metal_nut|dinov2_s|codebook_dist|256|0,p0_anomaly_mvtec,metal_nut,dinov2_s,220,115,93,1024,10.55649128999903,2,Tesla T4,codebook_dist,256,0,9.125,0.7032315720007318,4286.953125,,0.9995112414467253,"{""bent"": 1.0, ""color"": 0.9979338842975207, ""flip"": 1.0, ""scratch"": 1.0}",0.9785120191233524,9.125,23.6124493289999,4286.953125,0.0
p0_anomaly_mvtec|metal_nut|dinov2_s|codebook_norm|256|0,p0_anomaly_mvtec,metal_nut,dinov2_s,220,115,93,1024,10.55649128999903,2,Tesla T4,codebook_norm,256,0,9.125,1.4741229880000901,4286.953125,,0.9139784946236559,"{""bent"": 0.8927272727272727, ""color"": 0.8884297520661157, ""flip"": 0.958498023715415, ""scratch"": 0.9169960474308301}",0.9688612043776206,9.125,23.6124493289999,4286.953125,0.0
p0_anomaly_mvtec|metal_nut|dinov2_s|hist_knn|256|0,p0_anomaly_mvtec,metal_nut,dinov2_s,220,115,93,1024,10.55649128999903,2,Tesla T4,hist_knn,256,0,9.6630859375,2.716400980999424,4286.953125,,0.7287390029325513,"{""bent"": 0.5909090909090909, ""color"": 0.5537190082644627, ""flip"": 1.0, ""scratch"": 0.7747035573122529}",,9.125,23.6124493289999,4286.953125,0.0
p0_anomaly_mvtec|metal_nut|dinov2_s|codebook_dist|1024|0,p0_anomaly_mvtec,metal_nut,dinov2_s,220,115,93,1024,10.55649128999903,2,Tesla T4,codebook_dist,1024,0,9.125,1.986609822999526,4286.953125,,0.9990224828934506,"{""bent"": 1.0, ""color"": 0.9958677685950413, ""flip"": 1.0, ""scratch"": 1.0}",0.9821930716265355,9.125,83.17167923999932,4286.953125,0.0
p0_anomaly_mvtec|metal_nut|dinov2_s|codebook_norm|1024|0,p0_anomaly_mvtec,metal_nut,dinov2_s,220,115,93,1024,10.55649128999903,2,Tesla T4,codebook_norm,1024,0,9.125,4.627063068000098,4286.953125,,0.9457478005865103,"{""bent"": 0.9454545454545454, ""color"": 0.9070247933884297, ""flip"": 1.0, ""scratch"": 0.9288537549407115}",0.9665434908156064,9.125,83.17167923999932,4286.953125,0.0
p0_anomaly_mvtec|metal_nut|dinov2_s|hist_knn|1024|0,p0_anomaly_mvtec,metal_nut,dinov2_s,220,115,93,1024,10.55649128999903,2,Tesla T4,hist_knn,1024,0,10.9814453125,5.266930187000071,4286.953125,,0.7331378299120235,"{""bent"": 0.6018181818181818, ""color"": 0.4793388429752067, ""flip"": 1.0, ""scratch"": 0.8517786561264822}",,9.125,83.17167923999932,4286.953125,0.0
p0_anomaly_mvtec|metal_nut|dense_sift|patch_knn|0|0,p0_anomaly_mvtec,metal_nut,dense_sift,220,115,93,729,78.77802950599926,2,Tesla T4,patch_knn,0,0,3162.95361328125,2.071974905999923,4286.953125,160380.0,0.8993157380254155,"{""bent"": 0.9563636363636363, ""color"": 0.7293388429752067, ""flip"": 1.0, ""scratch"": 0.8992094861660079}",0.9037627640142796,,,,
p0_anomaly_mvtec|metal_nut|dense_sift|codebook_dist|64|0,p0_anomaly_mvtec,metal_nut,dense_sift,220,115,93,729,78.77802950599926,2,Tesla T4,codebook_dist,64,0,9.125,0.11420261599960213,4286.953125,,0.45796676441837736,"{""bent"": 0.3109090909090909, ""color"": 0.4421487603305785, ""flip"": 0.7312252964426877, ""scratch"": 0.35968379446640314}",0.648440379513394,9.125,3.9059840259997145,4286.953125,0.0
p0_anomaly_mvtec|metal_nut|dense_sift|codebook_norm|64|0,p0_anomaly_mvtec,metal_nut,dense_sift,220,115,93,729,78.77802950599926,2,Tesla T4,codebook_norm,64,0,9.125,0.32865614799993637,4286.953125,,0.6021505376344086,"{""bent"": 0.42545454545454553, ""color"": 0.609504132231405, ""flip"": 0.883399209486166, ""scratch"": 0.5059288537549407}",0.7801718432225321,9.125,3.9059840259997145,4286.953125,0.0
p0_anomaly_mvtec|metal_nut|dense_sift|hist_knn|64|0,p0_anomaly_mvtec,metal_nut,dense_sift,220,115,93,729,78.77802950599926,2,Tesla T4,hist_knn,64,0,9.40234375,0.355497466000088,4286.953125,,0.7145650048875856,"{""bent"": 0.6781818181818182, ""color"": 0.4276859504132231, ""flip"": 1.0, ""scratch"": 0.7430830039525691}",,9.125,3.9059840259997145,4286.953125,0.0
p0_anomaly_mvtec|metal_nut|dense_sift|codebook_dist|256|0,p0_anomaly_mvtec,metal_nut,dense_sift,220,115,93,729,78.77802950599926,2,Tesla T4,codebook_dist,256,0,9.125,0.26432716399995115,4286.953125,,0.635386119257087,"{""bent"": 0.4672727272727273, ""color"": 0.518595041322314, ""flip"": 0.9604743083003953, ""scratch"": 0.6047430830039526}",0.8238760750754061,9.125,11.241516182999476,4286.953125,0.0
p0_anomaly_mvtec|metal_nut|dense_sift|codebook_norm|256|0,p0_anomaly_mvtec,metal_nut,dense_sift,220,115,93,729,78.77802950599926,2,Tesla T4,codebook_norm,256,0,9.125,0.7033036220000213,4286.953125,,0.6275659824046921,"{""bent"": 0.4036363636363637, ""color"": 0.5, ""flip"": 0.9960474308300395, ""scratch"": 0.624505928853755}",0.885284029282479,9.125,11.241516182999476,4286.953125,0.0
p0_anomaly_mvtec|metal_nut|dense_sift|hist_knn|256|0,p0_anomaly_mvtec,metal_nut,dense_sift,220,115,93,729,78.77802950599926,2,Tesla T4,hist_knn,256,0,9.6630859375,0.8041399000003366,4286.953125,,0.6832844574780059,"{""bent"": 0.6581818181818182, ""color"": 0.40702479338842984, ""flip"": 1.0, ""scratch"": 0.6581027667984191}",,9.125,11.241516182999476,4286.953125,0.0
p0_anomaly_mvtec|metal_nut|dense_sift|codebook_dist|1024|0,p0_anomaly_mvtec,metal_nut,dense_sift,220,115,93,729,78.77802950599926,2,Tesla T4,codebook_dist,1024,0,9.125,0.8173247329996229,4286.953125,,0.7267839687194525,"{""bent"": 0.650909090909091, ""color"": 0.5433884297520661, ""flip"": 1.0, ""scratch"": 0.7114624505928854}",0.8776613318176254,9.125,38.78789973700077,4286.953125,0.0
p0_anomaly_mvtec|metal_nut|dense_sift|codebook_norm|1024|0,p0_anomaly_mvtec,metal_nut,dense_sift,220,115,93,729,78.77802950599926,2,Tesla T4,codebook_norm,1024,0,9.125,1.7266678280002452,4286.953125,,0.803030303030303,"{""bent"": 0.729090909090909, ""color"": 0.6260330578512396, ""flip"": 1.0, ""scratch"": 0.8557312252964427}",0.8976824531824812,9.125,38.78789973700077,4286.953125,0.0
p0_anomaly_mvtec|metal_nut|dense_sift|hist_knn|1024|0,p0_anomaly_mvtec,metal_nut,dense_sift,220,115,93,729,78.77802950599926,2,Tesla T4,hist_knn,1024,0,10.9814453125,2.9116590200001156,4286.953125,,0.7116324535679375,"{""bent"": 0.7272727272727273, ""color"": 0.4669421487603306, ""flip"": 1.0, ""scratch"": 0.6403162055335968}",,9.125,38.78789973700077,4286.953125,0.0
p0_anomaly_mvtec|pill|dinov2_s|patch_knn|0|0,p0_anomaly_mvtec,pill,dinov2_s,267,167,141,1024,17.555453615999795,2,Tesla T4,patch_knn,0,0,3489.15625,12.363251637000758,4286.953125,273408.0,0.9899072558647026,"{""color"": 0.9815384615384615, ""combined"": 1.0, ""contamination"": 0.9945054945054945, ""crack"": 0.9748520710059172, ""faulty_imprint"": 0.9919028340080972, ""pill_type"": 1.0, ""scratch"": 0.9983974358974359}",0.9828595555598929,,,,
p0_anomaly_mvtec|pill|dinov2_s|global_knn|0|0,p0_anomaly_mvtec,pill,dinov2_s,267,167,141,1024,17.555453615999795,2,Tesla T4,global_knn,0,0,10.17919921875,0.0049399090003134916,4286.953125,,0.8524277141298418,"{""color"": 0.7538461538461538, ""combined"": 0.9796380090497737, ""contamination"": 0.9139194139194139, ""crack"": 0.7869822485207101, ""faulty_imprint"": 0.8967611336032388, ""pill_type"": 1.0, ""scratch"": 0.7916666666666667}",,,,,
p0_anomaly_mvtec|pill|dinov2_s|codebook_dist|64|0,p0_anomaly_mvtec,pill,dinov2_s,267,167,141,1024,17.555453615999795,2,Tesla T4,codebook_dist,64,0,9.125,0.5860291779999898,4286.953125,,0.8949809056192035,"{""color"": 0.6892307692307692, ""combined"": 0.9728506787330318, ""contamination"": 0.9615384615384615, ""crack"": 0.9245562130177515, ""faulty_imprint"": 0.8987854251012146, ""pill_type"": 0.9658119658119658, ""scratch"": 0.9342948717948718}",0.961989720161303,9.125,8.148404496000694,4286.953125,0.0
p0_anomaly_mvtec|pill|dinov2_s|codebook_norm|64|0,p0_anomaly_mvtec,pill,dinov2_s,267,167,141,1024,17.555453615999795,2,Tesla T4,codebook_norm,64,0,9.125,1.1011042169993743,4286.953125,,0.848063284233497,"{""color"": 0.6830769230769231, ""combined"": 0.9660633484162896, ""contamination"": 0.9065934065934065, ""crack"": 0.826923076923077, ""faulty_imprint"": 0.7874493927125505, ""pill_type"": 0.982905982905983, ""scratch"": 0.905448717948718}",0.9666039079155448,9.125,8.148404496000694,4286.953125,0.0
p0_anomaly_mvtec|pill|dinov2_s|hist_knn|64|0,p0_anomaly_mvtec,pill,dinov2_s,267,167,141,1024,17.555453615999795,2,Tesla T4,hist_knn,64,0,9.57568359375,2.344739178999589,4286.953125,,0.7891434806328423,"{""color"": 0.6338461538461538, ""combined"": 0.9751131221719458, ""contamination"": 0.8388278388278387, ""crack"": 0.6597633136094674, ""faulty_imprint"": 0.9008097165991904, ""pill_type"": 0.9444444444444444, ""scratch"": 0.7692307692307692}",,9.125,8.148404496000694,4286.953125,0.0
p0_anomaly_mvtec|pill|dinov2_s|codebook_dist|256|0,p0_anomaly_mvtec,pill,dinov2_s,267,167,141,1024,17.555453615999795,2,Tesla T4,codebook_dist,256,0,9.125,0.9951559809996979,4286.953125,,0.8638843426077469,"{""color"": 0.7676923076923077, ""combined"": 0.9298642533936652, ""contamination"": 0.9633699633699634, ""crack"": 0.7662721893491125, ""faulty_imprint"": 0.8360323886639676, ""pill_type"": 1.0, ""scratch"": 0.907051282051282}",0.9733905018759572,9.125,22.36038991500027,4286.953125,0.0
p0_anomaly_mvtec|pill|dinov2_s|codebook_norm|256|0,p0_anomaly_mvtec,pill,dinov2_s,267,167,141,1024,17.555453615999795,2,Tesla T4,codebook_norm,256,0,9.125,2.338822454000365,4286.953125,,0.8502454991816694,"{""color"": 0.8246153846153845, ""combined"": 0.923076923076923, ""contamination"": 0.9065934065934066, ""crack"": 0.742603550295858, ""faulty_imprint"": 0.8016194331983806, ""pill_type"": 0.9700854700854702, ""scratch"": 0.8862179487179487}",0.973687963374507,9.125,22.36038991500027,4286.953125,0.0
p0_anomaly_mvtec|pill|dinov2_s|hist_knn|256|0,p0_anomaly_mvtec,pill,dinov2_s,267,167,141,1024,17.555453615999795,2,Tesla T4,hist_knn,256,0,9.89306640625,2.69080646600014,4286.953125,,0.8775231860338243,"{""color"": 0.7092307692307692, ""combined"": 1.0, ""contamination"": 0.8846153846153846, ""crack"": 0.8298816568047337, ""faulty_imprint"": 0.9251012145748988, ""pill_type"": 0.9914529914529915, ""scratch"": 0.9310897435897436}",,9.125,22.36038991500027,4286.953125,0.0
p0_anomaly_mvtec|pill|dinov2_s|codebook_dist|1024|0,p0_anomaly_mvtec,pill,dinov2_s,267,167,141,1024,17.555453615999795,2,Tesla T4,codebook_dist,1024,0,9.125,2.8321066930002416,4286.953125,,0.9127114020731042,"{""color"": 0.8984615384615384, ""combined"": 0.9479638009049773, ""contamination"": 0.9725274725274725, ""crack"": 0.8579881656804733, ""faulty_imprint"": 0.8866396761133604, ""pill_type"": 0.9786324786324787, ""scratch"": 0.905448717948718}",0.9787618061187809,9.125,79.38239106499987,4286.953125,0.0
p0_anomaly_mvtec|pill|dinov2_s|codebook_norm|1024|0,p0_anomaly_mvtec,pill,dinov2_s,267,167,141,1024,17.555453615999795,2,Tesla T4,codebook_norm,1024,0,9.125,4.335757229000592,4286.953125,,0.917075831969449,"{""color"": 0.9476923076923077, ""combined"": 0.9909502262443439, ""contamination"": 0.9304029304029303, ""crack"": 0.841715976331361, ""faulty_imprint"": 0.8502024291497976, ""pill_type"": 1.0, ""scratch"": 0.9246794871794871}",0.9748372415283679,9.125,79.38239106499987,4286.953125,0.0
p0_anomaly_mvtec|pill|dinov2_s|hist_knn|1024|0,p0_anomaly_mvtec,pill,dinov2_s,267,167,141,1024,17.555453615999795,2,Tesla T4,hist_knn,1024,0,12.00146484375,8.204666994000036,4286.953125,,0.8687943262411347,"{""color"": 0.7769230769230769, ""combined"": 1.0, ""contamination"": 0.9267399267399267, ""crack"": 0.7514792899408284, ""faulty_imprint"": 0.9149797570850202, ""pill_type"": 0.888888888888889, ""scratch"": 0.9038461538461539}",,9.125,79.38239106499987,4286.953125,0.0
p0_anomaly_mvtec|pill|dense_sift|patch_knn|0|0,p0_anomaly_mvtec,pill,dense_sift,267,167,141,729,97.15488522300075,2,Tesla T4,patch_knn,0,0,3180.77392578125,3.5898064460006935,4286.953125,194643.0,0.6936715766503,"{""color"": 0.5384615384615384, ""combined"": 0.9932126696832579, ""contamination"": 0.7912087912087912, ""crack"": 0.6538461538461539, ""faulty_imprint"": 0.6336032388663968, ""pill_type"": 0.5299145299145299, ""scratch"": 0.7099358974358975}",0.7779721834276604,,,,
p0_anomaly_mvtec|pill|dense_sift|codebook_dist|64|0,p0_anomaly_mvtec,pill,dense_sift,267,167,141,729,97.15488522300075,2,Tesla T4,codebook_dist,64,0,9.125,0.15287862900004257,4286.953125,,0.4839061647572286,"{""color"": 0.32, ""combined"": 0.8076923076923077, ""contamination"": 0.5457875457875458, ""crack"": 0.46745562130177515, ""faulty_imprint"": 0.43117408906882587, ""pill_type"": 0.6153846153846154, ""scratch"": 0.3814102564102564}",0.5511413869926629,9.125,5.740440784999919,4286.953125,0.0
p0_anomaly_mvtec|pill|dense_sift|codebook_norm|64|0,p0_anomaly_mvtec,pill,dense_sift,267,167,141,729,97.15488522300075,2,Tesla T4,codebook_norm,64,0,9.125,0.3966274730000805,4286.953125,,0.4569012547735952,"{""color"": 0.3184615384615384, ""combined"": 0.7081447963800905, ""contamination"": 0.45970695970695963, ""crack"": 0.5428994082840237, ""faulty_imprint"": 0.32793522267206476, ""pill_type"": 0.594017094017094, ""scratch"": 0.3782051282051282}",0.5544329563038086,9.125,5.740440784999919,4286.953125,0.0
p0_anomaly_mvtec|pill|dense_sift|hist_knn|64|0,p0_anomaly_mvtec,pill,dense_sift,267,167,141,729,97.15488522300075,2,Tesla T4,hist_knn,64,0,9.57568359375,0.42101192500012985,4286.953125,,0.6854882705946536,"{""color"": 0.5446153846153845, ""combined"": 0.8959276018099548, ""contamination"": 0.8351648351648352, ""crack"": 0.7248520710059172, ""faulty_imprint"": 0.5506072874493927, ""pill_type"": 0.8461538461538461, ""scratch"": 0.5560897435897436}",,9.125,5.740440784999919,4286.953125,0.0
p0_anomaly_mvtec|pill|dense_sift|codebook_dist|256|0,p0_anomaly_mvtec,pill,dense_sift,267,167,141,729,97.15488522300075,2,Tesla T4,codebook_dist,256,0,9.125,0.3854224550004801,4286.953125,,0.5621931260229133,"{""color"": 0.43076923076923074, ""combined"": 0.8891402714932126, ""contamination"": 0.6593406593406592, ""crack"": 0.5754437869822485, ""faulty_imprint"": 0.4048582995951417, ""pill_type"": 0.4871794871794872, ""scratch"": 0.5208333333333334}",0.6253552555991801,9.125,10.92794170199977,4286.953125,0.0
p0_anomaly_mvtec|pill|dense_sift|codebook_norm|256|0,p0_anomaly_mvtec,pill,dense_sift,267,167,141,729,97.15488522300075,2,Tesla T4,codebook_norm,256,0,9.125,0.7956808519993501,4286.953125,,0.6102018548827058,"{""color"": 0.47538461538461535, ""combined"": 0.8484162895927602, ""contamination"": 0.7637362637362637, ""crack"": 0.6686390532544378, ""faulty_imprint"": 0.4089068825910931, ""pill_type"": 0.52991452991453, ""scratch"": 0.5737179487179488}",0.5698040154260123,9.125,10.92794170199977,4286.953125,0.0
p0_anomaly_mvtec|pill|dense_sift|hist_knn|256|0,p0_anomaly_mvtec,pill,dense_sift,267,167,141,729,97.15488522300075,2,Tesla T4,hist_knn,256,0,9.89306640625,1.0175524739997854,4286.953125,,0.6677577741407529,"{""color"": 0.5523076923076923, ""combined"": 0.8993212669683259, ""contamination"": 0.7692307692307692, ""crack"": 0.7766272189349113, ""faulty_imprint"": 0.5546558704453441, ""pill_type"": 0.6752136752136753, ""scratch"": 0.5040064102564102}",,9.125,10.92794170199977,4286.953125,0.0
p0_anomaly_mvtec|pill|dense_sift|codebook_dist|1024|0,p0_anomaly_mvtec,pill,dense_sift,267,167,141,729,97.15488522300075,2,Tesla T4,codebook_dist,1024,0,9.125,1.1262774910001099,4286.953125,,0.6282051282051283,"{""color"": 0.5061538461538462, ""combined"": 0.9117647058823529, ""contamination"": 0.7948717948717948, ""crack"": 0.5813609467455622, ""faulty_imprint"": 0.4898785425101215, ""pill_type"": 0.47008547008547, ""scratch"": 0.6282051282051283}",0.6437171106499451,9.125,31.667466021999644,4286.953125,0.0
p0_anomaly_mvtec|pill|dense_sift|codebook_norm|1024|0,p0_anomaly_mvtec,pill,dense_sift,267,167,141,729,97.15488522300075,2,Tesla T4,codebook_norm,1024,0,9.125,2.021787050000057,4286.953125,,0.6421167484997272,"{""color"": 0.5461538461538462, ""combined"": 0.8800904977375565, ""contamination"": 0.7197802197802198, ""crack"": 0.6745562130177515, ""faulty_imprint"": 0.5425101214574899, ""pill_type"": 0.4786324786324786, ""scratch"": 0.6105769230769231}",0.5742412463223067,9.125,31.667466021999644,4286.953125,0.0
p0_anomaly_mvtec|pill|dense_sift|hist_knn|1024|0,p0_anomaly_mvtec,pill,dense_sift,267,167,141,729,97.15488522300075,2,Tesla T4,hist_knn,1024,0,12.00146484375,2.8888466739999785,4286.953125,,0.6292962356792144,"{""color"": 0.5907692307692307, ""combined"": 0.7782805429864253, ""contamination"": 0.6648351648351648, ""crack"": 0.5769230769230769, ""faulty_imprint"": 0.6194331983805668, ""pill_type"": 0.6111111111111112, ""scratch"": 0.6041666666666666}",,9.125,31.667466021999644,4286.953125,0.0
p0_anomaly_mvtec|tile|dinov2_s|patch_knn|0|0,p0_anomaly_mvtec,tile,dinov2_s,230,117,84,1024,15.497438329000943,2,Tesla T4,patch_knn,0,0,3434.0546875,7.70264583900007,4286.953125,235520.0,1.0,"{""crack"": 1.0, ""glue_strip"": 1.0, ""gray_stroke"": 1.0, ""oil"": 1.0, ""rough"": 1.0}",0.9546156349452452,,,,
p0_anomaly_mvtec|tile|dinov2_s|global_knn|0|0,p0_anomaly_mvtec,tile,dinov2_s,230,117,84,1024,15.497438329000943,2,Tesla T4,global_knn,0,0,9.90966796875,0.004345919999650505,4286.953125,,0.9888167388167388,"{""crack"": 1.0, ""glue_strip"": 1.0, ""gray_stroke"": 0.9450757575757575, ""oil"": 1.0, ""rough"": 0.995959595959596}",,,,,
p0_anomaly_mvtec|tile|dinov2_s|codebook_dist|64|0,p0_anomaly_mvtec,tile,dinov2_s,230,117,84,1024,15.497438329000943,2,Tesla T4,codebook_dist,64,0,9.125,0.4008755549994021,4286.953125,,0.994949494949495,"{""crack"": 1.0, ""glue_strip"": 1.0, ""gray_stroke"": 0.9772727272727273, ""oil"": 1.0, ""rough"": 0.9959595959595959}",0.9550104081835906,9.125,5.151474581000002,4286.953125,0.0
p0_anomaly_mvtec|tile|dinov2_s|codebook_norm|64|0,p0_anomaly_mvtec,tile,dinov2_s,230,117,84,1024,15.497438329000943,2,Tesla T4,codebook_norm,64,0,9.125,1.2974114220005504,4286.953125,,0.9978354978354979,"{""crack"": 1.0, ""glue_strip"": 1.0, ""gray_stroke"": 0.990530303030303, ""oil"": 1.0, ""rough"": 0.997979797979798}",0.9432639879934563,9.125,5.151474581000002,4286.953125,0.0
p0_anomaly_mvtec|tile|dinov2_s|hist_knn|64|0,p0_anomaly_mvtec,tile,dinov2_s,230,117,84,1024,15.497438329000943,2,Tesla T4,hist_knn,64,0,9.41796875,1.2800044449995767,4286.953125,,0.9761904761904762,"{""crack"": 0.9839572192513368, ""glue_strip"": 0.9915824915824916, ""gray_stroke"": 0.9356060606060606, ""oil"": 1.0, ""rough"": 0.9636363636363636}",,9.125,5.151474581000002,4286.953125,0.0
p0_anomaly_mvtec|tile|dinov2_s|codebook_dist|256|0,p0_anomaly_mvtec,tile,dinov2_s,230,117,84,1024,15.497438329000943,2,Tesla T4,codebook_dist,256,0,9.125,0.6854026410001097,4286.953125,,0.9978354978354979,"{""crack"": 1.0, ""glue_strip"": 1.0, ""gray_stroke"": 0.9905303030303031, ""oil"": 1.0, ""rough"": 0.997979797979798}",0.9559154379643185,9.125,19.738813433999894,4286.953125,0.0
p0_anomaly_mvtec|tile|dinov2_s|codebook_norm|256|0,p0_anomaly_mvtec,tile,dinov2_s,230,117,84,1024,15.497438329000943,2,Tesla T4,codebook_norm,256,0,9.125,2.2347159920000195,4286.953125,,0.998917748917749,"{""crack"": 1.0, ""glue_strip"": 1.0, ""gray_stroke"": 0.9943181818181819, ""oil"": 1.0, ""rough"": 1.0}",0.9354933097434486,9.125,19.738813433999894,4286.953125,0.0
p0_anomaly_mvtec|tile|dinov2_s|hist_knn|256|0,p0_anomaly_mvtec,tile,dinov2_s,230,117,84,1024,15.497438329000943,2,Tesla T4,hist_knn,256,0,9.68310546875,2.1229895840006066,4286.953125,,0.9790764790764791,"{""crack"": 0.9928698752228164, ""glue_strip"": 0.9983164983164984, ""gray_stroke"": 0.9412878787878788, ""oil"": 1.0, ""rough"": 0.9555555555555555}",,9.125,19.738813433999894,4286.953125,0.0
p0_anomaly_mvtec|tile|dinov2_s|codebook_dist|1024|0,p0_anomaly_mvtec,tile,dinov2_s,230,117,84,1024,15.497438329000943,2,Tesla T4,codebook_dist,1024,0,9.125,1.9473679800003083,4286.953125,,0.9992784992784993,"{""crack"": 1.0, ""glue_strip"": 1.0, ""gray_stroke"": 1.0, ""oil"": 1.0, ""rough"": 0.995959595959596}",0.9548298572978637,9.125,77.3316256070002,4286.953125,0.0
p0_anomaly_mvtec|tile|dinov2_s|codebook_norm|1024|0,p0_anomaly_mvtec,tile,dinov2_s,230,117,84,1024,15.497438329000943,2,Tesla T4,codebook_norm,1024,0,9.125,5.087847236000016,4286.953125,,1.0,"{""crack"": 1.0, ""glue_strip"": 1.0, ""gray_stroke"": 1.0, ""oil"": 1.0, ""rough"": 1.0}",0.9291408817755397,9.125,77.3316256070002,4286.953125,0.0
p0_anomaly_mvtec|tile|dinov2_s|hist_knn|1024|0,p0_anomaly_mvtec,tile,dinov2_s,230,117,84,1024,15.497438329000943,2,Tesla T4,hist_knn,1024,0,11.04248046875,5.271827070999279,4286.953125,,0.9783549783549784,"{""crack"": 0.9803921568627452, ""glue_strip"": 1.0, ""gray_stroke"": 0.9791666666666667, ""oil"": 1.0, ""rough"": 0.9232323232323232}",,9.125,77.3316256070002,4286.953125,0.0
p0_anomaly_mvtec|tile|dense_sift|patch_knn|0|0,p0_anomaly_mvtec,tile,dense_sift,230,117,84,729,76.62339390099987,2,Tesla T4,patch_knn,0,0,3166.6708984375,2.219844614000067,4286.953125,167670.0,0.770923520923521,"{""crack"": 0.8270944741532975, ""glue_strip"": 0.9175084175084175, ""gray_stroke"": 0.8693181818181819, ""oil"": 0.4730639730639731, ""rough"": 0.7838383838383838}",0.69013824893616,,,,
p0_anomaly_mvtec|tile|dense_sift|codebook_dist|64|0,p0_anomaly_mvtec,tile,dense_sift,230,117,84,729,76.62339390099987,2,Tesla T4,codebook_dist,64,0,9.125,0.16940481000074215,4286.953125,,0.6536796536796536,"{""crack"": 0.7040998217468805, ""glue_strip"": 0.7558922558922558, ""gray_stroke"": 0.75, ""oil"": 0.3501683501683502, ""rough"": 0.7353535353535353}",0.7155703398996596,9.125,4.6371252119997735,4286.953125,0.0
p0_anomaly_mvtec|tile|dense_sift|codebook_norm|64|0,p0_anomaly_mvtec,tile,dense_sift,230,117,84,729,76.62339390099987,2,Tesla T4,codebook_norm,64,0,9.125,0.3302152809992549,4286.953125,,0.8531746031746033,"{""crack"": 0.8983957219251336, ""glue_strip"": 0.9713804713804713, ""gray_stroke"": 0.9261363636363636, ""oil"": 0.5808080808080809, ""rough"": 0.9090909090909091}",0.8134900938567124,9.125,4.6371252119997735,4286.953125,0.0
p0_anomaly_mvtec|tile|dense_sift|hist_knn|64|0,p0_anomaly_mvtec,tile,dense_sift,230,117,84,729,76.62339390099987,2,Tesla T4,hist_knn,64,0,9.41796875,0.3603129400007674,4286.953125,,0.6457431457431457,"{""crack"": 0.5971479500891266, ""glue_strip"": 0.7777777777777778, ""gray_stroke"": 0.7026515151515151, ""oil"": 0.5117845117845118, ""rough"": 0.6424242424242423}",,9.125,4.6371252119997735,4286.953125,0.0
p0_anomaly_mvtec|tile|dense_sift|codebook_dist|256|0,p0_anomaly_mvtec,tile,dense_sift,230,117,84,729,76.62339390099987,2,Tesla T4,codebook_dist,256,0,9.125,0.4126220039997861,4286.953125,,0.75,"{""crack"": 0.7771836007130125, ""glue_strip"": 0.8956228956228957, ""gray_stroke"": 0.856060606060606, ""oil"": 0.4057239057239057, ""rough"": 0.8444444444444446}",0.7317749241226049,9.125,7.984994237999672,4286.953125,0.0
p0_anomaly_mvtec|tile|dense_sift|codebook_norm|256|0,p0_anomaly_mvtec,tile,dense_sift,230,117,84,729,76.62339390099987,2,Tesla T4,codebook_norm,256,0,9.125,0.6436479259991756,4286.953125,,0.8556998556998558,"{""crack"": 0.9180035650623886, ""glue_strip"": 0.9579124579124579, ""gray_stroke"": 0.990530303030303, ""oil"": 0.5454545454545454, ""rough"": 0.890909090909091}",0.8397787528239218,9.125,7.984994237999672,4286.953125,0.0
p0_anomaly_mvtec|tile|dense_sift|hist_knn|256|0,p0_anomaly_mvtec,tile,dense_sift,230,117,84,729,76.62339390099987,2,Tesla T4,hist_knn,256,0,9.68310546875,0.8074974860001021,4286.953125,,0.5555555555555556,"{""crack"": 0.5561497326203209, ""glue_strip"": 0.6734006734006734, ""gray_stroke"": 0.4166666666666667, ""oil"": 0.6346801346801347, ""rough"": 0.4666666666666667}",,9.125,7.984994237999672,4286.953125,0.0
p0_anomaly_mvtec|tile|dense_sift|codebook_dist|1024|0,p0_anomaly_mvtec,tile,dense_sift,230,117,84,729,76.62339390099987,2,Tesla T4,codebook_dist,1024,0,9.125,0.9302136350006549,4286.953125,,0.7417027417027418,"{""crack"": 0.732620320855615, ""glue_strip"": 0.8821548821548821, ""gray_stroke"": 0.8787878787878789, ""oil"": 0.42929292929292934, ""rough"": 0.8121212121212122}",0.7301296045658102,9.125,34.819728682999994,4286.953125,0.0
p0_anomaly_mvtec|tile|dense_sift|codebook_norm|1024|0,p0_anomaly_mvtec,tile,dense_sift,230,117,84,729,76.62339390099987,2,Tesla T4,codebook_norm,1024,0,9.125,1.685593680999773,4286.953125,,0.8690476190476191,"{""crack"": 0.8805704099821747, ""glue_strip"": 0.9343434343434344, ""gray_stroke"": 0.9393939393939394, ""oil"": 0.7171717171717171, ""rough"": 0.8848484848484848}",0.8391996113674561,9.125,34.819728682999994,4286.953125,0.0
p0_anomaly_mvtec|tile|dense_sift|hist_knn|1024|0,p0_anomaly_mvtec,tile,dense_sift,230,117,84,729,76.62339390099987,2,Tesla T4,hist_knn,1024,0,11.04248046875,2.4083622329999343,4286.953125,,0.6302308802308803,"{""crack"": 0.7201426024955436, ""glue_strip"": 0.6818181818181819, ""gray_stroke"": 0.6363636363636364, ""oil"": 0.5505050505050504, ""rough"": 0.5555555555555556}",,9.125,34.819728682999994,4286.953125,0.0
p0_anomaly_mvtec|toothbrush|dinov2_s|patch_knn|0|0,p0_anomaly_mvtec,toothbrush,dinov2_s,60,42,30,1024,6.190173956000763,2,Tesla T4,patch_knn,0,0,2985.390625,0.897300992000055,4286.953125,61440.0,0.9277777777777778,"{""defective"": 0.9277777777777778}",0.9946124428441232,,,,
p0_anomaly_mvtec|toothbrush|dinov2_s|global_knn|0|0,p0_anomaly_mvtec,toothbrush,dinov2_s,60,42,30,1024,6.190173956000763,2,Tesla T4,global_knn,0,0,9.34716796875,0.003932198999791581,4286.953125,,0.9472222222222222,"{""defective"": 0.9472222222222222}",,,,,
p0_anomaly_mvtec|toothbrush|dinov2_s|codebook_dist|64|0,p0_anomaly_mvtec,toothbrush,dinov2_s,60,42,30,1024,6.190173956000763,2,Tesla T4,codebook_dist,64,0,9.125,0.1184447559999171,4286.953125,,0.963888888888889,"{""defective"": 0.963888888888889}",0.9930911289252286,9.125,3.995672877999823,4286.953125,0.0
p0_anomaly_mvtec|toothbrush|dinov2_s|codebook_norm|64|0,p0_anomaly_mvtec,toothbrush,dinov2_s,60,42,30,1024,6.190173956000763,2,Tesla T4,codebook_norm,64,0,9.125,0.2150170770000841,4286.953125,,0.8194444444444444,"{""defective"": 0.8194444444444444}",0.9854183706013356,9.125,3.995672877999823,4286.953125,0.0
p0_anomaly_mvtec|toothbrush|dinov2_s|hist_knn|64|0,p0_anomaly_mvtec,toothbrush,dinov2_s,60,42,30,1024,6.190173956000763,2,Tesla T4,hist_knn,64,0,9.17138671875,0.5202454609998313,4286.953125,,0.8305555555555555,"{""defective"": 0.8305555555555555}",,9.125,3.995672877999823,4286.953125,0.0
p0_anomaly_mvtec|toothbrush|dinov2_s|codebook_dist|256|0,p0_anomaly_mvtec,toothbrush,dinov2_s,60,42,30,1024,6.190173956000763,2,Tesla T4,codebook_dist,256,0,9.125,0.3074045040002602,4286.953125,,0.9472222222222222,"{""defective"": 0.9472222222222222}",0.9941989303697648,9.125,18.84794772600071,4286.953125,0.0
p0_anomaly_mvtec|toothbrush|dinov2_s|codebook_norm|256|0,p0_anomaly_mvtec,toothbrush,dinov2_s,60,42,30,1024,6.190173956000763,2,Tesla T4,codebook_norm,256,0,9.125,0.5793542779993004,4286.953125,,0.775,"{""defective"": 0.775}",0.9859853890324627,9.125,18.84794772600071,4286.953125,0.0
p0_anomaly_mvtec|toothbrush|dinov2_s|hist_knn|256|0,p0_anomaly_mvtec,toothbrush,dinov2_s,60,42,30,1024,6.190173956000763,2,Tesla T4,hist_knn,256,0,9.27685546875,0.5381582050003999,4286.953125,,0.9277777777777777,"{""defective"": 0.9277777777777777}",,9.125,18.84794772600071,4286.953125,0.0
p0_anomaly_mvtec|toothbrush|dinov2_s|codebook_dist|1024|0,p0_anomaly_mvtec,toothbrush,dinov2_s,60,42,30,1024,6.190173956000763,2,Tesla T4,codebook_dist,1024,0,9.125,0.9461204450008154,4286.953125,,0.9416666666666667,"{""defective"": 0.9416666666666667}",0.9944527866480589,9.125,73.11454548300026,4286.953125,0.0
p0_anomaly_mvtec|toothbrush|dinov2_s|codebook_norm|1024|0,p0_anomaly_mvtec,toothbrush,dinov2_s,60,42,30,1024,6.190173956000763,2,Tesla T4,codebook_norm,1024,0,9.125,1.161683613000605,4286.953125,,0.8138888888888889,"{""defective"": 0.8138888888888889}",0.9818283227385883,9.125,73.11454548300026,4286.953125,0.0
p0_anomaly_mvtec|toothbrush|dinov2_s|hist_knn|1024|0,p0_anomaly_mvtec,toothbrush,dinov2_s,60,42,30,1024,6.190173956000763,2,Tesla T4,hist_knn,1024,0,9.69873046875,1.5393861280008423,4286.953125,,0.838888888888889,"{""defective"": 0.838888888888889}",,9.125,73.11454548300026,4286.953125,0.0
p0_anomaly_mvtec|toothbrush|dense_sift|patch_knn|0|0,p0_anomaly_mvtec,toothbrush,dense_sift,60,42,30,729,21.180537460999403,2,Tesla T4,patch_knn,0,0,2086.1982421875,0.2933769549999852,4286.953125,43740.0,0.7833333333333333,"{""defective"": 0.7833333333333333}",0.8747834849501936,,,,
p0_anomaly_mvtec|toothbrush|dense_sift|codebook_dist|64|0,p0_anomaly_mvtec,toothbrush,dense_sift,60,42,30,729,21.180537460999403,2,Tesla T4,codebook_dist,64,0,9.125,0.05747170599988749,4286.953125,,0.7472222222222222,"{""defective"": 0.7472222222222222}",0.74003446766061,9.125,3.3918976710001516,4286.953125,0.0
p0_anomaly_mvtec|toothbrush|dense_sift|codebook_norm|64|0,p0_anomaly_mvtec,toothbrush,dense_sift,60,42,30,729,21.180537460999403,2,Tesla T4,codebook_norm,64,0,9.125,0.14558447600029467,4286.953125,,0.9,"{""defective"": 0.9}",0.784847130027762,9.125,3.3918976710001516,4286.953125,0.0
p0_anomaly_mvtec|toothbrush|dense_sift|hist_knn|64|0,p0_anomaly_mvtec,toothbrush,dense_sift,60,42,30,729,21.180537460999403,2,Tesla T4,hist_knn,64,0,9.17138671875,0.1082552649995705,4286.953125,,0.9249999999999999,"{""defective"": 0.9249999999999999}",,9.125,3.3918976710001516,4286.953125,0.0
p0_anomaly_mvtec|toothbrush|dense_sift|codebook_dist|256|0,p0_anomaly_mvtec,toothbrush,dense_sift,60,42,30,729,21.180537460999403,2,Tesla T4,codebook_dist,256,0,9.125,0.07200854300026549,4286.953125,,0.8472222222222222,"{""defective"": 0.8472222222222222}",0.8361274892408721,9.125,5.377833450000253,4286.953125,0.0
p0_anomaly_mvtec|toothbrush|dense_sift|codebook_norm|256|0,p0_anomaly_mvtec,toothbrush,dense_sift,60,42,30,729,21.180537460999403,2,Tesla T4,codebook_norm,256,0,9.125,0.19248952799989638,4286.953125,,0.8999999999999999,"{""defective"": 0.8999999999999999}",0.8818441581977446,9.125,5.377833450000253,4286.953125,0.0
p0_anomaly_mvtec|toothbrush|dense_sift|hist_knn|256|0,p0_anomaly_mvtec,toothbrush,dense_sift,60,42,30,729,21.180537460999403,2,Tesla T4,hist_knn,256,0,9.27685546875,0.22173864700016566,4286.953125,,0.8333333333333333,"{""defective"": 0.8333333333333333}",,9.125,5.377833450000253,4286.953125,0.0
p0_anomaly_mvtec|toothbrush|dense_sift|codebook_dist|1024|0,p0_anomaly_mvtec,toothbrush,dense_sift,60,42,30,729,21.180537460999403,2,Tesla T4,codebook_dist,1024,0,9.125,0.27568656600033137,4286.953125,,0.775,"{""defective"": 0.775}",0.8665982550648397,9.125,30.279512619000343,4286.953125,0.0
p0_anomaly_mvtec|toothbrush|dense_sift|codebook_norm|1024|0,p0_anomaly_mvtec,toothbrush,dense_sift,60,42,30,729,21.180537460999403,2,Tesla T4,codebook_norm,1024,0,9.125,0.5154083600000376,4286.953125,,0.9166666666666666,"{""defective"": 0.9166666666666666}",0.914189360051215,9.125,30.279512619000343,4286.953125,0.0
p0_anomaly_mvtec|toothbrush|dense_sift|hist_knn|1024|0,p0_anomaly_mvtec,toothbrush,dense_sift,60,42,30,729,21.180537460999403,2,Tesla T4,hist_knn,1024,0,9.69873046875,0.8652876570004082,4286.953125,,0.7833333333333333,"{""defective"": 0.7833333333333333}",,9.125,30.279512619000343,4286.953125,0.0
p0_anomaly_mvtec|transistor|dinov2_s|patch_knn|0|0,p0_anomaly_mvtec,transistor,dinov2_s,213,100,40,1024,19.017880432999846,2,Tesla T4,patch_knn,0,0,3407.98828125,6.1169006250001985,4286.953125,218112.0,0.9929166666666667,"{""bent_lead"": 0.9933333333333333, ""cut_lead"": 0.99, ""damaged_case"": 0.9983333333333333, ""misplaced"": 0.99}",0.9660204293113982,,,,
p0_anomaly_mvtec|transistor|dinov2_s|global_knn|0|0,p0_anomaly_mvtec,transistor,dinov2_s,213,100,40,1024,19.017880432999846,2,Tesla T4,global_knn,0,0,9.8134765625,0.0068263270004536025,4286.953125,,0.9020833333333333,"{""bent_lead"": 0.8899999999999999, ""cut_lead"": 0.9283333333333333, ""damaged_case"": 0.79, ""misplaced"": 1.0}",,,,,
p0_anomaly_mvtec|transistor|dinov2_s|codebook_dist|64|0,p0_anomaly_mvtec,transistor,dinov2_s,213,100,40,1024,19.017880432999846,2,Tesla T4,codebook_dist,64,0,9.125,0.3402227890001086,4286.953125,,0.8525,"{""bent_lead"": 0.8083333333333333, ""cut_lead"": 0.7233333333333334, ""damaged_case"": 0.9683333333333333, ""misplaced"": 0.9099999999999999}",0.9221956198709675,9.125,5.480840762000298,4286.953125,0.0
p0_anomaly_mvtec|transistor|dinov2_s|codebook_norm|64|0,p0_anomaly_mvtec,transistor,dinov2_s,213,100,40,1024,19.017880432999846,2,Tesla T4,codebook_norm,64,0,9.125,0.8422451690003072,4286.953125,,0.8816666666666667,"{""bent_lead"": 0.8566666666666667, ""cut_lead"": 0.7516666666666667, ""damaged_case"": 0.9583333333333334, ""misplaced"": 0.9600000000000001}",0.9407986092283324,9.125,5.480840762000298,4286.953125,0.0
p0_anomaly_mvtec|transistor|dinov2_s|hist_knn|64|0,p0_anomaly_mvtec,transistor,dinov2_s,213,100,40,1024,19.017880432999846,2,Tesla T4,hist_knn,64,0,9.36669921875,1.798173911000049,4286.953125,,0.8333333333333334,"{""bent_lead"": 0.7783333333333335, ""cut_lead"": 0.7933333333333333, ""damaged_case"": 0.7650000000000001, ""misplaced"": 0.9966666666666666}",,9.125,5.480840762000298,4286.953125,0.0
p0_anomaly_mvtec|transistor|dinov2_s|codebook_dist|256|0,p0_anomaly_mvtec,transistor,dinov2_s,213,100,40,1024,19.017880432999846,2,Tesla T4,codebook_dist,256,0,9.125,0.6303039790000184,4286.953125,,0.9441666666666667,"{""bent_lead"": 0.9083333333333333, ""cut_lead"": 0.925, ""damaged_case"": 1.0, ""misplaced"": 0.9433333333333334}",0.947344745985966,9.125,21.21291490100066,4286.953125,0.0
p0_anomaly_mvtec|transistor|dinov2_s|codebook_norm|256|0,p0_anomaly_mvtec,transistor,dinov2_s,213,100,40,1024,19.017880432999846,2,Tesla T4,codebook_norm,256,0,9.125,1.3529434969996146,4286.953125,,0.9233333333333332,"{""bent_lead"": 0.92, ""cut_lead"": 0.8316666666666666, ""damaged_case"": 0.9883333333333333, ""misplaced"": 0.9533333333333334}",0.9589642712435955,9.125,21.21291490100066,4286.953125,0.0
p0_anomaly_mvtec|transistor|dinov2_s|hist_knn|256|0,p0_anomaly_mvtec,transistor,dinov2_s,213,100,40,1024,19.017880432999846,2,Tesla T4,hist_knn,256,0,9.61181640625,2.8378781840001466,4286.953125,,0.7633333333333334,"{""bent_lead"": 0.665, ""cut_lead"": 0.6666666666666666, ""damaged_case"": 0.7216666666666667, ""misplaced"": 1.0}",,9.125,21.21291490100066,4286.953125,0.0
p0_anomaly_mvtec|transistor|dinov2_s|codebook_dist|1024|0,p0_anomaly_mvtec,transistor,dinov2_s,213,100,40,1024,19.017880432999846,2,Tesla T4,codebook_dist,1024,0,9.125,1.5532823169996846,4286.953125,,0.9708333333333332,"{""bent_lead"": 0.9650000000000001, ""cut_lead"": 0.9383333333333332, ""damaged_case"": 0.9983333333333333, ""misplaced"": 0.9816666666666667}",0.9582775523474404,9.125,78.29810442100006,4286.953125,0.0
p0_anomaly_mvtec|transistor|dinov2_s|codebook_norm|1024|0,p0_anomaly_mvtec,transistor,dinov2_s,213,100,40,1024,19.017880432999846,2,Tesla T4,codebook_norm,1024,0,9.125,3.5397255939997194,4286.953125,,0.9583333333333334,"{""bent_lead"": 0.9683333333333334, ""cut_lead"": 0.97, ""damaged_case"": 0.905, ""misplaced"": 0.99}",0.9622054563821534,9.125,78.29810442100006,4286.953125,0.0
p0_anomaly_mvtec|transistor|dinov2_s|hist_knn|1024|0,p0_anomaly_mvtec,transistor,dinov2_s,213,100,40,1024,19.017880432999846,2,Tesla T4,hist_knn,1024,0,10.82177734375,5.937992369999847,4286.953125,,0.8391666666666666,"{""bent_lead"": 0.8433333333333334, ""cut_lead"": 0.6616666666666666, ""damaged_case"": 0.8633333333333333, ""misplaced"": 0.9883333333333334}",,9.125,78.29810442100006,4286.953125,0.0
p0_anomaly_mvtec|transistor|dense_sift|patch_knn|0|0,p0_anomaly_mvtec,transistor,dense_sift,213,100,40,729,66.05681677900066,2,Tesla T4,patch_knn,0,0,3160.6240234375,1.7487702999997055,4286.953125,155277.0,0.9658333333333333,"{""bent_lead"": 0.9733333333333334, ""cut_lead"": 0.9033333333333333, ""damaged_case"": 0.9866666666666667, ""misplaced"": 1.0}",0.9745572372117502,,,,
p0_anomaly_mvtec|transistor|dense_sift|codebook_dist|64|0,p0_anomaly_mvtec,transistor,dense_sift,213,100,40,729,66.05681677900066,2,Tesla T4,codebook_dist,64,0,9.125,0.1376892879998195,4286.953125,,0.6612499999999999,"{""bent_lead"": 0.7466666666666666, ""cut_lead"": 0.4183333333333334, ""damaged_case"": 0.5333333333333333, ""misplaced"": 0.9466666666666667}",0.8882864367945096,9.125,2.011573644999771,4286.953125,0.0
p0_anomaly_mvtec|transistor|dense_sift|codebook_norm|64|0,p0_anomaly_mvtec,transistor,dense_sift,213,100,40,729,66.05681677900066,2,Tesla T4,codebook_norm,64,0,9.125,0.4202990100002353,4286.953125,,0.6675000000000001,"{""bent_lead"": 0.6466666666666666, ""cut_lead"": 0.5, ""damaged_case"": 0.5816666666666667, ""misplaced"": 0.9416666666666667}",0.942288089467295,9.125,2.011573644999771,4286.953125,0.0
p0_anomaly_mvtec|transistor|dense_sift|hist_knn|64|0,p0_anomaly_mvtec,transistor,dense_sift,213,100,40,729,66.05681677900066,2,Tesla T4,hist_knn,64,0,9.36669921875,0.30354138299935585,4286.953125,,0.83625,"{""bent_lead"": 0.795, ""cut_lead"": 0.7716666666666667, ""damaged_case"": 0.7783333333333333, ""misplaced"": 1.0}",,9.125,2.011573644999771,4286.953125,0.0
p0_anomaly_mvtec|transistor|dense_sift|codebook_dist|256|0,p0_anomaly_mvtec,transistor,dense_sift,213,100,40,729,66.05681677900066,2,Tesla T4,codebook_dist,256,0,9.125,0.20274887699997635,4286.953125,,0.8529166666666667,"{""bent_lead"": 0.8150000000000001, ""cut_lead"": 0.7183333333333333, ""damaged_case"": 0.8783333333333334, ""misplaced"": 1.0}",0.9517447836571431,9.125,6.871569814000395,4286.953125,0.0
p0_anomaly_mvtec|transistor|dense_sift|codebook_norm|256|0,p0_anomaly_mvtec,transistor,dense_sift,213,100,40,729,66.05681677900066,2,Tesla T4,codebook_norm,256,0,9.125,0.9050571070001752,4286.953125,,0.8799999999999999,"{""bent_lead"": 0.8916666666666666, ""cut_lead"": 0.8433333333333333, ""damaged_case"": 0.7850000000000001, ""misplaced"": 1.0}",0.9667230918355962,9.125,6.871569814000395,4286.953125,0.0
p0_anomaly_mvtec|transistor|dense_sift|hist_knn|256|0,p0_anomaly_mvtec,transistor,dense_sift,213,100,40,729,66.05681677900066,2,Tesla T4,hist_knn,256,0,9.61181640625,0.6846278680004616,4286.953125,,0.7720833333333332,"{""bent_lead"": 0.7, ""cut_lead"": 0.7416666666666667, ""damaged_case"": 0.65, ""misplaced"": 0.9966666666666667}",,9.125,6.871569814000395,4286.953125,0.0
p0_anomaly_mvtec|transistor|dense_sift|codebook_dist|1024|0,p0_anomaly_mvtec,transistor,dense_sift,213,100,40,729,66.05681677900066,2,Tesla T4,codebook_dist,1024,0,9.125,0.6543257299999823,4286.953125,,0.9029166666666667,"{""bent_lead"": 0.8866666666666667, ""cut_lead"": 0.8049999999999999, ""damaged_case"": 0.9200000000000002, ""misplaced"": 1.0}",0.9661799379799881,9.125,31.637600219999513,4286.953125,0.0
p0_anomaly_mvtec|transistor|dense_sift|codebook_norm|1024|0,p0_anomaly_mvtec,transistor,dense_sift,213,100,40,729,66.05681677900066,2,Tesla T4,codebook_norm,1024,0,9.125,1.5892407170003935,4286.953125,,0.9199999999999999,"{""bent_lead"": 0.945, ""cut_lead"": 0.865, ""damaged_case"": 0.87, ""misplaced"": 1.0}",0.9692595251057209,9.125,31.637600219999513,4286.953125,0.0
p0_anomaly_mvtec|transistor|dense_sift|hist_knn|1024|0,p0_anomaly_mvtec,transistor,dense_sift,213,100,40,729,66.05681677900066,2,Tesla T4,hist_knn,1024,0,10.82177734375,2.7879418630000146,4286.953125,,0.76625,"{""bent_lead"": 0.7166666666666667, ""cut_lead"": 0.76, ""damaged_case"": 0.5883333333333334, ""misplaced"": 1.0}",,9.125,31.637600219999513,4286.953125,0.0
p0_anomaly_mvtec|wood|dinov2_s|patch_knn|0|0,p0_anomaly_mvtec,wood,dinov2_s,247,79,60,1024,19.71069652499955,2,Tesla T4,patch_knn,0,0,3458.62109375,5.3709481570003845,4286.953125,252928.0,0.9964912280701754,"{""color"": 1.0, ""combined"": 1.0, ""hole"": 0.9947368421052633, ""liquid"": 1.0, ""scratch"": 0.9924812030075187}",0.9524327826508823,,,,
p0_anomaly_mvtec|wood|dinov2_s|global_knn|0|0,p0_anomaly_mvtec,wood,dinov2_s,247,79,60,1024,19.71069652499955,2,Tesla T4,global_knn,0,0,9.849609375,0.015964060999976937,4286.953125,,0.9026315789473685,"{""color"": 0.8289473684210527, ""combined"": 0.9425837320574162, ""hole"": 0.9105263157894737, ""liquid"": 1.0, ""scratch"": 0.8596491228070176}",,,,,
p0_anomaly_mvtec|wood|dinov2_s|codebook_dist|64|0,p0_anomaly_mvtec,wood,dinov2_s,247,79,60,1024,19.71069652499955,2,Tesla T4,codebook_dist,64,0,9.125,0.2706452540005557,4286.953125,,0.987719298245614,"{""color"": 1.0, ""combined"": 1.0, ""hole"": 0.9736842105263158, ""liquid"": 1.0, ""scratch"": 0.9774436090225563}",0.9450220731593435,9.125,5.489070206999713,4286.953125,0.0
p0_anomaly_mvtec|wood|dinov2_s|codebook_norm|64|0,p0_anomaly_mvtec,wood,dinov2_s,247,79,60,1024,19.71069652499955,2,Tesla T4,codebook_norm,64,0,9.125,0.9579530689998137,4286.953125,,0.9719298245614035,"{""color"": 0.986842105263158, ""combined"": 0.9712918660287082, ""hole"": 0.9210526315789475, ""liquid"": 1.0, ""scratch"": 0.9774436090225563}",0.9393851779904226,9.125,5.489070206999713,4286.953125,0.0
p0_anomaly_mvtec|wood|dinov2_s|hist_knn|64|0,p0_anomaly_mvtec,wood,dinov2_s,247,79,60,1024,19.71069652499955,2,Tesla T4,hist_knn,64,0,9.3564453125,1.8012076750001142,4286.953125,,0.7640350877192982,"{""color"": 0.7236842105263158, ""combined"": 0.7511961722488039, ""hole"": 0.5473684210526316, ""liquid"": 0.8315789473684211, ""scratch"": 0.8571428571428571}",,9.125,5.489070206999713,4286.953125,0.0
p0_anomaly_mvtec|wood|dinov2_s|codebook_dist|256|0,p0_anomaly_mvtec,wood,dinov2_s,247,79,60,1024,19.71069652499955,2,Tesla T4,codebook_dist,256,0,9.125,0.43449384899940924,4286.953125,,0.987719298245614,"{""color"": 1.0, ""combined"": 0.9808612440191388, ""hole"": 0.9894736842105263, ""liquid"": 1.0, ""scratch"": 0.9799498746867168}",0.9482034013962654,9.125,20.848922123000193,4286.953125,0.0
p0_anomaly_mvtec|wood|dinov2_s|codebook_norm|256|0,p0_anomaly_mvtec,wood,dinov2_s,247,79,60,1024,19.71069652499955,2,Tesla T4,codebook_norm,256,0,9.125,1.54965576900031,4286.953125,,0.9885964912280701,"{""color"": 0.993421052631579, ""combined"": 0.9856459330143541, ""hole"": 0.9578947368421052, ""liquid"": 1.0, ""scratch"": 0.9974937343358397}",0.9382734780914674,9.125,20.848922123000193,4286.953125,0.0
p0_anomaly_mvtec|wood|dinov2_s|hist_knn|256|0,p0_anomaly_mvtec,wood,dinov2_s,247,79,60,1024,19.71069652499955,2,Tesla T4,hist_knn,256,0,9.6083984375,2.9461048940002,4286.953125,,0.7649122807017544,"{""color"": 0.7105263157894737, ""combined"": 0.8277511961722488, ""hole"": 0.5473684210526316, ""liquid"": 0.8947368421052632, ""scratch"": 0.7944862155388472}",,9.125,20.848922123000193,4286.953125,0.0
p0_anomaly_mvtec|wood|dinov2_s|codebook_dist|1024|0,p0_anomaly_mvtec,wood,dinov2_s,247,79,60,1024,19.71069652499955,2,Tesla T4,codebook_dist,1024,0,9.125,1.2092699560007532,4286.953125,,0.987719298245614,"{""color"": 1.0, ""combined"": 0.9856459330143541, ""hole"": 1.0, ""liquid"": 1.0, ""scratch"": 0.9724310776942355}",0.950080566003455,9.125,82.52944928700072,4286.953125,0.0
p0_anomaly_mvtec|wood|dinov2_s|codebook_norm|1024|0,p0_anomaly_mvtec,wood,dinov2_s,247,79,60,1024,19.71069652499955,2,Tesla T4,codebook_norm,1024,0,9.125,4.82891906399982,4286.953125,,0.9982456140350878,"{""color"": 1.0, ""combined"": 0.9952153110047848, ""hole"": 1.0, ""liquid"": 1.0, ""scratch"": 0.9974937343358397}",0.9387341036843269,9.125,82.52944928700072,4286.953125,0.0
p0_anomaly_mvtec|wood|dinov2_s|hist_knn|1024|0,p0_anomaly_mvtec,wood,dinov2_s,247,79,60,1024,19.71069652499955,2,Tesla T4,hist_knn,1024,0,11.0556640625,5.2594504899998356,4286.953125,,0.7043859649122807,"{""color"": 0.5460526315789473, ""combined"": 0.8086124401913877, ""hole"": 0.5, ""liquid"": 0.8210526315789474, ""scratch"": 0.7518796992481204}",,9.125,82.52944928700072,4286.953125,0.0
p0_anomaly_mvtec|wood|dense_sift|patch_knn|0|0,p0_anomaly_mvtec,wood,dense_sift,247,79,60,729,76.7232941960001,2,Tesla T4,patch_knn,0,0,3172.71826171875,1.610689640999226,4286.953125,180063.0,0.7324561403508771,"{""color"": 0.6842105263157895, ""combined"": 0.8564593301435407, ""hole"": 0.7157894736842105, ""liquid"": 0.768421052631579, ""scratch"": 0.6766917293233082}",0.7986051524542859,,,,
p0_anomaly_mvtec|wood|dense_sift|codebook_dist|64|0,p0_anomaly_mvtec,wood,dense_sift,247,79,60,729,76.7232941960001,2,Tesla T4,codebook_dist,64,0,9.125,0.06529458000022714,4286.953125,,0.6903508771929825,"{""color"": 0.625, ""combined"": 0.8325358851674642, ""hole"": 0.6421052631578947, ""liquid"": 0.7842105263157895, ""scratch"": 0.6190476190476192}",0.7601098577855997,9.125,1.810234300999582,4286.953125,0.0
p0_anomaly_mvtec|wood|dense_sift|codebook_norm|64|0,p0_anomaly_mvtec,wood,dense_sift,247,79,60,729,76.7232941960001,2,Tesla T4,codebook_norm,64,0,9.125,0.29055406499992387,4286.953125,,0.6798245614035088,"{""color"": 0.6776315789473685, ""combined"": 0.84688995215311, ""hole"": 0.6789473684210526, ""liquid"": 0.7947368421052632, ""scratch"": 0.5388471177944862}",0.7973528457305499,9.125,1.810234300999582,4286.953125,0.0
p0_anomaly_mvtec|wood|dense_sift|hist_knn|64|0,p0_anomaly_mvtec,wood,dense_sift,247,79,60,729,76.7232941960001,2,Tesla T4,hist_knn,64,0,9.3564453125,0.3359256869998717,4286.953125,,0.5903508771929824,"{""color"": 0.5526315789473684, ""combined"": 0.6507177033492823, ""hole"": 0.605263157894737, ""liquid"": 0.5052631578947369, ""scratch"": 0.6065162907268171}",,9.125,1.810234300999582,4286.953125,0.0
p0_anomaly_mvtec|wood|dense_sift|codebook_dist|256|0,p0_anomaly_mvtec,wood,dense_sift,247,79,60,729,76.7232941960001,2,Tesla T4,codebook_dist,256,0,9.125,0.14726462599992374,4286.953125,,0.680701754385965,"{""color"": 0.6578947368421053, ""combined"": 0.8468899521531101, ""hole"": 0.6315789473684211, ""liquid"": 0.7368421052631579, ""scratch"": 0.5989974937343359}",0.778660823854622,9.125,11.166646511000181,4286.953125,0.0
p0_anomaly_mvtec|wood|dense_sift|codebook_norm|256|0,p0_anomaly_mvtec,wood,dense_sift,247,79,60,729,76.7232941960001,2,Tesla T4,codebook_norm,256,0,9.125,0.6662846280005397,4286.953125,,0.7508771929824561,"{""color"": 0.7894736842105263, ""combined"": 0.9186602870813397, ""hole"": 0.7473684210526317, ""liquid"": 0.7736842105263158, ""scratch"": 0.6390977443609023}",0.7757733794768583,9.125,11.166646511000181,4286.953125,0.0
p0_anomaly_mvtec|wood|dense_sift|hist_knn|256|0,p0_anomaly_mvtec,wood,dense_sift,247,79,60,729,76.7232941960001,2,Tesla T4,hist_knn,256,0,9.6083984375,0.8188985939996201,4286.953125,,0.6008771929824561,"{""color"": 0.5526315789473684, ""combined"": 0.6411483253588517, ""hole"": 0.6315789473684211, ""liquid"": 0.5052631578947369, ""scratch"": 0.6290726817042607}",,9.125,11.166646511000181,4286.953125,0.0
p0_anomaly_mvtec|wood|dense_sift|codebook_dist|1024|0,p0_anomaly_mvtec,wood,dense_sift,247,79,60,729,76.7232941960001,2,Tesla T4,codebook_dist,1024,0,9.125,0.5274136010002621,4286.953125,,0.6587719298245613,"{""color"": 0.6842105263157896, ""combined"": 0.8373205741626795, ""hole"": 0.6210526315789474, ""liquid"": 0.7421052631578948, ""scratch"": 0.5338345864661653}",0.7935919136073839,9.125,39.02076733600006,4286.953125,0.0
p0_anomaly_mvtec|wood|dense_sift|codebook_norm|1024|0,p0_anomaly_mvtec,wood,dense_sift,247,79,60,729,76.7232941960001,2,Tesla T4,codebook_norm,1024,0,9.125,1.8193457069992292,4286.953125,,0.7921052631578948,"{""color"": 0.8421052631578947, ""combined"": 0.9138755980861244, ""hole"": 0.7894736842105263, ""liquid"": 0.8157894736842106, ""scratch"": 0.6992481203007519}",0.8067113908246266,9.125,39.02076733600006,4286.953125,0.0
p0_anomaly_mvtec|wood|dense_sift|hist_knn|1024|0,p0_anomaly_mvtec,wood,dense_sift,247,79,60,729,76.7232941960001,2,Tesla T4,hist_knn,1024,0,11.0556640625,2.497891515000447,4286.953125,,0.6307017543859649,"{""color"": 0.6776315789473684, ""combined"": 0.6746411483253589, ""hole"": 0.6736842105263158, ""liquid"": 0.6315789473684211, ""scratch"": 0.5689223057644109}",,9.125,39.02076733600006,4286.953125,0.0
p0_anomaly_mvtec|zipper|dinov2_s|patch_knn|0|0,p0_anomaly_mvtec,zipper,dinov2_s,240,151,119,1024,13.428216547000375,2,Tesla T4,patch_knn,0,0,3448.09375,10.47108067299996,4286.953125,245760.0,0.9989495798319328,"{""broken_teeth"": 1.0, ""combined"": 1.0, ""fabric_border"": 1.0, ""fabric_interior"": 1.0, ""rough"": 1.0, ""split_teeth"": 1.0, ""squeezed_teeth"": 0.9921875}",0.9577115429794739,,,,
p0_anomaly_mvtec|zipper|dinov2_s|global_knn|0|0,p0_anomaly_mvtec,zipper,dinov2_s,240,151,119,1024,13.428216547000375,2,Tesla T4,global_knn,0,0,10.060546875,0.006717553000271437,4286.953125,,0.98765756302521,"{""broken_teeth"": 0.975328947368421, ""combined"": 1.0, ""fabric_border"": 1.0, ""fabric_interior"": 0.9921875, ""rough"": 1.0, ""split_teeth"": 0.9930555555555556, ""squeezed_teeth"": 0.953125}",,,,,
p0_anomaly_mvtec|zipper|dinov2_s|codebook_dist|64|0,p0_anomaly_mvtec,zipper,dinov2_s,240,151,119,1024,13.428216547000375,2,Tesla T4,codebook_dist,64,0,9.125,0.5430216750000909,4286.953125,,0.9847689075630253,"{""broken_teeth"": 1.0, ""combined"": 0.98828125, ""fabric_border"": 1.0, ""fabric_interior"": 1.0, ""rough"": 1.0, ""split_teeth"": 0.9878472222222222, ""squeezed_teeth"": 0.912109375}",0.9151127603934378,9.125,5.401619434999702,4286.953125,0.0
p0_anomaly_mvtec|zipper|dinov2_s|codebook_norm|64|0,p0_anomaly_mvtec,zipper,dinov2_s,240,151,119,1024,13.428216547000375,2,Tesla T4,codebook_norm,64,0,9.125,1.3920781439992425,4286.953125,,0.9868697478991597,"{""broken_teeth"": 0.9967105263157895, ""combined"": 0.994140625, ""fabric_border"": 1.0, ""fabric_interior"": 0.998046875, ""rough"": 1.0, ""split_teeth"": 0.9878472222222222, ""squeezed_teeth"": 0.927734375}",0.9639294375911271,9.125,5.401619434999702,4286.953125,0.0
p0_anomaly_mvtec|zipper|dinov2_s|hist_knn|64|0,p0_anomaly_mvtec,zipper,dinov2_s,240,151,119,1024,13.428216547000375,2,Tesla T4,hist_knn,64,0,9.5009765625,1.4721482960003414,4286.953125,,0.8216911764705883,"{""broken_teeth"": 0.7680921052631579, ""combined"": 0.82421875, ""fabric_border"": 0.8988970588235294, ""fabric_interior"": 0.845703125, ""rough"": 0.8841911764705882, ""split_teeth"": 0.826388888888889, ""squeezed_teeth"": 0.705078125}",,9.125,5.401619434999702,4286.953125,0.0
p0_anomaly_mvtec|zipper|dinov2_s|codebook_dist|256|0,p0_anomaly_mvtec,zipper,dinov2_s,240,151,119,1024,13.428216547000375,2,Tesla T4,codebook_dist,256,0,9.125,0.9640623599998435,4286.953125,,0.9900210084033614,"{""broken_teeth"": 1.0, ""combined"": 0.994140625, ""fabric_border"": 1.0, ""fabric_interior"": 1.0, ""rough"": 1.0, ""split_teeth"": 1.0, ""squeezed_teeth"": 0.931640625}",0.9442686603332823,9.125,21.51568693900026,4286.953125,0.0
p0_anomaly_mvtec|zipper|dinov2_s|codebook_norm|256|0,p0_anomaly_mvtec,zipper,dinov2_s,240,151,119,1024,13.428216547000375,2,Tesla T4,codebook_norm,256,0,9.125,1.6202112099999795,4286.953125,,0.9936974789915967,"{""broken_teeth"": 1.0, ""combined"": 0.99609375, ""fabric_border"": 1.0, ""fabric_interior"": 1.0, ""rough"": 1.0, ""split_teeth"": 0.9895833333333334, ""squeezed_teeth"": 0.96875}",0.9795219003945599,9.125,21.51568693900026,4286.953125,0.0
p0_anomaly_mvtec|zipper|dinov2_s|hist_knn|256|0,p0_anomaly_mvtec,zipper,dinov2_s,240,151,119,1024,13.428216547000375,2,Tesla T4,hist_knn,256,0,9.7958984375,2.4566001610000967,4286.953125,,0.8702731092436975,"{""broken_teeth"": 0.7976973684210527, ""combined"": 0.896484375, ""fabric_border"": 0.8988970588235294, ""fabric_interior"": 0.85546875, ""rough"": 0.9154411764705883, ""split_teeth"": 0.9079861111111112, ""squeezed_teeth"": 0.82421875}",,9.125,21.51568693900026,4286.953125,0.0
p0_anomaly_mvtec|zipper|dinov2_s|codebook_dist|1024|0,p0_anomaly_mvtec,zipper,dinov2_s,240,151,119,1024,13.428216547000375,2,Tesla T4,codebook_dist,1024,0,9.125,2.497296849000122,4286.953125,,0.9902836134453782,"{""broken_teeth"": 0.9884868421052632, ""combined"": 1.0, ""fabric_border"": 1.0, ""fabric_interior"": 1.0, ""rough"": 1.0, ""split_teeth"": 0.9965277777777778, ""squeezed_teeth"": 0.9453125}",0.9530729426014021,9.125,86.06074024699956,4286.953125,0.0
p0_anomaly_mvtec|zipper|dinov2_s|codebook_norm|1024|0,p0_anomaly_mvtec,zipper,dinov2_s,240,151,119,1024,13.428216547000375,2,Tesla T4,codebook_norm,1024,0,9.125,4.688143148000563,4286.953125,,0.9603466386554622,"{""broken_teeth"": 0.9539473684210527, ""combined"": 0.978515625, ""fabric_border"": 0.9963235294117647, ""fabric_interior"": 0.96484375, ""rough"": 0.9613970588235294, ""split_teeth"": 0.9583333333333334, ""squeezed_teeth"": 0.908203125}",0.9686934046335872,9.125,86.06074024699956,4286.953125,0.0
p0_anomaly_mvtec|zipper|dinov2_s|hist_knn|1024|0,p0_anomaly_mvtec,zipper,dinov2_s,240,151,119,1024,13.428216547000375,2,Tesla T4,hist_knn,1024,0,11.3837890625,6.150413577999643,4286.953125,,0.9327731092436974,"{""broken_teeth"": 0.9111842105263158, ""combined"": 0.978515625, ""fabric_border"": 0.9724264705882353, ""fabric_interior"": 0.83984375, ""rough"": 0.8970588235294118, ""split_teeth"": 0.9791666666666666, ""squeezed_teeth"": 0.94921875}",,9.125,86.06074024699956,4286.953125,0.0
p0_anomaly_mvtec|zipper|dense_sift|patch_knn|0|0,p0_anomaly_mvtec,zipper,dense_sift,240,151,119,729,93.20626081400042,2,Tesla T4,patch_knn,0,0,3170.69873046875,2.9220006969999304,4286.953125,174960.0,0.8639705882352942,"{""broken_teeth"": 0.8207236842105263, ""combined"": 0.9375, ""fabric_border"": 1.0, ""fabric_interior"": 0.806640625, ""rough"": 0.8235294117647058, ""split_teeth"": 0.8454861111111112, ""squeezed_teeth"": 0.818359375}",0.8042436966123053,,,,
p0_anomaly_mvtec|zipper|dense_sift|codebook_dist|64|0,p0_anomaly_mvtec,zipper,dense_sift,240,151,119,729,93.20626081400042,2,Tesla T4,codebook_dist,64,0,9.125,0.15836511599991354,4286.953125,,0.669905462184874,"{""broken_teeth"": 0.5641447368421053, ""combined"": 0.734375, ""fabric_border"": 0.9227941176470589, ""fabric_interior"": 0.544921875, ""rough"": 0.5533088235294118, ""split_teeth"": 0.7083333333333334, ""squeezed_teeth"": 0.66796875}",0.6503763113451191,9.125,4.326691188000041,4286.953125,0.0
p0_anomaly_mvtec|zipper|dense_sift|codebook_norm|64|0,p0_anomaly_mvtec,zipper,dense_sift,240,151,119,729,93.20626081400042,2,Tesla T4,codebook_norm,64,0,9.125,0.3860309880001296,4286.953125,,0.711922268907563,"{""broken_teeth"": 0.5213815789473685, ""combined"": 0.818359375, ""fabric_border"": 1.0, ""fabric_interior"": 0.56640625, ""rough"": 0.5827205882352942, ""split_teeth"": 0.7881944444444444, ""squeezed_teeth"": 0.72265625}",0.6692788211170583,9.125,4.326691188000041,4286.953125,0.0
p0_anomaly_mvtec|zipper|dense_sift|hist_knn|64|0,p0_anomaly_mvtec,zipper,dense_sift,240,151,119,729,93.20626081400042,2,Tesla T4,hist_knn,64,0,9.5009765625,0.42268315799992706,4286.953125,,0.6542804621848739,"{""broken_teeth"": 0.5822368421052632, ""combined"": 0.67578125, ""fabric_border"": 0.6985294117647058, ""fabric_interior"": 0.5869140625, ""rough"": 0.6709558823529412, ""split_teeth"": 0.7083333333333334, ""squeezed_teeth"": 0.66015625}",,9.125,4.326691188000041,4286.953125,0.0
p0_anomaly_mvtec|zipper|dense_sift|codebook_dist|256|0,p0_anomaly_mvtec,zipper,dense_sift,240,151,119,729,93.20626081400042,2,Tesla T4,codebook_dist,256,0,9.125,0.3792922950005959,4286.953125,,0.7791491596638656,"{""broken_teeth"": 0.680921052631579, ""combined"": 0.849609375, ""fabric_border"": 0.9889705882352942, ""fabric_interior"": 0.6484375, ""rough"": 0.7003676470588236, ""split_teeth"": 0.8229166666666666, ""squeezed_teeth"": 0.767578125}",0.7109283344034606,9.125,11.071781443999498,4286.953125,0.0
p0_anomaly_mvtec|zipper|dense_sift|codebook_norm|256|0,p0_anomaly_mvtec,zipper,dense_sift,240,151,119,729,93.20626081400042,2,Tesla T4,codebook_norm,256,0,9.125,0.7405769789993428,4286.953125,,0.8348214285714286,"{""broken_teeth"": 0.7286184210526316, ""combined"": 0.9453125, ""fabric_border"": 1.0, ""fabric_interior"": 0.732421875, ""rough"": 0.8143382352941176, ""split_teeth"": 0.8420138888888888, ""squeezed_teeth"": 0.791015625}",0.841694806441528,9.125,11.071781443999498,4286.953125,0.0
p0_anomaly_mvtec|zipper|dense_sift|hist_knn|256|0,p0_anomaly_mvtec,zipper,dense_sift,240,151,119,729,93.20626081400042,2,Tesla T4,hist_knn,256,0,9.7958984375,1.2152443089998997,4286.953125,,0.6260504201680672,"{""broken_teeth"": 0.5805921052631579, ""combined"": 0.662109375, ""fabric_border"": 0.7003676470588236, ""fabric_interior"": 0.5546875, ""rough"": 0.5625, ""split_teeth"": 0.6371527777777778, ""squeezed_teeth"": 0.69140625}",,9.125,11.071781443999498,4286.953125,0.0
p0_anomaly_mvtec|zipper|dense_sift|codebook_dist|1024|0,p0_anomaly_mvtec,zipper,dense_sift,240,151,119,729,93.20626081400042,2,Tesla T4,codebook_dist,1024,0,9.125,1.0545149709996622,4286.953125,,0.7954306722689076,"{""broken_teeth"": 0.712171052631579, ""combined"": 0.892578125, ""fabric_border"": 0.9944852941176471, ""fabric_interior"": 0.697265625, ""rough"": 0.6691176470588236, ""split_teeth"": 0.8038194444444444, ""squeezed_teeth"": 0.80859375}",0.7703460564283053,9.125,32.57929392400001,4286.953125,0.0
p0_anomaly_mvtec|zipper|dense_sift|codebook_norm|1024|0,p0_anomaly_mvtec,zipper,dense_sift,240,151,119,729,93.20626081400042,2,Tesla T4,codebook_norm,1024,0,9.125,1.8617060399992624,4286.953125,,0.9167542016806722,"{""broken_teeth"": 0.863486842105263, ""combined"": 0.978515625, ""fabric_border"": 1.0, ""fabric_interior"": 0.830078125, ""rough"": 0.9227941176470589, ""split_teeth"": 0.9184027777777778, ""squeezed_teeth"": 0.908203125}",0.8729059869023241,9.125,32.57929392400001,4286.953125,0.0
p0_anomaly_mvtec|zipper|dense_sift|hist_knn|1024|0,p0_anomaly_mvtec,zipper,dense_sift,240,151,119,729,93.20626081400042,2,Tesla T4,hist_knn,1024,0,11.3837890625,2.703756808000435,4286.953125,,0.6872373949579832,"{""broken_teeth"": 0.6430921052631579, ""combined"": 0.740234375, ""fabric_border"": 0.7205882352941176, ""fabric_interior"": 0.623046875, ""rough"": 0.6654411764705883, ""split_teeth"": 0.7118055555555556, ""squeezed_teeth"": 0.7109375}",,9.125,32.57929392400001,4286.953125,0.0
p0_anomaly_mvtec|bottle|dinov2_s|codebook_dist|64|1,p0_anomaly_mvtec,bottle,dinov2_s,209,83,63,1024,27.518106266999894,2,,codebook_dist,64,1,,0.3685097740000174,1690.1015625,,0.9738095238095238,"{""broken_large"": 0.9824999999999999, ""broken_small"": 0.9704545454545455, ""contamination"": 0.969047619047619}",0.9904432619278147,,9.858630302999984,1690.1015625,0.0
p0_anomaly_mvtec|bottle|dinov2_s|codebook_norm|64|1,p0_anomaly_mvtec,bottle,dinov2_s,209,83,63,1024,27.518106266999894,2,,codebook_norm,64,1,,1.3639682670000184,1690.1015625,,0.9825396825396824,"{""broken_large"": 1.0, ""broken_small"": 0.9590909090909091, ""contamination"": 0.9904761904761905}",0.965891120069731,,9.858630302999984,1690.1015625,0.0
p0_anomaly_mvtec|bottle|dinov2_s|hist_knn|64|1,p0_anomaly_mvtec,bottle,dinov2_s,209,83,63,1024,27.518106266999894,2,,hist_knn,64,1,,1.7220879829999944,1690.1015625,,0.9801587301587301,"{""broken_large"": 1.0, ""broken_small"": 0.9522727272727273, ""contamination"": 0.9904761904761905}",,,9.858630302999984,1690.1015625,0.0
p0_anomaly_mvtec|bottle|dinov2_s|codebook_dist|64|2,p0_anomaly_mvtec,bottle,dinov2_s,209,83,63,1024,27.518106266999894,2,,codebook_dist,64,2,,0.37399216999995133,1831.34765625,,0.9896825396825396,"{""broken_large"": 0.9974999999999999, ""broken_small"": 0.984090909090909, ""contamination"": 0.988095238095238}",0.9904989777279196,,6.685482659999991,1831.34765625,0.0
p0_anomaly_mvtec|bottle|dinov2_s|codebook_norm|64|2,p0_anomaly_mvtec,bottle,dinov2_s,209,83,63,1024,27.518106266999894,2,,codebook_norm,64,2,,1.4364597250000202,1831.34765625,,0.9674603174603174,"{""broken_large"": 0.995, ""broken_small"": 0.9227272727272727, ""contamination"": 0.9880952380952381}",0.9727216546489785,,6.685482659999991,1831.34765625,0.0
p0_anomaly_mvtec|bottle|dinov2_s|hist_knn|64|2,p0_anomaly_mvtec,bottle,dinov2_s,209,83,63,1024,27.518106266999894,2,,hist_knn,64,2,,1.5804631069999573,1831.34765625,,0.9857142857142858,"{""broken_large"": 1.0, ""broken_small"": 0.9659090909090909, ""contamination"": 0.9928571428571429}",,,6.685482659999991,1831.34765625,0.0
p0_anomaly_mvtec|bottle|dinov2_s|codebook_dist|256|1,p0_anomaly_mvtec,bottle,dinov2_s,209,83,63,1024,27.518106266999894,2,,codebook_dist,256,1,,0.7722507539999697,1831.34765625,,0.9936507936507937,"{""broken_large"": 1.0, ""broken_small"": 0.9931818181818182, ""contamination"": 0.9880952380952381}",0.9913209133346104,,29.50800396599999,1831.34765625,0.0
p0_anomaly_mvtec|bottle|dinov2_s|codebook_norm|256|1,p0_anomaly_mvtec,bottle,dinov2_s,209,83,63,1024,27.518106266999894,2,,codebook_norm,256,1,,1.7836967810000033,1831.34765625,,0.926984126984127,"{""broken_large"": 0.94, ""broken_small"": 0.9022727272727273, ""contamination"": 0.9404761904761905}",0.9505644267095075,,29.50800396599999,1831.34765625,0.0
p0_anomaly_mvtec|bottle|dinov2_s|hist_knn|256|1,p0_anomaly_mvtec,bottle,dinov2_s,209,83,63,1024,27.518106266999894,2,,hist_knn,256,1,,2.388743082000019,1831.34765625,,0.9452380952380952,"{""broken_large"": 1.0, ""broken_small"": 0.8727272727272727, ""contamination"": 0.969047619047619}",,,29.50800396599999,1831.34765625,0.0
p0_anomaly_mvtec|bottle|dinov2_s|codebook_dist|256|2,p0_anomaly_mvtec,bottle,dinov2_s,209,83,63,1024,27.518106266999894,2,,codebook_dist,256,2,,0.6376352779999479,1831.34765625,,0.9984126984126984,"{""broken_large"": 1.0, ""broken_small"": 1.0, ""contamination"": 0.9952380952380953}",0.9913533843750277,,31.421222524999962,1831.34765625,0.0
p0_anomaly_mvtec|bottle|dinov2_s|codebook_norm|256|2,p0_anomaly_mvtec,bottle,dinov2_s,209,83,63,1024,27.518106266999894,2,,codebook_norm,256,2,,2.8031218490000356,1831.34765625,,0.9642857142857142,"{""broken_large"": 0.9974999999999999, ""broken_small"": 0.9295454545454546, ""contamination"": 0.969047619047619}",0.9524956317216766,,31.421222524999962,1831.34765625,0.0
p0_anomaly_mvtec|bottle|dinov2_s|hist_knn|256|2,p0_anomaly_mvtec,bottle,dinov2_s,209,83,63,1024,27.518106266999894,2,,hist_knn,256,2,,2.4042631259999325,1831.34765625,,0.9849206349206349,"{""broken_large"": 1.0, ""broken_small"": 0.9681818181818181, ""contamination"": 0.9880952380952381}",,,31.421222524999962,1831.34765625,0.0
p0_anomaly_mvtec|bottle|dinov2_s|codebook_dist|1024|1,p0_anomaly_mvtec,bottle,dinov2_s,209,83,63,1024,27.518106266999894,2,,codebook_dist,1024,1,,2.6387680740000405,1831.34765625,,1.0,"{""broken_large"": 1.0, ""broken_small"": 1.0, ""contamination"": 1.0}",0.991562318704676,,118.704178254,1831.34765625,0.0
p0_anomaly_mvtec|bottle|dinov2_s|codebook_norm|1024|1,p0_anomaly_mvtec,bottle,dinov2_s,209,83,63,1024,27.518106266999894,2,,codebook_norm,1024,1,,5.889022769000007,2113.7890625,,0.9380952380952381,"{""broken_large"": 0.96, ""broken_small"": 0.9, ""contamination"": 0.9571428571428571}",0.8847964330779402,,118.704178254,1831.34765625,0.0
p0_anomaly_mvtec|bottle|dinov2_s|hist_knn|1024|1,p0_anomaly_mvtec,bottle,dinov2_s,209,83,63,1024,27.518106266999894,2,,hist_knn,1024,1,,7.9681134319999956,2113.7890625,,0.9190476190476191,"{""broken_large"": 0.9924999999999999, ""broken_small"": 0.8068181818181819, ""contamination"": 0.9666666666666667}",,,118.704178254,1831.34765625,0.0
p0_anomaly_mvtec|bottle|dinov2_s|codebook_dist|1024|2,p0_anomaly_mvtec,bottle,dinov2_s,209,83,63,1024,27.518106266999894,2,,codebook_dist,1024,2,,2.2396942619999436,2113.7890625,,1.0,"{""broken_large"": 1.0, ""broken_small"": 1.0, ""contamination"": 1.0}",0.9915179028750738,,113.94181659200001,2113.7890625,0.0
p0_anomaly_mvtec|bottle|dinov2_s|codebook_norm|1024|2,p0_anomaly_mvtec,bottle,dinov2_s,209,83,63,1024,27.518106266999894,2,,codebook_norm,1024,2,,5.075710111000035,2113.7890625,,0.9103174603174603,"{""broken_large"": 0.94, ""broken_small"": 0.865909090909091, ""contamination"": 0.9285714285714286}",0.883177485287557,,113.94181659200001,2113.7890625,0.0
p0_anomaly_mvtec|bottle|dinov2_s|hist_knn|1024|2,p0_anomaly_mvtec,bottle,dinov2_s,209,83,63,1024,27.518106266999894,2,,hist_knn,1024,2,,7.915197593000016,2113.7890625,,0.9174603174603175,"{""broken_large"": 0.995, ""broken_small"": 0.8, ""contamination"": 0.9666666666666666}",,,113.94181659200001,2113.7890625,0.0
p0_anomaly_mvtec|bottle|dense_sift|codebook_dist|64|1,p0_anomaly_mvtec,bottle,dense_sift,209,83,63,729,61.68337490299996,2,,codebook_dist,64,1,,0.1406855049999649,2113.7890625,,0.7865079365079365,"{""broken_large"": 0.9200000000000002, ""broken_small"": 0.7522727272727273, ""contamination"": 0.6952380952380952}",0.86464520111651,,4.509354091999967,2113.7890625,0.0
p0_anomaly_mvtec|bottle|dense_sift|codebook_norm|64|1,p0_anomaly_mvtec,bottle,dense_sift,209,83,63,729,61.68337490299996,2,,codebook_norm,64,1,,0.3967511259999128,2113.7890625,,0.9547619047619048,"{""broken_large"": 1.0, ""broken_small"": 0.9522727272727273, ""contamination"": 0.9142857142857144}",0.8838306601197248,,4.509354091999967,2113.7890625,0.0
p0_anomaly_mvtec|bottle|dense_sift|hist_knn|64|1,p0_anomaly_mvtec,bottle,dense_sift,209,83,63,729,61.68337490299996,2,,hist_knn,64,1,,0.3552801120000595,2113.7890625,,0.9293650793650794,"{""broken_large"": 0.9574999999999999, ""broken_small"": 0.8613636363636364, ""contamination"": 0.9738095238095238}",,,4.509354091999967,2113.7890625,0.0
p0_anomaly_mvtec|bottle|dense_sift|codebook_dist|64|2,p0_anomaly_mvtec,bottle,dense_sift,209,83,63,729,61.68337490299996,2,,codebook_dist,64,2,,0.0786133950000476,2113.7890625,,0.9365079365079366,"{""broken_large"": 1.0, ""broken_small"": 0.8977272727272728, ""contamination"": 0.9166666666666666}",0.8566886930221933,,2.403770603000112,2113.7890625,0.0
p0_anomaly_mvtec|bottle|dense_sift|codebook_norm|64|2,p0_anomaly_mvtec,bottle,dense_sift,209,83,63,729,61.68337490299996,2,,codebook_norm,64,2,,0.36280360299997483,2113.7890625,,0.9698412698412698,"{""broken_large"": 0.9974999999999999, ""broken_small"": 0.9613636363636364, ""contamination"": 0.9523809523809523}",0.8992194342820106,,2.403770603000112,2113.7890625,0.0
p0_anomaly_mvtec|bottle|dense_sift|hist_knn|64|2,p0_anomaly_mvtec,bottle,dense_sift,209,83,63,729,61.68337490299996,2,,hist_knn,64,2,,0.5916154230000075,2113.7890625,,0.9166666666666666,"{""broken_large"": 0.985, ""broken_small"": 0.8454545454545455, ""contamination"": 0.9261904761904761}",,,2.403770603000112,2113.7890625,0.0
p0_anomaly_mvtec|bottle|dense_sift|codebook_dist|256|1,p0_anomaly_mvtec,bottle,dense_sift,209,83,63,729,61.68337490299996,2,,codebook_dist,256,1,,0.21671505100005106,2113.7890625,,0.9761904761904762,"{""broken_large"": 1.0, ""broken_small"": 0.9977272727272727, ""contamination"": 0.930952380952381}",0.9256172764067112,,11.219703670999934,2113.7890625,0.0
p0_anomaly_mvtec|bottle|dense_sift|codebook_norm|256|1,p0_anomaly_mvtec,bottle,dense_sift,209,83,63,729,61.68337490299996,2,,codebook_norm,256,1,,1.1351008700000875,2113.7890625,,0.9896825396825397,"{""broken_large"": 1.0, ""broken_small"": 0.9931818181818182, ""contamination"": 0.9761904761904763}",0.9249698308370703,,11.219703670999934,2113.7890625,0.0
p0_anomaly_mvtec|bottle|dense_sift|hist_knn|256|1,p0_anomaly_mvtec,bottle,dense_sift,209,83,63,729,61.68337490299996,2,,hist_knn,256,1,,0.8151240199999847,2113.7890625,,0.9333333333333332,"{""broken_large"": 1.0, ""broken_small"": 0.8613636363636363, ""contamination"": 0.9452380952380952}",,,11.219703670999934,2113.7890625,0.0
p0_anomaly_mvtec|bottle|dense_sift|codebook_dist|256|2,p0_anomaly_mvtec,bottle,dense_sift,209,83,63,729,61.68337490299996,2,,codebook_dist,256,2,,0.33161236299997654,2113.7890625,,0.9674603174603175,"{""broken_large"": 1.0, ""broken_small"": 0.9954545454545454, ""contamination"": 0.9071428571428571}",0.926407892211685,,10.198289937000027,2113.7890625,0.0
p0_anomaly_mvtec|bottle|dense_sift|codebook_norm|256|2,p0_anomaly_mvtec,bottle,dense_sift,209,83,63,729,61.68337490299996,2,,codebook_norm,256,2,,0.861993171999984,2113.7890625,,0.984920634920635,"{""broken_large"": 1.0, ""broken_small"": 0.9977272727272727, ""contamination"": 0.9571428571428571}",0.9235250106221052,,10.198289937000027,2113.7890625,0.0
p0_anomaly_mvtec|bottle|dense_sift|hist_knn|256|2,p0_anomaly_mvtec,bottle,dense_sift,209,83,63,729,61.68337490299996,2,,hist_knn,256,2,,0.8289896750000025,2113.7890625,,0.9333333333333332,"{""broken_large"": 0.9849999999999999, ""broken_small"": 0.8818181818181818, ""contamination"": 0.9380952380952381}",,,10.198289937000027,2113.7890625,0.0
p0_anomaly_mvtec|bottle|dense_sift|codebook_dist|1024|1,p0_anomaly_mvtec,bottle,dense_sift,209,83,63,729,61.68337490299996,2,,codebook_dist,1024,1,,1.030894165999939,2113.7890625,,0.9793650793650793,"{""broken_large"": 1.0, ""broken_small"": 1.0, ""contamination"": 0.9380952380952381}",0.9292259926539072,,43.501194102,2113.7890625,0.0
p0_anomaly_mvtec|bottle|dense_sift|codebook_norm|1024|1,p0_anomaly_mvtec,bottle,dense_sift,209,83,63,729,61.68337490299996,2,,codebook_norm,1024,1,,2.149345822999976,2113.7890625,,0.9817460317460317,"{""broken_large"": 1.0, ""broken_small"": 1.0, ""contamination"": 0.9452380952380952}",0.9040074100886867,,43.501194102,2113.7890625,0.0
p0_anomaly_mvtec|bottle|dense_sift|hist_knn|1024|1,p0_anomaly_mvtec,bottle,dense_sift,209,83,63,729,61.68337490299996,2,,hist_knn,1024,1,,2.7018593169999576,2113.7890625,,0.8777777777777779,"{""broken_large"": 0.9625, ""broken_small"": 0.8090909090909092, ""contamination"": 0.8690476190476192}",,,43.501194102,2113.7890625,0.0
p0_anomaly_mvtec|bottle|dense_sift|codebook_dist|1024|2,p0_anomaly_mvtec,bottle,dense_sift,209,83,63,729,61.68337490299996,2,,codebook_dist,1024,2,,0.7973994059999541,2113.7890625,,0.9753968253968254,"{""broken_large"": 1.0, ""broken_small"": 1.0, ""contamination"": 0.9261904761904762}",0.9287629245202045,,44.93338386300002,2113.7890625,0.0
p0_anomaly_mvtec|bottle|dense_sift|codebook_norm|1024|2,p0_anomaly_mvtec,bottle,dense_sift,209,83,63,729,61.68337490299996,2,,codebook_norm,1024,2,,2.798419529000057,2113.7890625,,0.9793650793650793,"{""broken_large"": 1.0, ""broken_small"": 1.0, ""contamination"": 0.938095238095238}",0.9050266833013856,,44.93338386300002,2113.7890625,0.0
p0_anomaly_mvtec|bottle|dense_sift|hist_knn|1024|2,p0_anomaly_mvtec,bottle,dense_sift,209,83,63,729,61.68337490299996,2,,hist_knn,1024,2,,2.7720555070000046,2113.7890625,,0.8321428571428572,"{""broken_large"": 0.9375, ""broken_small"": 0.7238636363636364, ""contamination"": 0.8452380952380952}",,,44.93338386300002,2113.7890625,0.0
p0_anomaly_mvtec|cable|dinov2_s|codebook_dist|64|1,p0_anomaly_mvtec,cable,dinov2_s,224,150,92,1024,22.425007147999622,2,,codebook_dist,64,1,,0.9422090470000057,2113.7890625,,0.809407796101949,"{""bent_wire"": 0.9549071618037135, ""cable_swap"": 0.4324712643678161, ""combined"": 0.9608150470219435, ""cut_inner_insulation"": 0.6921182266009853, ""cut_outer_insulation"": 0.7982758620689655, ""missing_cable"": 1.0, ""missing_wire"": 0.7293103448275862, ""poke_insulation"": 0.9327586206896552}",0.9504877628116724,,7.689855640999895,2113.7890625,0.0
p0_anomaly_mvtec|cable|dinov2_s|codebook_norm|64|1,p0_anomaly_mvtec,cable,dinov2_s,224,150,92,1024,22.425007147999622,2,,codebook_norm,64,1,,1.1693597640000917,2113.7890625,,0.8821214392803598,"{""bent_wire"": 0.9946949602122016, ""cable_swap"": 0.5014367816091954, ""combined"": 0.9952978056426333, ""cut_inner_insulation"": 0.9334975369458127, ""cut_outer_insulation"": 0.8327586206896552, ""missing_cable"": 1.0, ""missing_wire"": 0.9775862068965517, ""poke_insulation"": 0.8086206896551724}",0.9264898562436457,,7.689855640999895,2113.7890625,0.0
p0_anomaly_mvtec|cable|dinov2_s|hist_knn|64|1,p0_anomaly_mvtec,cable,dinov2_s,224,150,92,1024,22.425007147999622,2,,hist_knn,64,1,,1.809974264000175,2113.7890625,,0.8084707646176911,"{""bent_wire"": 0.7931034482758621, ""cable_swap"": 0.9152298850574712, ""combined"": 0.9373040752351097, ""cut_inner_insulation"": 0.7007389162561577, ""cut_outer_insulation"": 0.753448275862069, ""missing_cable"": 0.9985632183908045, ""missing_wire"": 0.6586206896551724, ""poke_insulation"": 0.6862068965517241}",,,7.689855640999895,2113.7890625,0.0
p0_anomaly_mvtec|cable|dinov2_s|codebook_dist|64|2,p0_anomaly_mvtec,cable,dinov2_s,224,150,92,1024,22.425007147999622,2,,codebook_dist,64,2,,0.6546873909999249,2113.7890625,,0.8868065967016492,"{""bent_wire"": 0.9946949602122016, ""cable_swap"": 0.4755747126436781, ""combined"": 0.9811912225705329, ""cut_inner_insulation"": 0.9421182266009852, ""cut_outer_insulation"": 0.9, ""missing_cable"": 1.0, ""missing_wire"": 0.8275862068965517, ""poke_insulation"": 0.9689655172413794}",0.9462843225324743,,9.77461654700005,2113.7890625,0.0
p0_anomaly_mvtec|cable|dinov2_s|codebook_norm|64|2,p0_anomaly_mvtec,cable,dinov2_s,224,150,92,1024,22.425007147999622,2,,codebook_norm,64,2,,1.4563426740000978,2113.7890625,,0.8809970014992503,"{""bent_wire"": 1.0, ""cable_swap"": 0.40086206896551724, ""combined"": 1.0, ""cut_inner_insulation"": 0.9839901477832512, ""cut_outer_insulation"": 0.8982758620689656, ""missing_cable"": 1.0, ""missing_wire"": 0.9086206896551724, ""poke_insulation"": 0.8396551724137932}",0.9297674947361408,,9.77461654700005,2113.7890625,0.0
p0_anomaly_mvtec|cable|dinov2_s|hist_knn|64|2,p0_anomaly_mvtec,cable,dinov2_s,224,150,92,1024,22.425007147999622,2,,hist_knn,64,2,,1.7391440899998543,2113.7890625,,0.8028485757121439,"{""bent_wire"": 0.816976127320955, ""cable_swap"": 0.9195402298850575, ""combined"": 0.95141065830721, ""cut_inner_insulation"": 0.6059113300492611, ""cut_outer_insulation"": 0.6862068965517242, ""missing_cable"": 1.0, ""missing_wire"": 0.6982758620689655, ""poke_insulation"": 0.7413793103448275}",,,9.77461654700005,2113.7890625,0.0
p0_anomaly_mvtec|cable|dinov2_s|codebook_dist|256|1,p0_anomaly_mvtec,cable,dinov2_s,224,150,92,1024,22.425007147999622,2,,codebook_dist,256,1,,1.2377847039999779,2113.7890625,,0.9087331334332834,"{""bent_wire"": 1.0, ""cable_swap"": 0.4640804597701149, ""combined"": 0.9874608150470219, ""cut_inner_insulation"": 0.9753694581280787, ""cut_outer_insulation"": 0.960344827586207, ""missing_cable"": 1.0, ""missing_wire"": 0.8948275862068966, ""poke_insulation"": 0.996551724137931}",0.9625653112801894,,28.70900956699984,2113.7890625,0.0
p0_anomaly_mvtec|cable|dinov2_s|codebook_norm|256|1,p0_anomaly_mvtec,cable,dinov2_s,224,150,92,1024,22.425007147999622,2,,codebook_norm,256,1,,2.0660047880001002,2113.7890625,,0.924287856071964,"{""bent_wire"": 0.9986737400530503, ""cable_swap"": 0.5732758620689655, ""combined"": 0.9968652037617555, ""cut_inner_insulation"": 0.9913793103448275, ""cut_outer_insulation"": 0.95, ""missing_cable"": 1.0, ""missing_wire"": 0.95, ""poke_insulation"": 0.9327586206896553}",0.9537002015672005,,28.70900956699984,2113.7890625,0.0
p0_anomaly_mvtec|cable|dinov2_s|hist_knn|256|1,p0_anomaly_mvtec,cable,dinov2_s,224,150,92,1024,22.425007147999622,2,,hist_knn,256,1,,3.4729228609999154,2113.7890625,,0.8740629685157421,"{""bent_wire"": 0.9151193633952255, ""cable_swap"": 0.8275862068965517, ""combined"": 0.9921630094043887, ""cut_inner_insulation"": 0.8300492610837439, ""cut_outer_insulation"": 0.8293103448275863, ""missing_cable"": 1.0, ""missing_wire"": 0.8827586206896552, ""poke_insulation"": 0.693103448275862}",,,28.70900956699984,2113.7890625,0.0
p0_anomaly_mvtec|cable|dinov2_s|codebook_dist|256|2,p0_anomaly_mvtec,cable,dinov2_s,224,150,92,1024,22.425007147999622,2,,codebook_dist,256,2,,1.2188159510001242,2113.7890625,,0.9134182908545727,"{""bent_wire"": 0.9986737400530503, ""cable_swap"": 0.5416666666666667, ""combined"": 0.9890282131661442, ""cut_inner_insulation"": 0.981527093596059, ""cut_outer_insulation"": 0.9500000000000001, ""missing_cable"": 1.0, ""missing_wire"": 0.843103448275862, ""poke_insulation"": 1.0}",0.9627746737458405,,28.680813968999928,2113.7890625,0.0
p0_anomaly_mvtec|cable|dinov2_s|codebook_norm|256|2,p0_anomaly_mvtec,cable,dinov2_s,224,150,92,1024,22.425007147999622,2,,codebook_norm,256,2,,1.9992562339998585,2113.7890625,,0.9329085457271364,"{""bent_wire"": 1.0, ""cable_swap"": 0.6537356321839081, ""combined"": 0.9952978056426333, ""cut_inner_insulation"": 0.9913793103448276, ""cut_outer_insulation"": 0.9482758620689655, ""missing_cable"": 1.0, ""missing_wire"": 0.9258620689655174, ""poke_insulation"": 0.9413793103448276}",0.9559419636746639,,28.680813968999928,2113.7890625,0.0
p0_anomaly_mvtec|cable|dinov2_s|hist_knn|256|2,p0_anomaly_mvtec,cable,dinov2_s,224,150,92,1024,22.425007147999622,2,,hist_knn,256,2,,4.084936403000029,2113.7890625,,0.8637556221889054,"{""bent_wire"": 0.9230769230769231, ""cable_swap"": 0.82183908045977, ""combined"": 0.9890282131661442, ""cut_inner_insulation"": 0.7967980295566502, ""cut_outer_insulation"": 0.8241379310344827, ""missing_cable"": 0.9942528735632185, ""missing_wire"": 0.8, ""poke_insulation"": 0.7396551724137931}",,,28.680813968999928,2113.7890625,0.0
p0_anomaly_mvtec|cable|dinov2_s|codebook_dist|1024|1,p0_anomaly_mvtec,cable,dinov2_s,224,150,92,1024,22.425007147999622,2,,codebook_dist,1024,1,,4.050548609000089,2320.4296875,,0.9430284857571214,"{""bent_wire"": 1.0, ""cable_swap"": 0.6135057471264367, ""combined"": 0.9968652037617556, ""cut_inner_insulation"": 1.0, ""cut_outer_insulation"": 0.9862068965517241, ""missing_cable"": 1.0, ""missing_wire"": 0.9568965517241379, ""poke_insulation"": 1.0}",0.9712134043276143,,111.2148385989999,2113.7890625,0.0
p0_anomaly_mvtec|cable|dinov2_s|codebook_norm|1024|1,p0_anomaly_mvtec,cable,dinov2_s,224,150,92,1024,22.425007147999622,2,,codebook_norm,1024,1,,6.93943699600004,2320.4296875,,0.9270989505247377,"{""bent_wire"": 0.9986737400530503, ""cable_swap"": 0.5818965517241379, ""combined"": 0.9984326018808777, ""cut_inner_insulation"": 0.9938423645320198, ""cut_outer_insulation"": 0.9448275862068966, ""missing_cable"": 1.0, ""missing_wire"": 0.9396551724137931, ""poke_insulation"": 0.9586206896551724}",0.9628019772745915,,111.2148385989999,2113.7890625,0.0
p0_anomaly_mvtec|cable|dinov2_s|hist_knn|1024|1,p0_anomaly_mvtec,cable,dinov2_s,224,150,92,1024,22.425007147999622,2,,hist_knn,1024,1,,9.946319885999856,2320.4296875,,0.8403298350824587,"{""bent_wire"": 0.8885941644562334, ""cable_swap"": 0.7543103448275863, ""combined"": 0.9231974921630093, ""cut_inner_insulation"": 0.8362068965517241, ""cut_outer_insulation"": 0.8034482758620689, ""missing_cable"": 0.9353448275862069, ""missing_wire"": 0.8862068965517241, ""poke_insulation"": 0.6724137931034482}",,,111.2148385989999,2113.7890625,0.0
p0_anomaly_mvtec|cable|dinov2_s|codebook_dist|1024|2,p0_anomaly_mvtec,cable,dinov2_s,224,150,92,1024,22.425007147999622,2,,codebook_dist,1024,2,,4.332824168999878,2320.4296875,,0.9327211394302848,"{""bent_wire"": 1.0, ""cable_swap"": 0.5948275862068966, ""combined"": 1.0, ""cut_inner_insulation"": 0.9913793103448275, ""cut_outer_insulation"": 0.9724137931034483, ""missing_cable"": 1.0, ""missing_wire"": 0.9155172413793103, ""poke_insulation"": 0.9913793103448275}",0.9698516337649897,,112.73598051499994,2320.4296875,0.0
p0_anomaly_mvtec|cable|dinov2_s|codebook_norm|1024|2,p0_anomaly_mvtec,cable,dinov2_s,224,150,92,1024,22.425007147999622,2,,codebook_norm,1024,2,,6.374338992000048,2320.4296875,,0.914167916041979,"{""bent_wire"": 1.0, ""cable_swap"": 0.5876436781609196, ""combined"": 0.9905956112852664, ""cut_inner_insulation"": 0.9753694581280787, ""cut_outer_insulation"": 0.9051724137931034, ""missing_cable"": 1.0, ""missing_wire"": 0.8913793103448275, ""poke_insulation"": 0.9534482758620689}",0.9582261337927936,,112.73598051499994,2320.4296875,0.0
p0_anomaly_mvtec|cable|dinov2_s|hist_knn|1024|2,p0_anomaly_mvtec,cable,dinov2_s,224,150,92,1024,22.425007147999622,2,,hist_knn,1024,2,,9.388181320000058,2320.4296875,,0.8425787106446776,"{""bent_wire"": 0.8846153846153846, ""cable_swap"": 0.8074712643678161, ""combined"": 0.9341692789968652, ""cut_inner_insulation"": 0.7857142857142857, ""cut_outer_insulation"": 0.8275862068965516, ""missing_cable"": 0.9109195402298851, ""missing_wire"": 0.8706896551724138, ""poke_insulation"": 0.713793103448276}",,,112.73598051499994,2320.4296875,0.0
p0_anomaly_mvtec|cable|dense_sift|codebook_dist|64|1,p0_anomaly_mvtec,cable,dense_sift,224,150,92,729,86.82809852300034,2,,codebook_dist,64,1,,0.18527971599996818,2320.4296875,,0.5627811094452774,"{""bent_wire"": 0.3793103448275862, ""cable_swap"": 0.31034482758620685, ""combined"": 0.8072100313479624, ""cut_inner_insulation"": 0.35221674876847286, ""cut_outer_insulation"": 0.753448275862069, ""missing_cable"": 1.0, ""missing_wire"": 0.40862068965517245, ""poke_insulation"": 0.5689655172413792}",0.7350755752889198,,3.077772356999958,2320.4296875,0.0
p0_anomaly_mvtec|cable|dense_sift|codebook_norm|64|1,p0_anomaly_mvtec,cable,dense_sift,224,150,92,729,86.82809852300034,2,,codebook_norm,64,1,,0.6924121510000987,2320.4296875,,0.6709145427286357,"{""bent_wire"": 0.45623342175066317, ""cable_swap"": 0.48563218390804597, ""combined"": 0.7962382445141065, ""cut_inner_insulation"": 0.5369458128078818, ""cut_outer_insulation"": 0.8724137931034482, ""missing_cable"": 1.0, ""missing_wire"": 0.603448275862069, ""poke_insulation"": 0.6931034482758621}",0.7595717130135615,,3.077772356999958,2320.4296875,0.0
p0_anomaly_mvtec|cable|dense_sift|hist_knn|64|1,p0_anomaly_mvtec,cable,dense_sift,224,150,92,729,86.82809852300034,2,,hist_knn,64,1,,0.45216270199989594,2320.4296875,,0.7018365817091454,"{""bent_wire"": 0.7771883289124669, ""cable_swap"": 0.5086206896551724, ""combined"": 0.9122257053291536, ""cut_inner_insulation"": 0.7684729064039408, ""cut_outer_insulation"": 0.843103448275862, ""missing_cable"": 0.896551724137931, ""missing_wire"": 0.34137931034482755, ""poke_insulation"": 0.496551724137931}",,,3.077772356999958,2320.4296875,0.0
p0_anomaly_mvtec|cable|dense_sift|codebook_dist|64|2,p0_anomaly_mvtec,cable,dense_sift,224,150,92,729,86.82809852300034,2,,codebook_dist,64,2,,0.14548816999990777,2320.4296875,,0.6244377811094451,"{""bent_wire"": 0.3607427055702918, ""cable_swap"": 0.4870689655172414, ""combined"": 0.8119122257053291, ""cut_inner_insulation"": 0.5172413793103448, ""cut_outer_insulation"": 0.8793103448275861, ""missing_cable"": 1.0, ""missing_wire"": 0.46551724137931033, ""poke_insulation"": 0.5293103448275862}",0.7515265503414268,,2.813291470999957,2320.4296875,0.0
p0_anomaly_mvtec|cable|dense_sift|codebook_norm|64|2,p0_anomaly_mvtec,cable,dense_sift,224,150,92,729,86.82809852300034,2,,codebook_norm,64,2,,0.41381242700003895,2320.4296875,,0.6532983508245876,"{""bent_wire"": 0.4071618037135279, ""cable_swap"": 0.4956896551724138, ""combined"": 0.8213166144200628, ""cut_inner_insulation"": 0.5455665024630543, ""cut_outer_insulation"": 0.9017241379310343, ""missing_cable"": 1.0, ""missing_wire"": 0.5724137931034483, ""poke_insulation"": 0.5448275862068966}",0.7608751822844445,,2.813291470999957,2320.4296875,0.0
p0_anomaly_mvtec|cable|dense_sift|hist_knn|64|2,p0_anomaly_mvtec,cable,dense_sift,224,150,92,729,86.82809852300034,2,,hist_knn,64,2,,0.46171381600015593,2320.4296875,,0.7059595202398801,"{""bent_wire"": 0.7387267904509284, ""cable_swap"": 0.49856321839080464, ""combined"": 0.8260188087774295, ""cut_inner_insulation"": 0.8078817733990148, ""cut_outer_insulation"": 0.7862068965517242, ""missing_cable"": 0.860632183908046, ""missing_wire"": 0.46551724137931033, ""poke_insulation"": 0.6120689655172413}",,,2.813291470999957,2320.4296875,0.0
p0_anomaly_mvtec|cable|dense_sift|codebook_dist|256|1,p0_anomaly_mvtec,cable,dense_sift,224,150,92,729,86.82809852300034,2,,codebook_dist,256,1,,0.5960545370001,2320.4296875,,0.7001499250374813,"{""bent_wire"": 0.6498673740053051, ""cable_swap"": 0.34770114942528735, ""combined"": 0.8197492163009406, ""cut_inner_insulation"": 0.6748768472906403, ""cut_outer_insulation"": 0.9448275862068966, ""missing_cable"": 1.0, ""missing_wire"": 0.5, ""poke_insulation"": 0.6879310344827586}",0.8364647736650513,,8.77003730399997,2320.4296875,0.0
p0_anomaly_mvtec|cable|dense_sift|codebook_norm|256|1,p0_anomaly_mvtec,cable,dense_sift,224,150,92,729,86.82809852300034,2,,codebook_norm,256,1,,0.7878285029999006,2320.4296875,,0.7342578710644677,"{""bent_wire"": 0.7082228116710875, ""cable_swap"": 0.4382183908045977, ""combined"": 0.8808777429467085, ""cut_inner_insulation"": 0.6834975369458128, ""cut_outer_insulation"": 0.9482758620689655, ""missing_cable"": 1.0, ""missing_wire"": 0.48793103448275865, ""poke_insulation"": 0.746551724137931}",0.8329290945810812,,8.77003730399997,2320.4296875,0.0
p0_anomaly_mvtec|cable|dense_sift|hist_knn|256|1,p0_anomaly_mvtec,cable,dense_sift,224,150,92,729,86.82809852300034,2,,hist_knn,256,1,,1.0727168369999163,2320.4296875,,0.7880434782608696,"{""bent_wire"": 0.8023872679045093, ""cable_swap"": 0.6910919540229885, ""combined"": 0.8322884012539185, ""cut_inner_insulation"": 0.7697044334975369, ""cut_outer_insulation"": 0.8396551724137931, ""missing_cable"": 0.9971264367816092, ""missing_wire"": 0.6603448275862069, ""poke_insulation"": 0.6879310344827586}",,,8.77003730399997,2320.4296875,0.0
p0_anomaly_mvtec|cable|dense_sift|codebook_dist|256|2,p0_anomaly_mvtec,cable,dense_sift,224,150,92,729,86.82809852300034,2,,codebook_dist,256,2,,0.4219957579998663,2320.4296875,,0.7616191904047976,"{""bent_wire"": 0.7148541114058355, ""cable_swap"": 0.5560344827586207, ""combined"": 0.8934169278996865, ""cut_inner_insulation"": 0.6711822660098522, ""cut_outer_insulation"": 0.9672413793103448, ""missing_cable"": 1.0, ""missing_wire"": 0.6137931034482759, ""poke_insulation"": 0.7068965517241379}",0.8358500206463525,,12.883965807999857,2320.4296875,0.0
p0_anomaly_mvtec|cable|dense_sift|codebook_norm|256|2,p0_anomaly_mvtec,cable,dense_sift,224,150,92,729,86.82809852300034,2,,codebook_norm,256,2,,0.8108673829999589,2320.4296875,,0.7809220389805097,"{""bent_wire"": 0.7811671087533156, ""cable_swap"": 0.5718390804597702, ""combined"": 0.8855799373040752, ""cut_inner_insulation"": 0.7376847290640394, ""cut_outer_insulation"": 0.943103448275862, ""missing_cable"": 1.0, ""missing_wire"": 0.593103448275862, ""poke_insulation"": 0.7396551724137932}",0.8302629483703122,,12.883965807999857,2320.4296875,0.0
p0_anomaly_mvtec|cable|dense_sift|hist_knn|256|2,p0_anomaly_mvtec,cable,dense_sift,224,150,92,729,86.82809852300034,2,,hist_knn,256,2,,1.4911958539998977,2320.4296875,,0.7535607196401799,"{""bent_wire"": 0.8209549071618037, ""cable_swap"": 0.682471264367816, ""combined"": 0.8479623824451411, ""cut_inner_insulation"": 0.7487684729064039, ""cut_outer_insulation"": 0.6758620689655173, ""missing_cable"": 0.9985632183908045, ""missing_wire"": 0.646551724137931, ""poke_insulation"": 0.5448275862068965}",,,12.883965807999857,2320.4296875,0.0
p0_anomaly_mvtec|cable|dense_sift|codebook_dist|1024|1,p0_anomaly_mvtec,cable,dense_sift,224,150,92,729,86.82809852300034,2,,codebook_dist,1024,1,,1.9110973889999059,2320.4296875,,0.8288980509745126,"{""bent_wire"": 0.8938992042440318, ""cable_swap"": 0.6508620689655171, ""combined"": 0.9122257053291536, ""cut_inner_insulation"": 0.7844827586206896, ""cut_outer_insulation"": 0.9637931034482758, ""missing_cable"": 1.0, ""missing_wire"": 0.6706896551724139, ""poke_insulation"": 0.746551724137931}",0.8693681375175928,,44.87985827500006,2320.4296875,0.0
p0_anomaly_mvtec|cable|dense_sift|codebook_norm|1024|1,p0_anomaly_mvtec,cable,dense_sift,224,150,92,729,86.82809852300034,2,,codebook_norm,1024,1,,2.3662414750001517,2320.4296875,,0.813343328335832,"{""bent_wire"": 0.8832891246684351, ""cable_swap"": 0.6020114942528736, ""combined"": 0.8934169278996864, ""cut_inner_insulation"": 0.7278325123152709, ""cut_outer_insulation"": 0.9741379310344828, ""missing_cable"": 1.0, ""missing_wire"": 0.6293103448275862, ""poke_insulation"": 0.806896551724138}",0.861813980177417,,44.87985827500006,2320.4296875,0.0
p0_anomaly_mvtec|cable|dense_sift|hist_knn|1024|1,p0_anomaly_mvtec,cable,dense_sift,224,150,92,729,86.82809852300034,2,,hist_knn,1024,1,,4.9298306340001545,2320.4296875,,0.7678035982008996,"{""bent_wire"": 0.8183023872679046, ""cable_swap"": 0.6910919540229885, ""combined"": 0.8714733542319749, ""cut_inner_insulation"": 0.7770935960591132, ""cut_outer_insulation"": 0.6499999999999999, ""missing_cable"": 0.8649425287356323, ""missing_wire"": 0.7689655172413793, ""poke_insulation"": 0.6672413793103449}",,,44.87985827500006,2320.4296875,0.0
p0_anomaly_mvtec|cable|dense_sift|codebook_dist|1024|2,p0_anomaly_mvtec,cable,dense_sift,224,150,92,729,86.82809852300034,2,,codebook_dist,1024,2,,1.3989545160000034,2320.4296875,,0.8232758620689655,"{""bent_wire"": 0.8859416445623343, ""cable_swap"": 0.639367816091954, ""combined"": 0.9059561128526645, ""cut_inner_insulation"": 0.7512315270935961, ""cut_outer_insulation"": 0.9741379310344827, ""missing_cable"": 1.0, ""missing_wire"": 0.6637931034482759, ""poke_insulation"": 0.7689655172413794}",0.8704553083170152,,40.79276921299993,2320.4296875,0.0
p0_anomaly_mvtec|cable|dense_sift|codebook_norm|1024|2,p0_anomaly_mvtec,cable,dense_sift,224,150,92,729,86.82809852300034,2,,codebook_norm,1024,2,,2.30763783600014,2320.4296875,,0.8165292353823088,"{""bent_wire"": 0.8819628647214854, ""cable_swap"": 0.639367816091954, ""combined"": 0.9122257053291536, ""cut_inner_insulation"": 0.7204433497536946, ""cut_outer_insulation"": 0.9655172413793103, ""missing_cable"": 1.0, ""missing_wire"": 0.6275862068965516, ""poke_insulation"": 0.7931034482758621}",0.8619206613024923,,40.79276921299993,2320.4296875,0.0
p0_anomaly_mvtec|cable|dense_sift|hist_knn|1024|2,p0_anomaly_mvtec,cable,dense_sift,224,150,92,729,86.82809852300034,2,,hist_knn,1024,2,,3.691948259000128,2320.4296875,,0.7528110944527736,"{""bent_wire"": 0.7718832891246684, ""cable_swap"": 0.6839080459770114, ""combined"": 0.8510971786833855, ""cut_inner_insulation"": 0.7598522167487685, ""cut_outer_insulation"": 0.6724137931034483, ""missing_cable"": 0.8778735632183908, ""missing_wire"": 0.75, ""poke_insulation"": 0.6258620689655172}",,,40.79276921299993,2320.4296875,0.0
p0_anomaly_mvtec|capsule|dinov2_s|codebook_dist|64|1,p0_anomaly_mvtec,capsule,dinov2_s,219,132,109,1024,21.017523612999867,2,,codebook_dist,64,1,,0.566875588999892,2320.4296875,,0.8923015556441963,"{""crack"": 0.8714555765595463, ""faulty_imprint"": 0.857707509881423, ""poke"": 0.8923395445134575, ""scratch"": 0.9754253308128544, ""squeeze"": 0.858695652173913}",0.9826453339432595,,9.949820278000061,2320.4296875,0.0
p0_anomaly_mvtec|capsule|dinov2_s|codebook_norm|64|1,p0_anomaly_mvtec,capsule,dinov2_s,219,132,109,1024,21.017523612999867,2,,codebook_norm,64,1,,1.4410330619998604,2320.4296875,,0.7052253689668928,"{""crack"": 0.7240075614366729, ""faulty_imprint"": 0.6857707509881423, ""poke"": 0.6997929606625258, ""scratch"": 0.6200378071833649, ""squeeze"": 0.808695652173913}",0.9577382782442599,,9.949820278000061,2320.4296875,0.0
p0_anomaly_mvtec|capsule|dinov2_s|hist_knn|64|1,p0_anomaly_mvtec,capsule,dinov2_s,219,132,109,1024,21.017523612999867,2,,hist_knn,64,1,,1.6308323149999069,2320.4296875,,0.6904666932588751,"{""crack"": 0.6257088846880906, ""faulty_imprint"": 0.6897233201581028, ""poke"": 0.6832298136645962, ""scratch"": 0.6446124763705103, ""squeeze"": 0.8260869565217392}",,,9.949820278000061,2320.4296875,0.0
p0_anomaly_mvtec|capsule|dinov2_s|codebook_dist|64|2,p0_anomaly_mvtec,capsule,dinov2_s,219,132,109,1024,21.017523612999867,2,,codebook_dist,64,2,,0.6062793569999485,2320.4296875,,0.9365775827682489,"{""crack"": 0.9017013232514177, ""faulty_imprint"": 0.9169960474308301, ""poke"": 0.9710144927536233, ""scratch"": 0.9716446124763705, ""squeeze"": 0.9217391304347826}",0.9755612273635487,,6.8129253899999185,2320.4296875,0.0
p0_anomaly_mvtec|capsule|dinov2_s|codebook_norm|64|2,p0_anomaly_mvtec,capsule,dinov2_s,219,132,109,1024,21.017523612999867,2,,codebook_norm,64,2,,1.125829314000157,2320.4296875,,0.8667730355005984,"{""crack"": 0.8827977315689981, ""faulty_imprint"": 0.7984189723320159, ""poke"": 0.8778467908902692, ""scratch"": 0.8714555765595463, ""squeeze"": 0.9065217391304348}",0.9657821886867687,,6.8129253899999185,2320.4296875,0.0
p0_anomaly_mvtec|capsule|dinov2_s|hist_knn|64|2,p0_anomaly_mvtec,capsule,dinov2_s,219,132,109,1024,21.017523612999867,2,,hist_knn,64,2,,1.6246178910000708,2320.4296875,,0.7682489030714,"{""crack"": 0.6597353497164461, ""faulty_imprint"": 0.7924901185770752, ""poke"": 0.6563146997929606, ""scratch"": 0.829867674858223, ""squeeze"": 0.9130434782608696}",,,6.8129253899999185,2320.4296875,0.0
p0_anomaly_mvtec|capsule|dinov2_s|codebook_dist|256|1,p0_anomaly_mvtec,capsule,dinov2_s,219,132,109,1024,21.017523612999867,2,,codebook_dist,256,1,,1.0751053359999787,2320.4296875,,0.934982050259274,"{""crack"": 0.9451795841209831, ""faulty_imprint"": 0.857707509881423, ""poke"": 0.9627329192546584, ""scratch"": 0.9451795841209829, ""squeeze"": 0.9673913043478262}",0.9872182333681836,,29.892597986000055,2320.4296875,0.0
p0_anomaly_mvtec|capsule|dinov2_s|codebook_norm|256|1,p0_anomaly_mvtec,capsule,dinov2_s,219,132,109,1024,21.017523612999867,2,,codebook_norm,256,1,,2.75086370300005,2320.4296875,,0.8779417630634225,"{""crack"": 0.8714555765595464, ""faulty_imprint"": 0.8221343873517787, ""poke"": 0.855072463768116, ""scratch"": 0.8714555765595463, ""squeeze"": 0.9782608695652173}",0.9770178065792539,,29.892597986000055,2320.4296875,0.0
p0_anomaly_mvtec|capsule|dinov2_s|hist_knn|256|1,p0_anomaly_mvtec,capsule,dinov2_s,219,132,109,1024,21.017523612999867,2,,hist_knn,256,1,,2.9390483280001263,2320.4296875,,0.8500199441563622,"{""crack"": 0.7674858223062381, ""faulty_imprint"": 0.891304347826087, ""poke"": 0.8322981366459627, ""scratch"": 0.8449905482041588, ""squeeze"": 0.9239130434782609}",,,29.892597986000055,2320.4296875,0.0
p0_anomaly_mvtec|capsule|dinov2_s|codebook_dist|256|2,p0_anomaly_mvtec,capsule,dinov2_s,219,132,109,1024,21.017523612999867,2,,codebook_dist,256,2,,1.098521910000045,2320.4296875,,0.9553250897487036,"{""crack"": 0.9584120982986767, ""faulty_imprint"": 0.8853754940711464, ""poke"": 0.9668737060041408, ""scratch"": 0.9867674858223063, ""squeeze"": 0.9804347826086957}",0.9873887292806266,,28.969190314999878,2320.4296875,0.0
p0_anomaly_mvtec|capsule|dinov2_s|codebook_norm|256|2,p0_anomaly_mvtec,capsule,dinov2_s,219,132,109,1024,21.017523612999867,2,,codebook_norm,256,2,,1.9498009630001434,2320.4296875,,0.8735540486637414,"{""crack"": 0.8393194706994329, ""faulty_imprint"": 0.808300395256917, ""poke"": 0.8385093167701863, ""scratch"": 0.9130434782608696, ""squeeze"": 0.9760869565217392}",0.979417542408638,,28.969190314999878,2320.4296875,0.0
p0_anomaly_mvtec|capsule|dinov2_s|hist_knn|256|2,p0_anomaly_mvtec,capsule,dinov2_s,219,132,109,1024,21.017523612999867,2,,hist_knn,256,2,,3.2022898630000327,2320.4296875,,0.8320702034303951,"{""crack"": 0.7655954631379962, ""faulty_imprint"": 0.8478260869565217, ""poke"": 0.7908902691511388, ""scratch"": 0.8563327032136105, ""squeeze"": 0.9065217391304349}",,,28.969190314999878,2320.4296875,0.0
p0_anomaly_mvtec|capsule|dinov2_s|codebook_dist|1024|1,p0_anomaly_mvtec,capsule,dinov2_s,219,132,109,1024,21.017523612999867,2,,codebook_dist,1024,1,,3.383253454999931,2320.4296875,,0.9537295572397287,"{""crack"": 0.9716446124763705, ""faulty_imprint"": 0.8814229249011859, ""poke"": 0.9668737060041408, ""scratch"": 0.9621928166351607, ""squeeze"": 0.9891304347826088}",0.9900261506074508,,113.13891572500006,2320.4296875,0.0
p0_anomaly_mvtec|capsule|dinov2_s|codebook_norm|1024|1,p0_anomaly_mvtec,capsule,dinov2_s,219,132,109,1024,21.017523612999867,2,,codebook_norm,1024,1,,6.347416510999892,2320.4296875,,0.8320702034303948,"{""crack"": 0.8695652173913044, ""faulty_imprint"": 0.6936758893280632, ""poke"": 0.8737060041407867, ""scratch"": 0.7561436672967864, ""squeeze"": 0.9847826086956522}",0.9795283679081679,,113.13891572500006,2320.4296875,0.0
p0_anomaly_mvtec|capsule|dinov2_s|hist_knn|1024|1,p0_anomaly_mvtec,capsule,dinov2_s,219,132,109,1024,21.017523612999867,2,,hist_knn,1024,1,,9.870949023999856,2320.4296875,,0.8352612684483446,"{""crack"": 0.8166351606805292, ""faulty_imprint"": 0.8399209486166008, ""poke"": 0.7598343685300206, ""scratch"": 0.8015122873345936, ""squeeze"": 0.9695652173913043}",,,113.13891572500006,2320.4296875,0.0
p0_anomaly_mvtec|capsule|dinov2_s|codebook_dist|1024|2,p0_anomaly_mvtec,capsule,dinov2_s,219,132,109,1024,21.017523612999867,2,,codebook_dist,1024,2,,3.0728325739999036,2320.4296875,,0.9525329078579976,"{""crack"": 0.9621928166351608, ""faulty_imprint"": 0.891304347826087, ""poke"": 0.9668737060041407, ""scratch"": 0.9621928166351608, ""squeeze"": 0.9826086956521739}",0.9901981944812789,,112.909839208,2320.4296875,0.0
p0_anomaly_mvtec|capsule|dinov2_s|codebook_norm|1024|2,p0_anomaly_mvtec,capsule,dinov2_s,219,132,109,1024,21.017523612999867,2,,codebook_norm,1024,2,,7.237188349000235,2320.4296875,,0.8201037096130834,"{""crack"": 0.8544423440453686, ""faulty_imprint"": 0.7193675889328064, ""poke"": 0.8260869565217391, ""scratch"": 0.727788279773157, ""squeeze"": 0.9913043478260869}",0.9824006328766107,,112.909839208,2320.4296875,0.0
p0_anomaly_mvtec|capsule|dinov2_s|hist_knn|1024|2,p0_anomaly_mvtec,capsule,dinov2_s,219,132,109,1024,21.017523612999867,2,,hist_knn,1024,2,,9.39451287699967,2320.4296875,,0.8364579178300758,"{""crack"": 0.7977315689981096, ""faulty_imprint"": 0.8399209486166008, ""poke"": 0.7639751552795031, ""scratch"": 0.8034026465028355, ""squeeze"": 0.9913043478260869}",,,112.909839208,2320.4296875,0.0
p0_anomaly_mvtec|capsule|dense_sift|codebook_dist|64|1,p0_anomaly_mvtec,capsule,dense_sift,219,132,109,729,80.15062132799994,2,,codebook_dist,64,1,,0.1863642210000762,2320.4296875,,0.5069804547267651,"{""crack"": 0.5444234404536862, ""faulty_imprint"": 0.4071146245059289, ""poke"": 0.42028985507246375, ""scratch"": 0.49338374291115306, ""squeeze"": 0.6804347826086956}",0.8290122340315514,,2.4019335600000886,2320.4296875,0.0
p0_anomaly_mvtec|capsule|dense_sift|codebook_norm|64|1,p0_anomaly_mvtec,capsule,dense_sift,219,132,109,729,80.15062132799994,2,,codebook_norm,64,1,,0.4348977160002505,2320.4296875,,0.6773035500598323,"{""crack"": 0.7069943289224951, ""faulty_imprint"": 0.6185770750988142, ""poke"": 0.5734989648033126, ""scratch"": 0.6389413988657845, ""squeeze"": 0.8608695652173913}",0.7649483672741504,,2.4019335600000886,2320.4296875,0.0
p0_anomaly_mvtec|capsule|dense_sift|hist_knn|64|1,p0_anomaly_mvtec,capsule,dense_sift,219,132,109,729,80.15062132799994,2,,hist_knn,64,1,,0.4562494060000972,2320.4296875,,0.6278420422816114,"{""crack"": 0.5954631379962193, ""faulty_imprint"": 0.5434782608695652, ""poke"": 0.4865424430641821, ""scratch"": 0.5708884688090738, ""squeeze"": 0.9717391304347827}",,,2.4019335600000886,2320.4296875,0.0
p0_anomaly_mvtec|capsule|dense_sift|codebook_dist|64|2,p0_anomaly_mvtec,capsule,dense_sift,219,132,109,729,80.15062132799994,2,,codebook_dist,64,2,,0.1570664850000867,2320.4296875,,0.6705225368966893,"{""crack"": 0.6956521739130435, ""faulty_imprint"": 0.6758893280632411, ""poke"": 0.587991718426501, ""scratch"": 0.5463137996219282, ""squeeze"": 0.8652173913043478}",0.8195610388190757,,2.5284207879999485,2320.4296875,0.0
p0_anomaly_mvtec|capsule|dense_sift|codebook_norm|64|2,p0_anomaly_mvtec,capsule,dense_sift,219,132,109,729,80.15062132799994,2,,codebook_norm,64,2,,0.3813114409999798,2320.4296875,,0.5468687674511368,"{""crack"": 0.54820415879017, ""faulty_imprint"": 0.5454545454545454, ""poke"": 0.3830227743271222, ""scratch"": 0.54820415879017, ""squeeze"": 0.717391304347826}",0.7820435186273864,,2.5284207879999485,2320.4296875,0.0
p0_anomaly_mvtec|capsule|dense_sift|hist_knn|64|2,p0_anomaly_mvtec,capsule,dense_sift,219,132,109,729,80.15062132799994,2,,hist_knn,64,2,,0.7103284850004457,2320.4296875,,0.6280414838452334,"{""crack"": 0.5822306238185255, ""faulty_imprint"": 0.6067193675889329, ""poke"": 0.432712215320911, ""scratch"": 0.5812854442344045, ""squeeze"": 0.9630434782608696}",,,2.5284207879999485,2320.4296875,0.0
p0_anomaly_mvtec|capsule|dense_sift|codebook_dist|256|1,p0_anomaly_mvtec,capsule,dense_sift,219,132,109,729,80.15062132799994,2,,codebook_dist,256,1,,0.3874167049998505,2320.4296875,,0.6082967690466694,"{""crack"": 0.5822306238185255, ""faulty_imprint"": 0.5197628458498024, ""poke"": 0.5403726708074534, ""scratch"": 0.5500945179584121, ""squeeze"": 0.8739130434782608}",0.8589577874663221,,10.358460942999955,2320.4296875,0.0
p0_anomaly_mvtec|capsule|dense_sift|codebook_norm|256|1,p0_anomaly_mvtec,capsule,dense_sift,219,132,109,729,80.15062132799994,2,,codebook_norm,256,1,,1.2495478480000202,2320.4296875,,0.600319106501795,"{""crack"": 0.616257088846881, ""faulty_imprint"": 0.5316205533596838, ""poke"": 0.45962732919254656, ""scratch"": 0.48393194706994325, ""squeeze"": 0.9391304347826086}",0.818224945453521,,10.358460942999955,2320.4296875,0.0
p0_anomaly_mvtec|capsule|dense_sift|hist_knn|256|1,p0_anomaly_mvtec,capsule,dense_sift,219,132,109,729,80.15062132799994,2,,hist_knn,256,1,,1.0228767509997851,2320.4296875,,0.6290386916633427,"{""crack"": 0.5784499054820416, ""faulty_imprint"": 0.6304347826086957, ""poke"": 0.43064182194616973, ""scratch"": 0.6162570888468809, ""squeeze"": 0.908695652173913}",,,10.358460942999955,2320.4296875,0.0
p0_anomaly_mvtec|capsule|dense_sift|codebook_dist|256|2,p0_anomaly_mvtec,capsule,dense_sift,219,132,109,729,80.15062132799994,2,,codebook_dist,256,2,,0.6019042110001465,2320.4296875,,0.6354208216992421,"{""crack"": 0.6162570888468809, ""faulty_imprint"": 0.6264822134387351, ""poke"": 0.48447204968944096, ""scratch"": 0.603024574669187, ""squeeze"": 0.8630434782608696}",0.8662857443876276,,10.155530994999936,2320.4296875,0.0
p0_anomaly_mvtec|capsule|dense_sift|codebook_norm|256|2,p0_anomaly_mvtec,capsule,dense_sift,219,132,109,729,80.15062132799994,2,,codebook_norm,256,2,,0.7716366580002614,2320.4296875,,0.656960510570403,"{""crack"": 0.6294896030245747, ""faulty_imprint"": 0.6422924901185771, ""poke"": 0.5113871635610766, ""scratch"": 0.5992438563327032, ""squeeze"": 0.9239130434782609}",0.8360499588579351,,10.155530994999936,2320.4296875,0.0
p0_anomaly_mvtec|capsule|dense_sift|hist_knn|256|2,p0_anomaly_mvtec,capsule,dense_sift,219,132,109,729,80.15062132799994,2,,hist_knn,256,2,,1.0067123819999324,2320.4296875,,0.6587554846429996,"{""crack"": 0.6162570888468809, ""faulty_imprint"": 0.5830039525691699, ""poke"": 0.5434782608695652, ""scratch"": 0.6351606805293005, ""squeeze"": 0.9391304347826087}",,,10.155530994999936,2320.4296875,0.0
p0_anomaly_mvtec|capsule|dense_sift|codebook_dist|1024|1,p0_anomaly_mvtec,capsule,dense_sift,219,132,109,729,80.15062132799994,2,,codebook_dist,1024,1,,1.2361538589998418,2320.4296875,,0.6414040686078979,"{""crack"": 0.6313799621928167, ""faulty_imprint"": 0.6086956521739131, ""poke"": 0.5093167701863354, ""scratch"": 0.6313799621928167, ""squeeze"": 0.8391304347826087}",0.8617987393833044,,44.28984248699999,2320.4296875,0.0
p0_anomaly_mvtec|capsule|dense_sift|codebook_norm|1024|1,p0_anomaly_mvtec,capsule,dense_sift,219,132,109,729,80.15062132799994,2,,codebook_norm,1024,1,,3.0293471390000377,2320.4296875,,0.7335460710011966,"{""crack"": 0.7618147448015122, ""faulty_imprint"": 0.6561264822134387, ""poke"": 0.6583850931677018, ""scratch"": 0.6824196597353497, ""squeeze"": 0.9239130434782609}",0.8536489626097379,,44.28984248699999,2320.4296875,0.0
p0_anomaly_mvtec|capsule|dense_sift|hist_knn|1024|1,p0_anomaly_mvtec,capsule,dense_sift,219,132,109,729,80.15062132799994,2,,hist_knn,1024,1,,3.210592678000012,2320.4296875,,0.682090147586757,"{""crack"": 0.7069943289224953, ""faulty_imprint"": 0.6541501976284585, ""poke"": 0.5776397515527951, ""scratch"": 0.6786389413988658, ""squeeze"": 0.7978260869565217}",,,44.28984248699999,2320.4296875,0.0
p0_anomaly_mvtec|capsule|dense_sift|codebook_dist|1024|2,p0_anomaly_mvtec,capsule,dense_sift,219,132,109,729,80.15062132799994,2,,codebook_dist,1024,2,,1.2329883860002155,2320.4296875,,0.6457917830075789,"{""crack"": 0.6389413988657845, ""faulty_imprint"": 0.6324110671936759, ""poke"": 0.49689440993788825, ""scratch"": 0.6351606805293005, ""squeeze"": 0.8369565217391305}",0.866153359112206,,45.00673192699969,2320.4296875,0.0
p0_anomaly_mvtec|capsule|dense_sift|codebook_norm|1024|2,p0_anomaly_mvtec,capsule,dense_sift,219,132,109,729,80.15062132799994,2,,codebook_norm,1024,2,,2.2645627160000004,2320.4296875,,0.7379337854008775,"{""crack"": 0.7863894139886578, ""faulty_imprint"": 0.642292490118577, ""poke"": 0.6211180124223603, ""scratch"": 0.724007561436673, ""squeeze"": 0.9260869565217391}",0.8493111434758864,,45.00673192699969,2320.4296875,0.0
p0_anomaly_mvtec|capsule|dense_sift|hist_knn|1024|2,p0_anomaly_mvtec,capsule,dense_sift,219,132,109,729,80.15062132799994,2,,hist_knn,1024,2,,3.314953529000377,2320.4296875,,0.7143996808934983,"{""crack"": 0.7542533081285444, ""faulty_imprint"": 0.6956521739130435, ""poke"": 0.5734989648033126, ""scratch"": 0.7126654064272211, ""squeeze"": 0.8391304347826087}",,,45.00673192699969,2320.4296875,0.0
p0_anomaly_mvtec|carpet|dinov2_s|codebook_dist|64|1,p0_anomaly_mvtec,carpet,dinov2_s,280,117,89,1024,23.490016327999683,2,,codebook_dist,64,1,,0.5284414620000462,2320.4296875,,0.968298555377207,"{""color"": 0.9304511278195489, ""cut"": 0.9453781512605042, ""hole"": 0.9768907563025211, ""metal_contamination"": 1.0, ""thread"": 0.9906015037593985}",0.9934700922650695,,10.09224006500017,2320.4296875,0.0
p0_anomaly_mvtec|carpet|dinov2_s|codebook_norm|64|1,p0_anomaly_mvtec,carpet,dinov2_s,280,117,89,1024,23.490016327999683,2,,codebook_norm,64,1,,1.413694896999914,2320.4296875,,0.9843499197431782,"{""color"": 0.9567669172932332, ""cut"": 0.9852941176470589, ""hole"": 0.9915966386554622, ""metal_contamination"": 0.9978991596638656, ""thread"": 0.9924812030075189}",0.9925941887409532,,10.09224006500017,2320.4296875,0.0
p0_anomaly_mvtec|carpet|dinov2_s|hist_knn|64|1,p0_anomaly_mvtec,carpet,dinov2_s,280,117,89,1024,23.490016327999683,2,,hist_knn,64,1,,3.057345076999809,2320.4296875,,0.7624398073836276,"{""color"": 0.8195488721804511, ""cut"": 0.8361344537815125, ""hole"": 0.9012605042016807, ""metal_contamination"": 0.4789915966386554, ""thread"": 0.7687969924812029}",,,10.09224006500017,2320.4296875,0.0
p0_anomaly_mvtec|carpet|dinov2_s|codebook_dist|64|2,p0_anomaly_mvtec,carpet,dinov2_s,280,117,89,1024,23.490016327999683,2,,codebook_dist,64,2,,0.5577988639997784,2320.4296875,,0.9674959871589084,"{""color"": 0.9285714285714286, ""cut"": 0.9432773109243697, ""hole"": 0.9747899159663865, ""metal_contamination"": 1.0, ""thread"": 0.9924812030075189}",0.9935405675312372,,12.024773347000064,2320.4296875,0.0
p0_anomaly_mvtec|carpet|dinov2_s|codebook_norm|64|2,p0_anomaly_mvtec,carpet,dinov2_s,280,117,89,1024,23.490016327999683,2,,codebook_norm,64,2,,1.9214699519998248,2320.4296875,,0.9879614767255217,"{""color"": 0.962406015037594, ""cut"": 0.9852941176470589, ""hole"": 0.9978991596638656, ""metal_contamination"": 1.0, ""thread"": 0.9962406015037594}",0.9934607814384676,,12.024773347000064,2320.4296875,0.0
p0_anomaly_mvtec|carpet|dinov2_s|hist_knn|64|2,p0_anomaly_mvtec,carpet,dinov2_s,280,117,89,1024,23.490016327999683,2,,hist_knn,64,2,,1.8631241379998755,2320.4296875,,0.7295345104333868,"{""color"": 0.7819548872180452, ""cut"": 0.634453781512605, ""hole"": 0.8634453781512605, ""metal_contamination"": 0.5987394957983193, ""thread"": 0.7593984962406015}",,,12.024773347000064,2320.4296875,0.0
p0_anomaly_mvtec|carpet|dinov2_s|codebook_dist|256|1,p0_anomaly_mvtec,carpet,dinov2_s,280,117,89,1024,23.490016327999683,2,,codebook_dist,256,1,,0.9597917050000433,2320.4296875,,1.0,"{""color"": 1.0, ""cut"": 1.0, ""hole"": 1.0, ""metal_contamination"": 1.0, ""thread"": 1.0}",0.9927786514105074,,30.398829987000227,2320.4296875,0.0
p0_anomaly_mvtec|carpet|dinov2_s|codebook_norm|256|1,p0_anomaly_mvtec,carpet,dinov2_s,280,117,89,1024,23.490016327999683,2,,codebook_norm,256,1,,2.4867296099996565,2320.4296875,,0.9959871589085072,"{""color"": 0.9962406015037595, ""cut"": 0.9957983193277311, ""hole"": 0.9957983193277311, ""metal_contamination"": 1.0, ""thread"": 0.9924812030075189}",0.9563489592488001,,30.398829987000227,2320.4296875,0.0
p0_anomaly_mvtec|carpet|dinov2_s|hist_knn|256|1,p0_anomaly_mvtec,carpet,dinov2_s,280,117,89,1024,23.490016327999683,2,,hist_knn,256,1,,4.065227742999923,2320.4296875,,0.8984751203852327,"{""color"": 0.8909774436090225, ""cut"": 0.9873949579831933, ""hole"": 0.9684873949579832, ""metal_contamination"": 0.7352941176470589, ""thread"": 0.9097744360902256}",,,30.398829987000227,2320.4296875,0.0
p0_anomaly_mvtec|carpet|dinov2_s|codebook_dist|256|2,p0_anomaly_mvtec,carpet,dinov2_s,280,117,89,1024,23.490016327999683,2,,codebook_dist,256,2,,1.011557072999949,2320.4296875,,0.9935794542536116,"{""color"": 1.0, ""cut"": 0.9768907563025211, ""hole"": 1.0, ""metal_contamination"": 1.0, ""thread"": 0.9906015037593985}",0.9928190622200919,,29.375101232999896,2320.4296875,0.0
p0_anomaly_mvtec|carpet|dinov2_s|codebook_norm|256|2,p0_anomaly_mvtec,carpet,dinov2_s,280,117,89,1024,23.490016327999683,2,,codebook_norm,256,2,,2.4427207480002835,2320.4296875,,0.9967897271268057,"{""color"": 0.9962406015037594, ""cut"": 1.0, ""hole"": 1.0, ""metal_contamination"": 1.0, ""thread"": 0.9887218045112782}",0.8822104910024196,,29.375101232999896,2320.4296875,0.0
p0_anomaly_mvtec|carpet|dinov2_s|hist_knn|256|2,p0_anomaly_mvtec,carpet,dinov2_s,280,117,89,1024,23.490016327999683,2,,hist_knn,256,2,,4.922169830999792,2320.4296875,,0.8727929373996789,"{""color"": 0.8308270676691728, ""cut"": 0.9684873949579832, ""hole"": 0.9831932773109244, ""metal_contamination"": 0.6848739495798318, ""thread"": 0.8984962406015038}",,,29.375101232999896,2320.4296875,0.0
p0_anomaly_mvtec|carpet|dinov2_s|codebook_dist|1024|1,p0_anomaly_mvtec,carpet,dinov2_s,280,117,89,1024,23.490016327999683,2,,codebook_dist,1024,1,,3.094185751999703,2320.4296875,,0.9983948635634029,"{""color"": 1.0, ""cut"": 1.0, ""hole"": 1.0, ""metal_contamination"": 1.0, ""thread"": 0.9924812030075189}",0.9930261642855454,,116.32093220099978,2320.4296875,0.0
p0_anomaly_mvtec|carpet|dinov2_s|codebook_norm|1024|1,p0_anomaly_mvtec,carpet,dinov2_s,280,117,89,1024,23.490016327999683,2,,codebook_norm,1024,1,,7.969370220000201,2370.515625,,0.9979935794542536,"{""color"": 0.9981203007518797, ""cut"": 0.9978991596638656, ""hole"": 1.0, ""metal_contamination"": 1.0, ""thread"": 0.9943609022556391}",0.9704485828334315,,116.32093220099978,2320.4296875,0.0
p0_anomaly_mvtec|carpet|dinov2_s|hist_knn|1024|1,p0_anomaly_mvtec,carpet,dinov2_s,280,117,89,1024,23.490016327999683,2,,hist_knn,1024,1,,11.013517649999812,2370.515625,,0.8960674157303371,"{""color"": 0.8665413533834586, ""cut"": 0.9978991596638656, ""hole"": 0.9873949579831932, ""metal_contamination"": 0.7626050420168067, ""thread"": 0.8721804511278195}",,,116.32093220099978,2320.4296875,0.0
p0_anomaly_mvtec|carpet|dinov2_s|codebook_dist|1024|2,p0_anomaly_mvtec,carpet,dinov2_s,280,117,89,1024,23.490016327999683,2,,codebook_dist,1024,2,,2.7368426880002517,2370.515625,,0.9975922953451044,"{""color"": 1.0, ""cut"": 1.0, ""hole"": 1.0, ""metal_contamination"": 1.0, ""thread"": 0.9887218045112782}",0.9927688084434881,,109.84121159100005,2370.515625,0.0
p0_anomaly_mvtec|carpet|dinov2_s|codebook_norm|1024|2,p0_anomaly_mvtec,carpet,dinov2_s,280,117,89,1024,23.490016327999683,2,,codebook_norm,1024,2,,8.597739684000317,2370.515625,,0.995585874799358,"{""color"": 0.9962406015037594, ""cut"": 0.9936974789915967, ""hole"": 0.9978991596638656, ""metal_contamination"": 1.0, ""thread"": 0.9906015037593985}",0.957794789515398,,109.84121159100005,2370.515625,0.0
p0_anomaly_mvtec|carpet|dinov2_s|hist_knn|1024|2,p0_anomaly_mvtec,carpet,dinov2_s,280,117,89,1024,23.490016327999683,2,,hist_knn,1024,2,,10.833593983000355,2370.515625,,0.8667736757624398,"{""color"": 0.8796992481203008, ""cut"": 0.9873949579831933, ""hole"": 0.9705882352941178, ""metal_contamination"": 0.615546218487395, ""thread"": 0.8778195488721804}",,,109.84121159100005,2370.515625,0.0
p0_anomaly_mvtec|carpet|dense_sift|codebook_dist|64|1,p0_anomaly_mvtec,carpet,dense_sift,280,117,89,729,89.49323753199997,2,,codebook_dist,64,1,,0.15153651999980866,2370.515625,,0.5012038523274479,"{""color"": 0.543233082706767, ""cut"": 0.5021008403361344, ""hole"": 0.5294117647058824, ""metal_contamination"": 0.31092436974789917, ""thread"": 0.6033834586466165}",0.5762780333926045,,2.6065796339998997,2370.515625,0.0
p0_anomaly_mvtec|carpet|dense_sift|codebook_norm|64|1,p0_anomaly_mvtec,carpet,dense_sift,280,117,89,729,89.49323753199997,2,,codebook_norm,64,1,,0.8113841989998036,2370.515625,,0.4963884430176565,"{""color"": 0.6578947368421052, ""cut"": 0.4957983193277311, ""hole"": 0.42647058823529416, ""metal_contamination"": 0.3025210084033614, ""thread"": 0.5714285714285714}",0.7832804611478172,,2.6065796339998997,2370.515625,0.0
p0_anomaly_mvtec|carpet|dense_sift|hist_knn|64|1,p0_anomaly_mvtec,carpet,dense_sift,280,117,89,729,89.49323753199997,2,,hist_knn,64,1,,0.49117599600003814,2370.515625,,0.343900481540931,"{""color"": 0.43421052631578944, ""cut"": 0.32563025210084034, ""hole"": 0.32352941176470584, ""metal_contamination"": 0.24789915966386558, ""thread"": 0.37406015037593987}",,,2.6065796339998997,2370.515625,0.0
p0_anomaly_mvtec|carpet|dense_sift|codebook_dist|64|2,p0_anomaly_mvtec,carpet,dense_sift,280,117,89,729,89.49323753199997,2,,codebook_dist,64,2,,0.14810429800036218,2370.515625,,0.4739165329052969,"{""color"": 0.5921052631578947, ""cut"": 0.39285714285714285, ""hole"": 0.35504201680672276, ""metal_contamination"": 0.41806722689075626, ""thread"": 0.5845864661654135}",0.5913876764695962,,2.585985877999974,2370.515625,0.0
p0_anomaly_mvtec|carpet|dense_sift|codebook_norm|64|2,p0_anomaly_mvtec,carpet,dense_sift,280,117,89,729,89.49323753199997,2,,codebook_norm,64,2,,0.5007638549996045,2370.515625,,0.5321027287319422,"{""color"": 0.7011278195488722, ""cut"": 0.4684873949579832, ""hole"": 0.42647058823529416, ""metal_contamination"": 0.35504201680672265, ""thread"": 0.6729323308270676}",0.7820528499151789,,2.585985877999974,2370.515625,0.0
p0_anomaly_mvtec|carpet|dense_sift|hist_knn|64|2,p0_anomaly_mvtec,carpet,dense_sift,280,117,89,729,89.49323753199997,2,,hist_knn,64,2,,0.9566124520001722,2370.515625,,0.37078651685393255,"{""color"": 0.5169172932330827, ""cut"": 0.29411764705882354, ""hole"": 0.3277310924369748, ""metal_contamination"": 0.25210084033613445, ""thread"": 0.43796992481203}",,,2.585985877999974,2370.515625,0.0
p0_anomaly_mvtec|carpet|dense_sift|codebook_dist|256|1,p0_anomaly_mvtec,carpet,dense_sift,280,117,89,729,89.49323753199997,2,,codebook_dist,256,1,,0.3403145220004262,2370.515625,,0.4506420545746388,"{""color"": 0.5639097744360901, ""cut"": 0.4201680672268908, ""hole"": 0.43487394957983194, ""metal_contamination"": 0.25210084033613445, ""thread"": 0.556390977443609}",0.6297162780714498,,10.822710193000148,2370.515625,0.0
p0_anomaly_mvtec|carpet|dense_sift|codebook_norm|256|1,p0_anomaly_mvtec,carpet,dense_sift,280,117,89,729,89.49323753199997,2,,codebook_norm,256,1,,1.5431906349999736,2370.515625,,0.5541733547351525,"{""color"": 0.7330827067669172, ""cut"": 0.5231092436974789, ""hole"": 0.5, ""metal_contamination"": 0.3382352941176471, ""thread"": 0.6447368421052632}",0.8121514563383533,,10.822710193000148,2370.515625,0.0
p0_anomaly_mvtec|carpet|dense_sift|hist_knn|256|1,p0_anomaly_mvtec,carpet,dense_sift,280,117,89,729,89.49323753199997,2,,hist_knn,256,1,,1.1414047409998602,2370.515625,,0.5112359550561798,"{""color"": 0.6729323308270676, ""cut"": 0.3613445378151261, ""hole"": 0.5105042016806722, ""metal_contamination"": 0.5756302521008403, ""thread"": 0.42669172932330823}",,,10.822710193000148,2370.515625,0.0
p0_anomaly_mvtec|carpet|dense_sift|codebook_dist|256|2,p0_anomaly_mvtec,carpet,dense_sift,280,117,89,729,89.49323753199997,2,,codebook_dist,256,2,,0.3405098119997092,2370.515625,,0.49478330658105935,"{""color"": 0.6090225563909775, ""cut"": 0.4453781512605042, ""hole"": 0.4810924369747899, ""metal_contamination"": 0.3004201680672269, ""thread"": 0.6109022556390977}",0.6274567536436413,,12.069513308000296,2370.515625,0.0
p0_anomaly_mvtec|carpet|dense_sift|codebook_norm|256|2,p0_anomaly_mvtec,carpet,dense_sift,280,117,89,729,89.49323753199997,2,,codebook_norm,256,2,,1.020709106999675,2370.515625,,0.5710272873194221,"{""color"": 0.7349624060150376, ""cut"": 0.5546218487394958, ""hole"": 0.49789915966386555, ""metal_contamination"": 0.3739495798319328, ""thread"": 0.6635338345864661}",0.8089220791332873,,12.069513308000296,2370.515625,0.0
p0_anomaly_mvtec|carpet|dense_sift|hist_knn|256|2,p0_anomaly_mvtec,carpet,dense_sift,280,117,89,729,89.49323753199997,2,,hist_knn,256,2,,1.1899813499999254,2370.515625,,0.4534510433386838,"{""color"": 0.5939849624060151, ""cut"": 0.3991596638655462, ""hole"": 0.4054621848739496, ""metal_contamination"": 0.546218487394958, ""thread"": 0.3214285714285714}",,,12.069513308000296,2370.515625,0.0
p0_anomaly_mvtec|carpet|dense_sift|codebook_dist|1024|1,p0_anomaly_mvtec,carpet,dense_sift,280,117,89,729,89.49323753199997,2,,codebook_dist,1024,1,,1.0749692889999096,2370.515625,,0.46829855537720705,"{""color"": 0.5733082706766917, ""cut"": 0.42226890756302526, ""hole"": 0.41386554621848737, ""metal_contamination"": 0.296218487394958, ""thread"": 0.6071428571428571}",0.6518216054298632,,46.58016153499966,2370.515625,0.0
p0_anomaly_mvtec|carpet|dense_sift|codebook_norm|1024|1,p0_anomaly_mvtec,carpet,dense_sift,280,117,89,729,89.49323753199997,2,,codebook_norm,1024,1,,3.644349844000317,2370.515625,,0.5930979133226324,"{""color"": 0.7875939849624061, ""cut"": 0.5714285714285714, ""hole"": 0.5504201680672268, ""metal_contamination"": 0.319327731092437, ""thread"": 0.7011278195488722}",0.8403723728590682,,46.58016153499966,2370.515625,0.0
p0_anomaly_mvtec|carpet|dense_sift|hist_knn|1024|1,p0_anomaly_mvtec,carpet,dense_sift,280,117,89,729,89.49323753199997,2,,hist_knn,1024,1,,3.6805345319999105,2370.515625,,0.6444622792937399,"{""color"": 0.7800751879699248, ""cut"": 0.6050420168067228, ""hole"": 0.6260504201680672, ""metal_contamination"": 0.657563025210084, ""thread"": 0.5488721804511278}",,,46.58016153499966,2370.515625,0.0
p0_anomaly_mvtec|carpet|dense_sift|codebook_dist|1024|2,p0_anomaly_mvtec,carpet,dense_sift,280,117,89,729,89.49323753199997,2,,codebook_dist,1024,2,,1.0885757619998913,2370.515625,,0.4578651685393258,"{""color"": 0.5845864661654135, ""cut"": 0.40336134453781514, ""hole"": 0.40756302521008403, ""metal_contamination"": 0.2773109243697479, ""thread"": 0.5864661654135338}",0.6512641775876312,,46.086612977000186,2370.515625,0.0
p0_anomaly_mvtec|carpet|dense_sift|codebook_norm|1024|2,p0_anomaly_mvtec,carpet,dense_sift,280,117,89,729,89.49323753199997,2,,codebook_norm,1024,2,,3.9778433930000574,2370.515625,,0.5822632423756019,"{""color"": 0.7349624060150376, ""cut"": 0.5651260504201681, ""hole"": 0.5588235294117647, ""metal_contamination"": 0.32142857142857145, ""thread"": 0.6992481203007519}",0.8411576515485966,,46.086612977000186,2370.515625,0.0
p0_anomaly_mvtec|carpet|dense_sift|hist_knn|1024|2,p0_anomaly_mvtec,carpet,dense_sift,280,117,89,729,89.49323753199997,2,,hist_knn,1024,2,,3.6891326620002474,2370.515625,,0.6593097913322632,"{""color"": 0.7800751879699248, ""cut"": 0.5987394957983193, ""hole"": 0.6092436974789917, ""metal_contamination"": 0.726890756302521, ""thread"": 0.5770676691729324}",,,46.086612977000186,2370.515625,0.0
p0_anomaly_mvtec|grid|dinov2_s|codebook_dist|64|1,p0_anomaly_mvtec,grid,dinov2_s,264,78,57,1024,12.241776278000088,2,,codebook_dist,64,1,,0.4965954240001338,2370.515625,,0.9941520467836258,"{""bent"": 1.0, ""broken"": 1.0, ""glue"": 0.9696969696969697, ""metal_contamination"": 1.0, ""thread"": 1.0}",0.9923564133867505,,8.54086085200015,2370.515625,0.0
p0_anomaly_mvtec|grid|dinov2_s|codebook_norm|64|1,p0_anomaly_mvtec,grid,dinov2_s,264,78,57,1024,12.241776278000088,2,,codebook_norm,64,1,,1.28072566200035,2370.515625,,0.9991645781119465,"{""bent"": 1.0, ""broken"": 1.0, ""glue"": 0.9956709956709956, ""metal_contamination"": 1.0, ""thread"": 1.0}",0.9865868730449258,,8.54086085200015,2370.515625,0.0
p0_anomaly_mvtec|grid|dinov2_s|hist_knn|64|1,p0_anomaly_mvtec,grid,dinov2_s,264,78,57,1024,12.241776278000088,2,,hist_knn,64,1,,1.572443886000201,2370.515625,,0.8187134502923977,"{""bent"": 0.7103174603174603, ""broken"": 0.7857142857142857, ""glue"": 0.7445887445887446, ""metal_contamination"": 0.9047619047619048, ""thread"": 0.961038961038961}",,,8.54086085200015,2370.515625,0.0
p0_anomaly_mvtec|grid|dinov2_s|codebook_dist|64|2,p0_anomaly_mvtec,grid,dinov2_s,264,78,57,1024,12.241776278000088,2,,codebook_dist,64,2,,0.34826567699974476,2370.515625,,0.9966583124477861,"{""bent"": 1.0, ""broken"": 1.0, ""glue"": 0.9826839826839827, ""metal_contamination"": 1.0, ""thread"": 1.0}",0.992408135468084,,9.691712886999994,2370.515625,0.0
p0_anomaly_mvtec|grid|dinov2_s|codebook_norm|64|2,p0_anomaly_mvtec,grid,dinov2_s,264,78,57,1024,12.241776278000088,2,,codebook_norm,64,2,,1.3067391509998743,2370.515625,,0.9991645781119465,"{""bent"": 1.0, ""broken"": 1.0, ""glue"": 0.9956709956709956, ""metal_contamination"": 1.0, ""thread"": 1.0}",0.9869068749739677,,9.691712886999994,2370.515625,0.0
p0_anomaly_mvtec|grid|dinov2_s|hist_knn|64|2,p0_anomaly_mvtec,grid,dinov2_s,264,78,57,1024,12.241776278000088,2,,hist_knn,64,2,,1.539356988000236,2370.515625,,0.6992481203007519,"{""bent"": 0.5515873015873016, ""broken"": 0.634920634920635, ""glue"": 0.683982683982684, ""metal_contamination"": 0.761904761904762, ""thread"": 0.8831168831168832}",,,9.691712886999994,2370.515625,0.0
p0_anomaly_mvtec|grid|dinov2_s|codebook_dist|256|1,p0_anomaly_mvtec,grid,dinov2_s,264,78,57,1024,12.241776278000088,2,,codebook_dist,256,1,,0.6335281780002333,2370.515625,,0.9991645781119465,"{""bent"": 1.0, ""broken"": 1.0, ""glue"": 0.9956709956709956, ""metal_contamination"": 1.0, ""thread"": 1.0}",0.9926754732326722,,32.65105974900007,2370.515625,0.0
p0_anomaly_mvtec|grid|dinov2_s|codebook_norm|256|1,p0_anomaly_mvtec,grid,dinov2_s,264,78,57,1024,12.241776278000088,2,,codebook_norm,256,1,,3.4778557520003233,2370.515625,,1.0,"{""bent"": 1.0, ""broken"": 1.0, ""glue"": 1.0, ""metal_contamination"": 1.0, ""thread"": 1.0}",0.9835828641624612,,32.65105974900007,2370.515625,0.0
p0_anomaly_mvtec|grid|dinov2_s|hist_knn|256|1,p0_anomaly_mvtec,grid,dinov2_s,264,78,57,1024,12.241776278000088,2,,hist_knn,256,1,,2.815189742000257,2370.515625,,0.7326649958228906,"{""bent"": 0.5674603174603174, ""broken"": 0.7817460317460317, ""glue"": 0.5887445887445888, ""metal_contamination"": 0.8528138528138528, ""thread"": 0.8831168831168832}",,,32.65105974900007,2370.515625,0.0
p0_anomaly_mvtec|grid|dinov2_s|codebook_dist|256|2,p0_anomaly_mvtec,grid,dinov2_s,264,78,57,1024,12.241776278000088,2,,codebook_dist,256,2,,0.6470318040001075,2370.515625,,0.9991645781119465,"{""bent"": 1.0, ""broken"": 1.0, ""glue"": 0.9956709956709956, ""metal_contamination"": 1.0, ""thread"": 1.0}",0.9927004409562963,,31.36794419500029,2370.515625,0.0
p0_anomaly_mvtec|grid|dinov2_s|codebook_norm|256|2,p0_anomaly_mvtec,grid,dinov2_s,264,78,57,1024,12.241776278000088,2,,codebook_norm,256,2,,2.266663329000039,2370.515625,,1.0,"{""bent"": 1.0, ""broken"": 1.0, ""glue"": 1.0, ""metal_contamination"": 1.0, ""thread"": 1.0}",0.9846925420087363,,31.36794419500029,2370.515625,0.0
p0_anomaly_mvtec|grid|dinov2_s|hist_knn|256|2,p0_anomaly_mvtec,grid,dinov2_s,264,78,57,1024,12.241776278000088,2,,hist_knn,256,2,,3.730609503999858,2370.515625,,0.722639933166249,"{""bent"": 0.5912698412698413, ""broken"": 0.7380952380952381, ""glue"": 0.5714285714285714, ""metal_contamination"": 0.8354978354978355, ""thread"": 0.8874458874458875}",,,31.36794419500029,2370.515625,0.0
p0_anomaly_mvtec|grid|dinov2_s|codebook_dist|1024|1,p0_anomaly_mvtec,grid,dinov2_s,264,78,57,1024,12.241776278000088,2,,codebook_dist,1024,1,,2.0109425760001614,2370.515625,,1.0,"{""bent"": 1.0, ""broken"": 1.0, ""glue"": 1.0, ""metal_contamination"": 1.0, ""thread"": 1.0}",0.9918731498187019,,113.46038468000006,2370.515625,0.0
p0_anomaly_mvtec|grid|dinov2_s|codebook_norm|1024|1,p0_anomaly_mvtec,grid,dinov2_s,264,78,57,1024,12.241776278000088,2,,codebook_norm,1024,1,,8.204253980999965,2370.515625,,1.0,"{""bent"": 1.0, ""broken"": 1.0, ""glue"": 1.0, ""metal_contamination"": 1.0, ""thread"": 1.0}",0.9724833308713778,,113.46038468000006,2370.515625,0.0
p0_anomaly_mvtec|grid|dinov2_s|hist_knn|1024|1,p0_anomaly_mvtec,grid,dinov2_s,264,78,57,1024,12.241776278000088,2,,hist_knn,1024,1,,8.074151822000204,2370.515625,,0.711779448621554,"{""bent"": 0.5555555555555556, ""broken"": 0.7301587301587302, ""glue"": 0.5281385281385281, ""metal_contamination"": 0.8701298701298701, ""thread"": 0.8874458874458874}",,,113.46038468000006,2370.515625,0.0
p0_anomaly_mvtec|grid|dinov2_s|codebook_dist|1024|2,p0_anomaly_mvtec,grid,dinov2_s,264,78,57,1024,12.241776278000088,2,,codebook_dist,1024,2,,2.8570382729999437,2370.515625,,1.0,"{""bent"": 1.0, ""broken"": 1.0, ""glue"": 1.0, ""metal_contamination"": 1.0, ""thread"": 1.0}",0.9923904366566312,,109.89332397899989,2370.515625,0.0
p0_anomaly_mvtec|grid|dinov2_s|codebook_norm|1024|2,p0_anomaly_mvtec,grid,dinov2_s,264,78,57,1024,12.241776278000088,2,,codebook_norm,1024,2,,6.219115189000149,2370.515625,,1.0,"{""bent"": 1.0, ""broken"": 1.0, ""glue"": 1.0, ""metal_contamination"": 1.0, ""thread"": 1.0}",0.9790878786920094,,109.89332397899989,2370.515625,0.0
p0_anomaly_mvtec|grid|dinov2_s|hist_knn|1024|2,p0_anomaly_mvtec,grid,dinov2_s,264,78,57,1024,12.241776278000088,2,,hist_knn,1024,2,,9.69696523399989,2370.515625,,0.695906432748538,"{""bent"": 0.5515873015873016, ""broken"": 0.6666666666666667, ""glue"": 0.5584415584415585, ""metal_contamination"": 0.8181818181818181, ""thread"": 0.9004329004329004}",,,109.89332397899989,2370.515625,0.0
p0_anomaly_mvtec|grid|dense_sift|codebook_dist|64|1,p0_anomaly_mvtec,grid,dense_sift,264,78,57,729,76.21309556800043,2,,codebook_dist,64,1,,0.13356895199967767,2370.515625,,0.4962406015037594,"{""bent"": 0.5714285714285714, ""broken"": 0.3650793650793651, ""glue"": 0.5367965367965368, ""metal_contamination"": 0.4891774891774892, ""thread"": 0.5238095238095238}",0.4614849435926992,,2.396543771999859,2370.515625,0.0
p0_anomaly_mvtec|grid|dense_sift|codebook_norm|64|1,p0_anomaly_mvtec,grid,dense_sift,264,78,57,729,76.21309556800043,2,,codebook_norm,64,1,,0.6672421630000827,2370.515625,,0.4511278195488722,"{""bent"": 0.37698412698412703, ""broken"": 0.38492063492063494, ""glue"": 0.4545454545454546, ""metal_contamination"": 0.4588744588744589, ""thread"": 0.5930735930735931}",0.5840900279214796,,2.396543771999859,2370.515625,0.0
p0_anomaly_mvtec|grid|dense_sift|hist_knn|64|1,p0_anomaly_mvtec,grid,dense_sift,264,78,57,729,76.21309556800043,2,,hist_knn,64,1,,0.41087652699980026,2370.515625,,0.5898078529657477,"{""bent"": 0.47222222222222227, ""broken"": 0.5595238095238095, ""glue"": 0.6493506493506493, ""metal_contamination"": 0.5238095238095237, ""thread"": 0.7575757575757576}",,,2.396543771999859,2370.515625,0.0
p0_anomaly_mvtec|grid|dense_sift|codebook_dist|64|2,p0_anomaly_mvtec,grid,dense_sift,264,78,57,729,76.21309556800043,2,,codebook_dist,64,2,,0.07732523999993646,2370.515625,,0.4970760233918129,"{""bent"": 0.48412698412698413, ""broken"": 0.3928571428571429, ""glue"": 0.6017316017316017, ""metal_contamination"": 0.6060606060606061, ""thread"": 0.4112554112554112}",0.47093834925839334,,2.4400656369998615,2370.515625,0.0
p0_anomaly_mvtec|grid|dense_sift|codebook_norm|64|2,p0_anomaly_mvtec,grid,dense_sift,264,78,57,729,76.21309556800043,2,,codebook_norm,64,2,,0.4053063479996126,2370.515625,,0.6182121971595655,"{""bent"": 0.511904761904762, ""broken"": 0.5674603174603176, ""glue"": 0.6796536796536797, ""metal_contamination"": 0.670995670995671, ""thread"": 0.6753246753246753}",0.6021406629719905,,2.4400656369998615,2370.515625,0.0
p0_anomaly_mvtec|grid|dense_sift|hist_knn|64|2,p0_anomaly_mvtec,grid,dense_sift,264,78,57,729,76.21309556800043,2,,hist_knn,64,2,,0.4374511389996769,2370.515625,,0.6073517126148705,"{""bent"": 0.5, ""broken"": 0.6071428571428572, ""glue"": 0.5432900432900434, ""metal_contamination"": 0.6017316017316017, ""thread"": 0.7943722943722944}",,,2.4400656369998615,2370.515625,0.0
p0_anomaly_mvtec|grid|dense_sift|codebook_dist|256|1,p0_anomaly_mvtec,grid,dense_sift,264,78,57,729,76.21309556800043,2,,codebook_dist,256,1,,0.22369759500043074,2370.515625,,0.5296574770258982,"{""bent"": 0.5158730158730159, ""broken"": 0.4246031746031746, ""glue"": 0.6233766233766234, ""metal_contamination"": 0.5541125541125541, ""thread"": 0.5411255411255411}",0.5512451044988768,,13.314656108000236,2370.515625,0.0
p0_anomaly_mvtec|grid|dense_sift|codebook_norm|256|1,p0_anomaly_mvtec,grid,dense_sift,264,78,57,729,76.21309556800043,2,,codebook_norm,256,1,,0.8781043659996612,2370.515625,,0.4670008354218881,"{""bent"": 0.36111111111111116, ""broken"": 0.5634920634920635, ""glue"": 0.5021645021645021, ""metal_contamination"": 0.3722943722943723, ""thread"": 0.5367965367965368}",0.7039869792068117,,13.314656108000236,2370.515625,0.0
p0_anomaly_mvtec|grid|dense_sift|hist_knn|256|1,p0_anomaly_mvtec,grid,dense_sift,264,78,57,729,76.21309556800043,2,,hist_knn,256,1,,1.557741791999888,2370.515625,,0.5054302422723476,"{""bent"": 0.5555555555555556, ""broken"": 0.5198412698412698, ""glue"": 0.36796536796536794, ""metal_contamination"": 0.45021645021645024, ""thread"": 0.6277056277056277}",,,13.314656108000236,2370.515625,0.0
p0_anomaly_mvtec|grid|dense_sift|codebook_dist|256|2,p0_anomaly_mvtec,grid,dense_sift,264,78,57,729,76.21309556800043,2,,codebook_dist,256,2,,0.2198518850000255,2370.515625,,0.47201336675020883,"{""bent"": 0.46031746031746035, ""broken"": 0.38095238095238093, ""glue"": 0.5887445887445888, ""metal_contamination"": 0.47619047619047616, ""thread"": 0.46320346320346323}",0.5403601752936558,,9.7899162839999,2370.515625,0.0
p0_anomaly_mvtec|grid|dense_sift|codebook_norm|256|2,p0_anomaly_mvtec,grid,dense_sift,264,78,57,729,76.21309556800043,2,,codebook_norm,256,2,,1.2056529310002588,2370.515625,,0.40183792815371766,"{""bent"": 0.26587301587301587, ""broken"": 0.2896825396825397, ""glue"": 0.38961038961038963, ""metal_contamination"": 0.4761904761904762, ""thread"": 0.6103896103896104}",0.6868680844626612,,9.7899162839999,2370.515625,0.0
p0_anomaly_mvtec|grid|dense_sift|hist_knn|256|2,p0_anomaly_mvtec,grid,dense_sift,264,78,57,729,76.21309556800043,2,,hist_knn,256,2,,1.4885486240000319,2370.515625,,0.48120300751879697,"{""bent"": 0.4206349206349207, ""broken"": 0.46428571428571436, ""glue"": 0.43290043290043295, ""metal_contamination"": 0.41125541125541126, ""thread"": 0.683982683982684}",,,9.7899162839999,2370.515625,0.0
p0_anomaly_mvtec|grid|dense_sift|codebook_dist|1024|1,p0_anomaly_mvtec,grid,dense_sift,264,78,57,729,76.21309556800043,2,,codebook_dist,1024,1,,1.0528260390001378,2370.515625,,0.517126148705096,"{""bent"": 0.5396825396825398, ""broken"": 0.4444444444444444, ""glue"": 0.4978354978354979, ""metal_contamination"": 0.5497835497835498, ""thread"": 0.5584415584415584}",0.615189822726935,,42.760975427000176,2370.515625,0.0
p0_anomaly_mvtec|grid|dense_sift|codebook_norm|1024|1,p0_anomaly_mvtec,grid,dense_sift,264,78,57,729,76.21309556800043,2,,codebook_norm,1024,1,,2.6938487630000054,2370.515625,,0.5430242272347535,"{""bent"": 0.43650793650793657, ""broken"": 0.5357142857142857, ""glue"": 0.41125541125541126, ""metal_contamination"": 0.41558441558441556, ""thread"": 0.9264069264069263}",0.8008801258018554,,42.760975427000176,2370.515625,0.0
p0_anomaly_mvtec|grid|dense_sift|hist_knn|1024|1,p0_anomaly_mvtec,grid,dense_sift,264,78,57,729,76.21309556800043,2,,hist_knn,1024,1,,3.2018890029999056,2370.515625,,0.47451963241436923,"{""bent"": 0.4007936507936508, ""broken"": 0.5158730158730159, ""glue"": 0.5627705627705628, ""metal_contamination"": 0.3203463203463204, ""thread"": 0.5757575757575757}",,,42.760975427000176,2370.515625,0.0
p0_anomaly_mvtec|grid|dense_sift|codebook_dist|1024|2,p0_anomaly_mvtec,grid,dense_sift,264,78,57,729,76.21309556800043,2,,codebook_dist,1024,2,,0.7431345810000494,2370.515625,,0.5739348370927319,"{""bent"": 0.5436507936507937, ""broken"": 0.5158730158730158, ""glue"": 0.6277056277056278, ""metal_contamination"": 0.6363636363636364, ""thread"": 0.5541125541125541}",0.6134513234431825,,44.24930630100016,2370.515625,0.0
p0_anomaly_mvtec|grid|dense_sift|codebook_norm|1024|2,p0_anomaly_mvtec,grid,dense_sift,264,78,57,729,76.21309556800043,2,,codebook_norm,1024,2,,2.5647040680000828,2370.515625,,0.6232247284878863,"{""bent"": 0.4484126984126985, ""broken"": 0.746031746031746, ""glue"": 0.5714285714285714, ""metal_contamination"": 0.48051948051948057, ""thread"": 0.8744588744588745}",0.801617878068697,,44.24930630100016,2370.515625,0.0
p0_anomaly_mvtec|grid|dense_sift|hist_knn|1024|2,p0_anomaly_mvtec,grid,dense_sift,264,78,57,729,76.21309556800043,2,,hist_knn,1024,2,,4.187160582999695,2370.515625,,0.4444444444444445,"{""bent"": 0.376984126984127, ""broken"": 0.4404761904761905, ""glue"": 0.5021645021645023, ""metal_contamination"": 0.36363636363636365, ""thread"": 0.5454545454545455}",,,44.24930630100016,2370.515625,0.0
p0_anomaly_mvtec|hazelnut|dinov2_s|codebook_dist|64|1,p0_anomaly_mvtec,hazelnut,dinov2_s,391,110,70,1024,30.32248612500007,2,,codebook_dist,64,1,,0.4747522289999324,2370.515625,,0.9210714285714285,"{""crack"": 0.9625, ""cut"": 0.8147058823529412, ""hole"": 0.9888888888888889, ""print"": 0.9117647058823528}",0.9954935540139093,,8.116826135000338,2370.515625,0.0
p0_anomaly_mvtec|hazelnut|dinov2_s|codebook_norm|64|1,p0_anomaly_mvtec,hazelnut,dinov2_s,391,110,70,1024,30.32248612500007,2,,codebook_norm,64,1,,2.515961621000315,2370.515625,,0.79,"{""crack"": 0.8944444444444444, ""cut"": 0.6764705882352942, ""hole"": 0.925, ""print"": 0.6499999999999999}",0.9911858685678359,,8.116826135000338,2370.515625,0.0
p0_anomaly_mvtec|hazelnut|dinov2_s|hist_knn|64|1,p0_anomaly_mvtec,hazelnut,dinov2_s,391,110,70,1024,30.32248612500007,2,,hist_knn,64,1,,2.3525745779998033,2370.515625,,0.8092857142857143,"{""crack"": 0.9486111111111111, ""cut"": 0.7147058823529412, ""hole"": 0.7541666666666667, ""print"": 0.8147058823529412}",,,8.116826135000338,2370.515625,0.0
p0_anomaly_mvtec|hazelnut|dinov2_s|codebook_dist|64|2,p0_anomaly_mvtec,hazelnut,dinov2_s,391,110,70,1024,30.32248612500007,2,,codebook_dist,64,2,,0.6968290070003604,2370.515625,,0.9664285714285715,"{""crack"": 0.986111111111111, ""cut"": 0.9058823529411765, ""hole"": 0.9958333333333333, ""print"": 0.975}",0.9956681061834727,,7.046638041999813,2370.515625,0.0
p0_anomaly_mvtec|hazelnut|dinov2_s|codebook_norm|64|2,p0_anomaly_mvtec,hazelnut,dinov2_s,391,110,70,1024,30.32248612500007,2,,codebook_norm,64,2,,1.9001521079999293,2370.515625,,0.8542857142857142,"{""crack"": 0.9277777777777778, ""cut"": 0.8044117647058824, ""hole"": 0.9486111111111111, ""print"": 0.7264705882352941}",0.9917385941224625,,7.046638041999813,2370.515625,0.0
p0_anomaly_mvtec|hazelnut|dinov2_s|hist_knn|64|2,p0_anomaly_mvtec,hazelnut,dinov2_s,391,110,70,1024,30.32248612500007,2,,hist_knn,64,2,,2.3583016430002317,2370.515625,,0.7517857142857143,"{""crack"": 0.9055555555555556, ""cut"": 0.6176470588235294, ""hole"": 0.7305555555555555, ""print"": 0.7455882352941177}",,,7.046638041999813,2370.515625,0.0
p0_anomaly_mvtec|hazelnut|dinov2_s|codebook_dist|256|1,p0_anomaly_mvtec,hazelnut,dinov2_s,391,110,70,1024,30.32248612500007,2,,codebook_dist,256,1,,0.9181562069998108,2370.515625,,0.9846428571428572,"{""crack"": 1.0, ""cut"": 0.9602941176470587, ""hole"": 1.0, ""print"": 0.9764705882352941}",0.9963360840984303,,30.499799566000092,2370.515625,0.0
p0_anomaly_mvtec|hazelnut|dinov2_s|codebook_norm|256|1,p0_anomaly_mvtec,hazelnut,dinov2_s,391,110,70,1024,30.32248612500007,2,,codebook_norm,256,1,,5.064695194999786,2370.515625,,0.8528571428571429,"{""crack"": 0.9416666666666667, ""cut"": 0.7647058823529412, ""hole"": 0.913888888888889, ""print"": 0.7823529411764706}",0.9914794776433435,,30.499799566000092,2370.515625,0.0
p0_anomaly_mvtec|hazelnut|dinov2_s|hist_knn|256|1,p0_anomaly_mvtec,hazelnut,dinov2_s,391,110,70,1024,30.32248612500007,2,,hist_knn,256,1,,4.229317897999863,2370.515625,,0.7303571428571428,"{""crack"": 0.8972222222222221, ""cut"": 0.6411764705882352, ""hole"": 0.6291666666666667, ""print"": 0.75}",,,30.499799566000092,2370.515625,0.0
p0_anomaly_mvtec|hazelnut|dinov2_s|codebook_dist|256|2,p0_anomaly_mvtec,hazelnut,dinov2_s,391,110,70,1024,30.32248612500007,2,,codebook_dist,256,2,,0.9335065069999473,2370.515625,,0.95,"{""crack"": 0.9777777777777779, ""cut"": 0.875, ""hole"": 0.9791666666666666, ""print"": 0.9647058823529412}",0.9961510955770984,,30.92636741000024,2370.515625,0.0
p0_anomaly_mvtec|hazelnut|dinov2_s|codebook_norm|256|2,p0_anomaly_mvtec,hazelnut,dinov2_s,391,110,70,1024,30.32248612500007,2,,codebook_norm,256,2,,4.988710507000178,2370.515625,,0.7142857142857143,"{""crack"": 0.825, ""cut"": 0.6455882352941177, ""hole"": 0.6638888888888889, ""print"": 0.7191176470588235}",0.9826922646401264,,30.92636741000024,2370.515625,0.0
p0_anomaly_mvtec|hazelnut|dinov2_s|hist_knn|256|2,p0_anomaly_mvtec,hazelnut,dinov2_s,391,110,70,1024,30.32248612500007,2,,hist_knn,256,2,,4.2301680109999324,2370.515625,,0.7803571428571429,"{""crack"": 0.9208333333333333, ""cut"": 0.7161764705882353, ""hole"": 0.7208333333333333, ""print"": 0.7588235294117647}",,,30.92636741000024,2370.515625,0.0
p0_anomaly_mvtec|hazelnut|dinov2_s|codebook_dist|1024|1,p0_anomaly_mvtec,hazelnut,dinov2_s,391,110,70,1024,30.32248612500007,2,,codebook_dist,1024,1,,3.854000238000026,2414.80859375,,0.9714285714285714,"{""crack"": 0.9861111111111112, ""cut"": 0.9147058823529413, ""hole"": 0.9916666666666667, ""print"": 0.9911764705882353}",0.996383955635216,,116.9188982669998,2370.515625,0.0
p0_anomaly_mvtec|hazelnut|dinov2_s|codebook_norm|1024|1,p0_anomaly_mvtec,hazelnut,dinov2_s,391,110,70,1024,30.32248612500007,2,,codebook_norm,1024,1,,9.736123958999997,2565.9765625,,0.8275,"{""crack"": 0.9166666666666666, ""cut"": 0.8058823529411765, ""hole"": 0.7791666666666667, ""print"": 0.8058823529411765}",0.9846278605288556,,116.9188982669998,2370.515625,0.0
p0_anomaly_mvtec|hazelnut|dinov2_s|hist_knn|1024|1,p0_anomaly_mvtec,hazelnut,dinov2_s,391,110,70,1024,30.32248612500007,2,,hist_knn,1024,1,,12.467436693000309,2565.9765625,,0.7689285714285715,"{""crack"": 0.9041666666666667, ""cut"": 0.7220588235294118, ""hole"": 0.6972222222222222, ""print"": 0.7485294117647059}",,,116.9188982669998,2370.515625,0.0
p0_anomaly_mvtec|hazelnut|dinov2_s|codebook_dist|1024|2,p0_anomaly_mvtec,hazelnut,dinov2_s,391,110,70,1024,30.32248612500007,2,,codebook_dist,1024,2,,2.530218040999898,2565.9765625,,0.9807142857142858,"{""crack"": 0.9986111111111111, ""cut"": 0.9426470588235294, ""hole"": 0.9916666666666667, ""print"": 0.9882352941176471}",0.9964216320422931,,102.8956359040003,2565.9765625,0.0
p0_anomaly_mvtec|hazelnut|dinov2_s|codebook_norm|1024|2,p0_anomaly_mvtec,hazelnut,dinov2_s,391,110,70,1024,30.32248612500007,2,,codebook_norm,1024,2,,10.892121532000147,2595.453125,,0.8382142857142858,"{""crack"": 0.9125000000000001, ""cut"": 0.713235294117647, ""hole"": 0.8624999999999999, ""print"": 0.8588235294117648}",0.988420825244236,,102.8956359040003,2565.9765625,0.0
p0_anomaly_mvtec|hazelnut|dinov2_s|hist_knn|1024|2,p0_anomaly_mvtec,hazelnut,dinov2_s,391,110,70,1024,30.32248612500007,2,,hist_knn,1024,2,,13.292221417000292,2595.453125,,0.7307142857142858,"{""crack"": 0.9083333333333333, ""cut"": 0.6411764705882352, ""hole"": 0.6791666666666666, ""print"": 0.6867647058823529}",,,102.8956359040003,2565.9765625,0.0
p0_anomaly_mvtec|hazelnut|dense_sift|codebook_dist|64|1,p0_anomaly_mvtec,hazelnut,dense_sift,391,110,70,729,120.51861994000092,2,,codebook_dist,64,1,,0.13081940999973085,2595.453125,,0.6878571428571428,"{""crack"": 0.8069444444444445, ""cut"": 0.5632352941176471, ""hole"": 0.5097222222222222, ""print"": 0.875}",0.8888305326803349,,2.8768943979998767,2595.453125,0.0
p0_anomaly_mvtec|hazelnut|dense_sift|codebook_norm|64|1,p0_anomaly_mvtec,hazelnut,dense_sift,391,110,70,729,120.51861994000092,2,,codebook_norm,64,1,,0.6606272079998234,2595.453125,,0.7210714285714286,"{""crack"": 0.8472222222222223, ""cut"": 0.5279411764705882, ""hole"": 0.5694444444444444, ""print"": 0.9411764705882353}",0.8244048186961576,,2.8768943979998767,2595.453125,0.0
p0_anomaly_mvtec|hazelnut|dense_sift|hist_knn|64|1,p0_anomaly_mvtec,hazelnut,dense_sift,391,110,70,729,120.51861994000092,2,,hist_knn,64,1,,0.7624439359997268,2595.453125,,0.8196428571428571,"{""crack"": 0.8569444444444445, ""cut"": 0.788235294117647, ""hole"": 0.7763888888888889, ""print"": 0.8573529411764705}",,,2.8768943979998767,2595.453125,0.0
p0_anomaly_mvtec|hazelnut|dense_sift|codebook_dist|64|2,p0_anomaly_mvtec,hazelnut,dense_sift,391,110,70,729,120.51861994000092,2,,codebook_dist,64,2,,0.13431284800026333,2595.453125,,0.6935714285714285,"{""crack"": 0.8027777777777778, ""cut"": 0.5441176470588236, ""hole"": 0.5666666666666667, ""print"": 0.861764705882353}",0.8861723306238615,,6.548699809000027,2595.453125,0.0
p0_anomaly_mvtec|hazelnut|dense_sift|codebook_norm|64|2,p0_anomaly_mvtec,hazelnut,dense_sift,391,110,70,729,120.51861994000092,2,,codebook_norm,64,2,,0.6525225959999261,2595.453125,,0.7546428571428571,"{""crack"": 0.8777777777777778, ""cut"": 0.55, ""hole"": 0.6444444444444444, ""print"": 0.9455882352941176}",0.8095286387191112,,6.548699809000027,2595.453125,0.0
p0_anomaly_mvtec|hazelnut|dense_sift|hist_knn|64|2,p0_anomaly_mvtec,hazelnut,dense_sift,391,110,70,729,120.51861994000092,2,,hist_knn,64,2,,0.6450582880002003,2595.453125,,0.7991071428571429,"{""crack"": 0.8333333333333334, ""cut"": 0.7808823529411765, ""hole"": 0.7409722222222223, ""print"": 0.8426470588235293}",,,6.548699809000027,2595.453125,0.0
p0_anomaly_mvtec|hazelnut|dense_sift|codebook_dist|256|1,p0_anomaly_mvtec,hazelnut,dense_sift,391,110,70,729,120.51861994000092,2,,codebook_dist,256,1,,0.34568766099982895,2595.453125,,0.7946428571428572,"{""crack"": 0.8, ""cut"": 0.6823529411764705, ""hole"": 0.7347222222222223, ""print"": 0.9647058823529412}",0.9171713444532207,,13.151641174999895,2595.453125,0.0
p0_anomaly_mvtec|hazelnut|dense_sift|codebook_norm|256|1,p0_anomaly_mvtec,hazelnut,dense_sift,391,110,70,729,120.51861994000092,2,,codebook_norm,256,1,,1.3024104029996124,2595.453125,,0.7882142857142858,"{""crack"": 0.8305555555555555, ""cut"": 0.6294117647058824, ""hole"": 0.7194444444444444, ""print"": 0.9749999999999999}",0.8730496192899352,,13.151641174999895,2595.453125,0.0
p0_anomaly_mvtec|hazelnut|dense_sift|hist_knn|256|1,p0_anomaly_mvtec,hazelnut,dense_sift,391,110,70,729,120.51861994000092,2,,hist_knn,256,1,,1.8332276130004175,2595.453125,,0.8496428571428571,"{""crack"": 0.8736111111111111, ""cut"": 0.8294117647058824, ""hole"": 0.8388888888888889, ""print"": 0.8558823529411764}",,,13.151641174999895,2595.453125,0.0
p0_anomaly_mvtec|hazelnut|dense_sift|codebook_dist|256|2,p0_anomaly_mvtec,hazelnut,dense_sift,391,110,70,729,120.51861994000092,2,,codebook_dist,256,2,,0.40726145999997243,2595.453125,,0.8078571428571429,"{""crack"": 0.7916666666666666, ""cut"": 0.7176470588235294, ""hole"": 0.7638888888888888, ""print"": 0.961764705882353}",0.9206915335431337,,9.004109817000426,2595.453125,0.0
p0_anomaly_mvtec|hazelnut|dense_sift|codebook_norm|256|2,p0_anomaly_mvtec,hazelnut,dense_sift,391,110,70,729,120.51861994000092,2,,codebook_norm,256,2,,1.6534993240002223,2595.453125,,0.7635714285714286,"{""crack"": 0.8125000000000001, ""cut"": 0.6308823529411764, ""hole"": 0.6819444444444445, ""print"": 0.9308823529411765}",0.8801460668869358,,9.004109817000426,2595.453125,0.0
p0_anomaly_mvtec|hazelnut|dense_sift|hist_knn|256|2,p0_anomaly_mvtec,hazelnut,dense_sift,391,110,70,729,120.51861994000092,2,,hist_knn,256,2,,1.4364041499998166,2595.453125,,0.8496428571428571,"{""crack"": 0.8333333333333333, ""cut"": 0.8514705882352942, ""hole"": 0.8763888888888889, ""print"": 0.836764705882353}",,,9.004109817000426,2595.453125,0.0
p0_anomaly_mvtec|hazelnut|dense_sift|codebook_dist|1024|1,p0_anomaly_mvtec,hazelnut,dense_sift,391,110,70,729,120.51861994000092,2,,codebook_dist,1024,1,,1.0151162210004259,2595.453125,,0.8810714285714287,"{""crack"": 0.8347222222222223, ""cut"": 0.838235294117647, ""hole"": 0.8791666666666667, ""print"": 0.9750000000000001}",0.9358360496524483,,44.968643596999755,2595.453125,0.0
p0_anomaly_mvtec|hazelnut|dense_sift|codebook_norm|1024|1,p0_anomaly_mvtec,hazelnut,dense_sift,391,110,70,729,120.51861994000092,2,,codebook_norm,1024,1,,4.097141000000192,2595.453125,,0.7903571428571428,"{""crack"": 0.8291666666666666, ""cut"": 0.6882352941176471, ""hole"": 0.7194444444444444, ""print"": 0.9264705882352942}",0.9064411859158998,,44.968643596999755,2595.453125,0.0
p0_anomaly_mvtec|hazelnut|dense_sift|hist_knn|1024|1,p0_anomaly_mvtec,hazelnut,dense_sift,391,110,70,729,120.51861994000092,2,,hist_knn,1024,1,,4.613993574000233,2595.453125,,0.8353571428571428,"{""crack"": 0.8736111111111111, ""cut"": 0.825, ""hole"": 0.8, ""print"": 0.8426470588235294}",,,44.968643596999755,2595.453125,0.0
p0_anomaly_mvtec|hazelnut|dense_sift|codebook_dist|1024|2,p0_anomaly_mvtec,hazelnut,dense_sift,391,110,70,729,120.51861994000092,2,,codebook_dist,1024,2,,0.9925326930001575,2595.453125,,0.8710714285714286,"{""crack"": 0.8222222222222223, ""cut"": 0.8205882352941176, ""hole"": 0.8680555555555556, ""print"": 0.9764705882352942}",0.9354529136360796,,45.60006550499975,2595.453125,0.0
p0_anomaly_mvtec|hazelnut|dense_sift|codebook_norm|1024|2,p0_anomaly_mvtec,hazelnut,dense_sift,391,110,70,729,120.51861994000092,2,,codebook_norm,1024,2,,4.026516592999997,2595.453125,,0.8539285714285714,"{""crack"": 0.8472222222222222, ""cut"": 0.7867647058823529, ""hole"": 0.8208333333333333, ""print"": 0.9632352941176471}",0.9026948352133292,,45.60006550499975,2595.453125,0.0
p0_anomaly_mvtec|hazelnut|dense_sift|hist_knn|1024|2,p0_anomaly_mvtec,hazelnut,dense_sift,391,110,70,729,120.51861994000092,2,,hist_knn,1024,2,,4.801208444000167,2595.453125,,0.837857142857143,"{""crack"": 0.8972222222222221, ""cut"": 0.7573529411764707, ""hole"": 0.8111111111111112, ""print"": 0.8838235294117647}",,,45.60006550499975,2595.453125,0.0
p0_anomaly_mvtec|leather|dinov2_s|codebook_dist|64|1,p0_anomaly_mvtec,leather,dinov2_s,245,124,92,1024,20.056968901999426,2,,codebook_dist,64,1,,0.7946178499996677,2595.453125,,0.9969429347826086,"{""color"": 0.993421052631579, ""cut"": 0.9983552631578947, ""fold"": 0.9926470588235294, ""glue"": 1.0, ""poke"": 1.0}",0.9931352956038768,,6.5139696500000355,2595.453125,0.0
p0_anomaly_mvtec|leather|dinov2_s|codebook_norm|64|1,p0_anomaly_mvtec,leather,dinov2_s,245,124,92,1024,20.056968901999426,2,,codebook_norm,64,1,,1.1991028769998593,2595.453125,,1.0,"{""color"": 1.0, ""cut"": 1.0, ""fold"": 1.0, ""glue"": 1.0, ""poke"": 1.0}",0.9531434441056724,,6.5139696500000355,2595.453125,0.0
p0_anomaly_mvtec|leather|dinov2_s|hist_knn|64|1,p0_anomaly_mvtec,leather,dinov2_s,245,124,92,1024,20.056968901999426,2,,hist_knn,64,1,,1.6993189739996524,2595.453125,,0.913383152173913,"{""color"": 0.7467105263157894, ""cut"": 0.944078947368421, ""fold"": 1.0, ""glue"": 0.90625, ""poke"": 0.9826388888888888}",,,6.5139696500000355,2595.453125,0.0
p0_anomaly_mvtec|leather|dinov2_s|codebook_dist|64|2,p0_anomaly_mvtec,leather,dinov2_s,245,124,92,1024,20.056968901999426,2,,codebook_dist,64,2,,0.5542207909993522,2595.453125,,1.0,"{""color"": 1.0, ""cut"": 1.0, ""fold"": 1.0, ""glue"": 1.0, ""poke"": 1.0}",0.99154336868117,,11.835067366999283,2595.453125,0.0
p0_anomaly_mvtec|leather|dinov2_s|codebook_norm|64|2,p0_anomaly_mvtec,leather,dinov2_s,245,124,92,1024,20.056968901999426,2,,codebook_norm,64,2,,1.2086613029996442,2595.453125,,1.0,"{""color"": 1.0, ""cut"": 1.0, ""fold"": 1.0, ""glue"": 1.0, ""poke"": 1.0}",0.9497798606356885,,11.835067366999283,2595.453125,0.0
p0_anomaly_mvtec|leather|dinov2_s|hist_knn|64|2,p0_anomaly_mvtec,leather,dinov2_s,245,124,92,1024,20.056968901999426,2,,hist_knn,64,2,,2.4714884650002205,2595.453125,,0.9639945652173914,"{""color"": 0.881578947368421, ""cut"": 0.9868421052631579, ""fold"": 1.0, ""glue"": 0.962171052631579, ""poke"": 0.9947916666666666}",,,11.835067366999283,2595.453125,0.0
p0_anomaly_mvtec|leather|dinov2_s|codebook_dist|256|1,p0_anomaly_mvtec,leather,dinov2_s,245,124,92,1024,20.056968901999426,2,,codebook_dist,256,1,,1.4301163899999665,2595.453125,,1.0,"{""color"": 1.0, ""cut"": 1.0, ""fold"": 1.0, ""glue"": 1.0, ""poke"": 1.0}",0.9916052400536919,,29.144094530000075,2595.453125,0.0
p0_anomaly_mvtec|leather|dinov2_s|codebook_norm|256|1,p0_anomaly_mvtec,leather,dinov2_s,245,124,92,1024,20.056968901999426,2,,codebook_norm,256,1,,2.1619267919995764,2595.453125,,1.0,"{""color"": 1.0, ""cut"": 1.0, ""fold"": 1.0, ""glue"": 1.0, ""poke"": 1.0}",0.9564660978473178,,29.144094530000075,2595.453125,0.0
p0_anomaly_mvtec|leather|dinov2_s|hist_knn|256|1,p0_anomaly_mvtec,leather,dinov2_s,245,124,92,1024,20.056968901999426,2,,hist_knn,256,1,,4.078304723999281,2595.453125,,0.9391983695652174,"{""color"": 0.78125, ""cut"": 0.962171052631579, ""fold"": 1.0, ""glue"": 0.962171052631579, ""poke"": 1.0}",,,29.144094530000075,2595.453125,0.0
p0_anomaly_mvtec|leather|dinov2_s|codebook_dist|256|2,p0_anomaly_mvtec,leather,dinov2_s,245,124,92,1024,20.056968901999426,2,,codebook_dist,256,2,,1.4355045009997411,2595.453125,,1.0,"{""color"": 1.0, ""cut"": 1.0, ""fold"": 1.0, ""glue"": 1.0, ""poke"": 1.0}",0.9914521797194804,,27.455461427000046,2595.453125,0.0
p0_anomaly_mvtec|leather|dinov2_s|codebook_norm|256|2,p0_anomaly_mvtec,leather,dinov2_s,245,124,92,1024,20.056968901999426,2,,codebook_norm,256,2,,2.1441283300000578,2595.453125,,0.9989809782608696,"{""color"": 0.9950657894736842, ""cut"": 1.0, ""fold"": 1.0, ""glue"": 1.0, ""poke"": 1.0}",0.9174460695516871,,27.455461427000046,2595.453125,0.0
p0_anomaly_mvtec|leather|dinov2_s|hist_knn|256|2,p0_anomaly_mvtec,leather,dinov2_s,245,124,92,1024,20.056968901999426,2,,hist_knn,256,2,,3.0946629950003626,2595.453125,,0.9527853260869565,"{""color"": 0.8223684210526316, ""cut"": 0.9884868421052632, ""fold"": 1.0, ""glue"": 0.9605263157894737, ""poke"": 1.0}",,,27.455461427000046,2595.453125,0.0
p0_anomaly_mvtec|leather|dinov2_s|codebook_dist|1024|1,p0_anomaly_mvtec,leather,dinov2_s,245,124,92,1024,20.056968901999426,2,,codebook_dist,1024,1,,4.380585685000369,2595.453125,,1.0,"{""color"": 1.0, ""cut"": 1.0, ""fold"": 1.0, ""glue"": 1.0, ""poke"": 1.0}",0.9915090387125778,,117.55335887500041,2595.453125,0.0
p0_anomaly_mvtec|leather|dinov2_s|codebook_norm|1024|1,p0_anomaly_mvtec,leather,dinov2_s,245,124,92,1024,20.056968901999426,2,,codebook_norm,1024,1,,6.0143752559997665,2595.453125,,0.9996603260869565,"{""color"": 0.9983552631578947, ""cut"": 1.0, ""fold"": 1.0, ""glue"": 1.0, ""poke"": 1.0}",0.9229620475088196,,117.55335887500041,2595.453125,0.0
p0_anomaly_mvtec|leather|dinov2_s|hist_knn|1024|1,p0_anomaly_mvtec,leather,dinov2_s,245,124,92,1024,20.056968901999426,2,,hist_knn,1024,1,,8.54018777499914,2595.453125,,0.9925271739130435,"{""color"": 0.9703947368421053, ""cut"": 0.9983552631578947, ""fold"": 1.0, ""glue"": 0.9950657894736842, ""poke"": 1.0}",,,117.55335887500041,2595.453125,0.0
p0_anomaly_mvtec|leather|dinov2_s|codebook_dist|1024|2,p0_anomaly_mvtec,leather,dinov2_s,245,124,92,1024,20.056968901999426,2,,codebook_dist,1024,2,,2.9132386259998384,2595.453125,,1.0,"{""color"": 1.0, ""cut"": 1.0, ""fold"": 1.0, ""glue"": 1.0, ""poke"": 1.0}",0.9917926143186446,,115.24750793200019,2595.453125,0.0
p0_anomaly_mvtec|leather|dinov2_s|codebook_norm|1024|2,p0_anomaly_mvtec,leather,dinov2_s,245,124,92,1024,20.056968901999426,2,,codebook_norm,1024,2,,6.965075871999943,2595.453125,,1.0,"{""color"": 1.0, ""cut"": 1.0, ""fold"": 1.0, ""glue"": 1.0, ""poke"": 1.0}",0.9117151209839481,,115.24750793200019,2595.453125,0.0
p0_anomaly_mvtec|leather|dinov2_s|hist_knn|1024|2,p0_anomaly_mvtec,leather,dinov2_s,245,124,92,1024,20.056968901999426,2,,hist_knn,1024,2,,9.146706640000048,2595.453125,,0.975203804347826,"{""color"": 0.899671052631579, ""cut"": 0.9967105263157895, ""fold"": 1.0, ""glue"": 0.9835526315789473, ""poke"": 1.0}",,,115.24750793200019,2595.453125,0.0
p0_anomaly_mvtec|leather|dense_sift|codebook_dist|64|1,p0_anomaly_mvtec,leather,dense_sift,245,124,92,729,86.10666924099951,2,,codebook_dist,64,1,,0.1688409499993213,2595.453125,,0.8237092391304348,"{""color"": 0.4884868421052631, ""cut"": 0.8536184210526315, ""fold"": 0.9944852941176471, ""glue"": 0.875, ""poke"": 0.9305555555555556}",0.9063429210910554,,2.6097976989995004,2595.453125,0.0
p0_anomaly_mvtec|leather|dense_sift|codebook_norm|64|1,p0_anomaly_mvtec,leather,dense_sift,245,124,92,729,86.10666924099951,2,,codebook_norm,64,1,,0.4652629029997115,2595.453125,,0.9161005434782609,"{""color"": 0.7023026315789473, ""cut"": 0.9457236842105263, ""fold"": 1.0, ""glue"": 0.9523026315789473, ""poke"": 0.9930555555555556}",0.9320835509228853,,2.6097976989995004,2595.453125,0.0
p0_anomaly_mvtec|leather|dense_sift|hist_knn|64|1,p0_anomaly_mvtec,leather,dense_sift,245,124,92,729,86.10666924099951,2,,hist_knn,64,1,,0.8715486200007945,2595.453125,,0.580163043478261,"{""color"": 0.5032894736842105, ""cut"": 0.544407894736842, ""fold"": 0.7591911764705882, ""glue"": 0.5822368421052632, ""poke"": 0.5277777777777778}",,,2.6097976989995004,2595.453125,0.0
p0_anomaly_mvtec|leather|dense_sift|codebook_dist|64|2,p0_anomaly_mvtec,leather,dense_sift,245,124,92,729,86.10666924099951,2,,codebook_dist,64,2,,0.1561829909996959,2595.453125,,0.8315217391304348,"{""color"": 0.5279605263157894, ""cut"": 0.8601973684210527, ""fold"": 0.9944852941176471, ""glue"": 0.868421052631579, ""poke"": 0.9288194444444444}",0.9097241505273912,,3.180646178000643,2595.453125,0.0
p0_anomaly_mvtec|leather|dense_sift|codebook_norm|64|2,p0_anomaly_mvtec,leather,dense_sift,245,124,92,729,86.10666924099951,2,,codebook_norm,64,2,,0.4513852820000466,2595.453125,,0.9157608695652174,"{""color"": 0.6924342105263158, ""cut"": 0.9671052631578947, ""fold"": 1.0, ""glue"": 0.9325657894736842, ""poke"": 1.0}",0.9331979746689671,,3.180646178000643,2595.453125,0.0
p0_anomaly_mvtec|leather|dense_sift|hist_knn|64|2,p0_anomaly_mvtec,leather,dense_sift,245,124,92,729,86.10666924099951,2,,hist_knn,64,2,,0.47163624899985734,2595.453125,,0.48131793478260876,"{""color"": 0.39473684210526316, ""cut"": 0.4654605263157895, ""fold"": 0.5441176470588236, ""glue"": 0.5082236842105263, ""poke"": 0.5017361111111112}",,,3.180646178000643,2595.453125,0.0
p0_anomaly_mvtec|leather|dense_sift|codebook_dist|256|1,p0_anomaly_mvtec,leather,dense_sift,245,124,92,729,86.10666924099951,2,,codebook_dist,256,1,,0.354870483999548,2595.453125,,0.8532608695652174,"{""color"": 0.5328947368421053, ""cut"": 0.9095394736842105, ""fold"": 1.0, ""glue"": 0.888157894736842, ""poke"": 0.9565972222222223}",0.9198021902259584,,12.725699080000595,2595.453125,0.0
p0_anomaly_mvtec|leather|dense_sift|codebook_norm|256|1,p0_anomaly_mvtec,leather,dense_sift,245,124,92,729,86.10666924099951,2,,codebook_norm,256,1,,1.232380464999551,2595.453125,,0.9378396739130435,"{""color"": 0.756578947368421, ""cut"": 0.9868421052631579, ""fold"": 1.0, ""glue"": 0.9555921052631579, ""poke"": 1.0}",0.9330992075010204,,12.725699080000595,2595.453125,0.0
p0_anomaly_mvtec|leather|dense_sift|hist_knn|256|1,p0_anomaly_mvtec,leather,dense_sift,245,124,92,729,86.10666924099951,2,,hist_knn,256,1,,1.087407959000302,2595.453125,,0.553328804347826,"{""color"": 0.32401315789473684, ""cut"": 0.4424342105263158, ""fold"": 0.8363970588235293, ""glue"": 0.5542763157894737, ""poke"": 0.6440972222222222}",,,12.725699080000595,2595.453125,0.0
p0_anomaly_mvtec|leather|dense_sift|codebook_dist|256|2,p0_anomaly_mvtec,leather,dense_sift,245,124,92,729,86.10666924099951,2,,codebook_dist,256,2,,0.5712443720003648,2595.453125,,0.8298233695652174,"{""color"": 0.506578947368421, ""cut"": 0.8766447368421053, ""fold"": 0.9944852941176471, ""glue"": 0.861842105263158, ""poke"": 0.9322916666666666}",0.9197795796115178,,9.481511893999595,2595.453125,0.0
p0_anomaly_mvtec|leather|dense_sift|codebook_norm|256|2,p0_anomaly_mvtec,leather,dense_sift,245,124,92,729,86.10666924099951,2,,codebook_norm,256,2,,0.8693750430002183,2595.453125,,0.9405570652173912,"{""color"": 0.7664473684210527, ""cut"": 0.9802631578947368, ""fold"": 1.0, ""glue"": 0.9671052631578947, ""poke"": 0.9982638888888888}",0.9317517711558447,,9.481511893999595,2595.453125,0.0
p0_anomaly_mvtec|leather|dense_sift|hist_knn|256|2,p0_anomaly_mvtec,leather,dense_sift,245,124,92,729,86.10666924099951,2,,hist_knn,256,2,,1.0910961480003607,2595.453125,,0.6572690217391305,"{""color"": 0.5476973684210527, ""cut"": 0.5082236842105263, ""fold"": 0.9283088235294117, ""glue"": 0.5805921052631579, ""poke"": 0.7552083333333335}",,,9.481511893999595,2595.453125,0.0
p0_anomaly_mvtec|leather|dense_sift|codebook_dist|1024|1,p0_anomaly_mvtec,leather,dense_sift,245,124,92,729,86.10666924099951,2,,codebook_dist,1024,1,,1.1807760080000662,2595.453125,,0.8644701086956521,"{""color"": 0.5855263157894737, ""cut"": 0.9046052631578947, ""fold"": 0.9981617647058824, ""glue"": 0.8963815789473684, ""poke"": 0.9565972222222222}",0.9223824770809165,,44.780012610000085,2595.453125,0.0
p0_anomaly_mvtec|leather|dense_sift|codebook_norm|1024|1,p0_anomaly_mvtec,leather,dense_sift,245,124,92,729,86.10666924099951,2,,codebook_norm,1024,1,,3.4172070200002054,2595.453125,,0.9466711956521741,"{""color"": 0.7746710526315789, ""cut"": 0.9917763157894737, ""fold"": 1.0, ""glue"": 0.975328947368421, ""poke"": 1.0}",0.9381513333199779,,44.780012610000085,2595.453125,0.0
p0_anomaly_mvtec|leather|dense_sift|hist_knn|1024|1,p0_anomaly_mvtec,leather,dense_sift,245,124,92,729,86.10666924099951,2,,hist_knn,1024,1,,3.4257440969995514,2595.453125,,0.6868206521739131,"{""color"": 0.5773026315789473, ""cut"": 0.6134868421052632, ""fold"": 0.8878676470588236, ""glue"": 0.600328947368421, ""poke"": 0.78125}",,,44.780012610000085,2595.453125,0.0
p0_anomaly_mvtec|leather|dense_sift|codebook_dist|1024|2,p0_anomaly_mvtec,leather,dense_sift,245,124,92,729,86.10666924099951,2,,codebook_dist,1024,2,,1.170146781000767,2595.453125,,0.8678668478260869,"{""color"": 0.5953947368421053, ""cut"": 0.90625, ""fold"": 0.9963235294117647, ""glue"": 0.9029605263157895, ""poke"": 0.9565972222222223}",0.924024049921185,,44.29000884499965,2595.453125,0.0
p0_anomaly_mvtec|leather|dense_sift|codebook_norm|1024|2,p0_anomaly_mvtec,leather,dense_sift,245,124,92,729,86.10666924099951,2,,codebook_norm,1024,2,,3.0150324900005216,2595.453125,,0.9422554347826086,"{""color"": 0.756578947368421, ""cut"": 0.9901315789473684, ""fold"": 1.0, ""glue"": 0.9736842105263157, ""poke"": 1.0}",0.9393000307651627,,44.29000884499965,2595.453125,0.0
p0_anomaly_mvtec|leather|dense_sift|hist_knn|1024|2,p0_anomaly_mvtec,leather,dense_sift,245,124,92,729,86.10666924099951,2,,hist_knn,1024,2,,3.413585287999922,2595.453125,,0.7051630434782609,"{""color"": 0.6101973684210525, ""cut"": 0.6513157894736842, ""fold"": 0.8253676470588235, ""glue"": 0.5953947368421052, ""poke"": 0.8645833333333334}",,,44.29000884499965,2595.453125,0.0
p0_anomaly_mvtec|metal_nut|dinov2_s|codebook_dist|64|1,p0_anomaly_mvtec,metal_nut,dinov2_s,220,115,93,1024,10.55649128999903,2,,codebook_dist,64,1,,0.5075679270003093,2595.453125,,0.863147605083089,"{""bent"": 0.8181818181818181, ""color"": 0.871900826446281, ""flip"": 0.8636363636363636, ""scratch"": 0.9031620553359683}",0.9670974660382774,,6.761983391000285,2595.453125,0.0
p0_anomaly_mvtec|metal_nut|dinov2_s|codebook_norm|64|1,p0_anomaly_mvtec,metal_nut,dinov2_s,220,115,93,1024,10.55649128999903,2,,codebook_norm,64,1,,1.2393725829997493,2595.453125,,0.9110459433040078,"{""bent"": 0.8109090909090909, ""color"": 0.9338842975206612, ""flip"": 1.0, ""scratch"": 0.9090909090909092}",0.9590561414979122,,6.761983391000285,2595.453125,0.0
p0_anomaly_mvtec|metal_nut|dinov2_s|hist_knn|64|1,p0_anomaly_mvtec,metal_nut,dinov2_s,220,115,93,1024,10.55649128999903,2,,hist_knn,64,1,,1.636028212000383,2595.453125,,0.7766373411534702,"{""bent"": 0.6236363636363638, ""color"": 0.6301652892561983, ""flip"": 1.0, ""scratch"": 0.8596837944664032}",,,6.761983391000285,2595.453125,0.0
p0_anomaly_mvtec|metal_nut|dinov2_s|codebook_dist|64|2,p0_anomaly_mvtec,metal_nut,dinov2_s,220,115,93,1024,10.55649128999903,2,,codebook_dist,64,2,,0.49861411199981376,2595.453125,,0.8582600195503421,"{""bent"": 0.8309090909090908, ""color"": 0.8760330578512396, ""flip"": 0.8359683794466404, ""scratch"": 0.8932806324110671}",0.9658226034198918,,9.41749746700043,2595.453125,0.0
p0_anomaly_mvtec|metal_nut|dinov2_s|codebook_norm|64|2,p0_anomaly_mvtec,metal_nut,dinov2_s,220,115,93,1024,10.55649128999903,2,,codebook_norm,64,2,,1.094539182000517,2595.453125,,0.8949169110459433,"{""bent"": 0.8163636363636364, ""color"": 0.8822314049586777, ""flip"": 0.9960474308300395, ""scratch"": 0.891304347826087}",0.9640335943419724,,9.41749746700043,2595.453125,0.0
p0_anomaly_mvtec|metal_nut|dinov2_s|hist_knn|64|2,p0_anomaly_mvtec,metal_nut,dinov2_s,220,115,93,1024,10.55649128999903,2,,hist_knn,64,2,,1.524032351000642,2595.453125,,0.7605083088954055,"{""bent"": 0.6345454545454545, ""color"": 0.5826446280991736, ""flip"": 1.0, ""scratch"": 0.8280632411067194}",,,9.41749746700043,2595.453125,0.0
p0_anomaly_mvtec|metal_nut|dinov2_s|codebook_dist|256|1,p0_anomaly_mvtec,metal_nut,dinov2_s,220,115,93,1024,10.55649128999903,2,,codebook_dist,256,1,,0.9305282430004809,2595.453125,,0.9897360703812317,"{""bent"": 0.989090909090909, ""color"": 0.9772727272727273, ""flip"": 1.0, ""scratch"": 0.992094861660079}",0.9785852845129228,,30.31036368900004,2595.453125,0.0
p0_anomaly_mvtec|metal_nut|dinov2_s|codebook_norm|256|1,p0_anomaly_mvtec,metal_nut,dinov2_s,220,115,93,1024,10.55649128999903,2,,codebook_norm,256,1,,2.192600545999994,2595.453125,,0.9330400782013686,"{""bent"": 0.9363636363636363, ""color"": 0.8946280991735537, ""flip"": 0.9545454545454546, ""scratch"": 0.9446640316205533}",0.9708838096119096,,30.31036368900004,2595.453125,0.0
p0_anomaly_mvtec|metal_nut|dinov2_s|hist_knn|256|1,p0_anomaly_mvtec,metal_nut,dinov2_s,220,115,93,1024,10.55649128999903,2,,hist_knn,256,1,,2.733588327999314,2595.453125,,0.7414467253176931,"{""bent"": 0.6036363636363636, ""color"": 0.5599173553719008, ""flip"": 1.0, ""scratch"": 0.8063241106719368}",,,30.31036368900004,2595.453125,0.0
p0_anomaly_mvtec|metal_nut|dinov2_s|codebook_dist|256|2,p0_anomaly_mvtec,metal_nut,dinov2_s,220,115,93,1024,10.55649128999903,2,,codebook_dist,256,2,,0.9638909999994212,2595.453125,,0.9960899315738025,"{""bent"": 1.0, ""color"": 0.9917355371900827, ""flip"": 1.0, ""scratch"": 0.992094861660079}",0.9786019128600515,,29.94676103800066,2595.453125,0.0
p0_anomaly_mvtec|metal_nut|dinov2_s|codebook_norm|256|2,p0_anomaly_mvtec,metal_nut,dinov2_s,220,115,93,1024,10.55649128999903,2,,codebook_norm,256,2,,2.8881457529996624,2595.453125,,0.9046920821114369,"{""bent"": 0.8836363636363637, ""color"": 0.8739669421487604, ""flip"": 0.950592885375494, ""scratch"": 0.9110671936758894}",0.9703842880481295,,29.94676103800066,2595.453125,0.0
p0_anomaly_mvtec|metal_nut|dinov2_s|hist_knn|256|2,p0_anomaly_mvtec,metal_nut,dinov2_s,220,115,93,1024,10.55649128999903,2,,hist_knn,256,2,,2.7809078760001285,2595.453125,,0.7394916911045945,"{""bent"": 0.6236363636363635, ""color"": 0.5454545454545454, ""flip"": 1.0, ""scratch"": 0.790513833992095}",,,29.94676103800066,2595.453125,0.0
p0_anomaly_mvtec|metal_nut|dinov2_s|codebook_dist|1024|1,p0_anomaly_mvtec,metal_nut,dinov2_s,220,115,93,1024,10.55649128999903,2,,codebook_dist,1024,1,,3.027664922999975,2595.453125,,1.0,"{""bent"": 1.0, ""color"": 1.0, ""flip"": 1.0, ""scratch"": 1.0}",0.982053648612923,,114.8881638920002,2595.453125,0.0
p0_anomaly_mvtec|metal_nut|dinov2_s|codebook_norm|1024|1,p0_anomaly_mvtec,metal_nut,dinov2_s,220,115,93,1024,10.55649128999903,2,,codebook_norm,1024,1,,6.052773101000639,2595.453125,,0.9662756598240468,"{""bent"": 0.96, ""color"": 0.9380165289256197, ""flip"": 1.0, ""scratch"": 0.9664031620553359}",0.9675275211185519,,114.8881638920002,2595.453125,0.0
p0_anomaly_mvtec|metal_nut|dinov2_s|hist_knn|1024|1,p0_anomaly_mvtec,metal_nut,dinov2_s,220,115,93,1024,10.55649128999903,2,,hist_knn,1024,1,,10.076414375999775,2595.453125,,0.7526881720430108,"{""bent"": 0.610909090909091, ""color"": 0.5165289256198348, ""flip"": 1.0, ""scratch"": 0.8853754940711462}",,,114.8881638920002,2595.453125,0.0
p0_anomaly_mvtec|metal_nut|dinov2_s|codebook_dist|1024|2,p0_anomaly_mvtec,metal_nut,dinov2_s,220,115,93,1024,10.55649128999903,2,,codebook_dist,1024,2,,2.7127407950001725,2595.453125,,0.9990224828934506,"{""bent"": 1.0, ""color"": 0.9958677685950413, ""flip"": 1.0, ""scratch"": 1.0}",0.9818632953924857,,108.16282335699998,2595.453125,0.0
p0_anomaly_mvtec|metal_nut|dinov2_s|codebook_norm|1024|2,p0_anomaly_mvtec,metal_nut,dinov2_s,220,115,93,1024,10.55649128999903,2,,codebook_norm,1024,2,,6.671076959999482,2595.453125,,0.9545454545454546,"{""bent"": 0.9545454545454546, ""color"": 0.9421487603305785, ""flip"": 1.0, ""scratch"": 0.9209486166007905}",0.9667905966276807,,108.16282335699998,2595.453125,0.0
p0_anomaly_mvtec|metal_nut|dinov2_s|hist_knn|1024|2,p0_anomaly_mvtec,metal_nut,dinov2_s,220,115,93,1024,10.55649128999903,2,,hist_knn,1024,2,,8.152242367999861,2595.453125,,0.7316715542521994,"{""bent"": 0.6363636363636364, ""color"": 0.4318181818181818, ""flip"": 1.0, ""scratch"": 0.8537549407114625}",,,108.16282335699998,2595.453125,0.0
p0_anomaly_mvtec|metal_nut|dense_sift|codebook_dist|64|1,p0_anomaly_mvtec,metal_nut,dense_sift,220,115,93,729,78.77802950599926,2,,codebook_dist,64,1,,0.1561993169998459,2595.453125,,0.4897360703812317,"{""bent"": 0.2654545454545455, ""color"": 0.4772727272727273, ""flip"": 0.8241106719367589, ""scratch"": 0.41106719367588934}",0.636853677618606,,2.5093436830002247,2595.453125,0.0
p0_anomaly_mvtec|metal_nut|dense_sift|codebook_norm|64|1,p0_anomaly_mvtec,metal_nut,dense_sift,220,115,93,729,78.77802950599926,2,,codebook_norm,64,1,,0.39612947200021154,2595.453125,,0.604594330400782,"{""bent"": 0.41818181818181815, ""color"": 0.5041322314049587, ""flip"": 0.9664031620553359, ""scratch"": 0.541501976284585}",0.7684691311578864,,2.5093436830002247,2595.453125,0.0
p0_anomaly_mvtec|metal_nut|dense_sift|hist_knn|64|1,p0_anomaly_mvtec,metal_nut,dense_sift,220,115,93,729,78.77802950599926,2,,hist_knn,64,1,,0.7268649090001418,2595.453125,,0.7585532746823069,"{""bent"": 0.7381818181818182, ""color"": 0.5681818181818181, ""flip"": 1.0, ""scratch"": 0.7213438735177866}",,,2.5093436830002247,2595.453125,0.0
p0_anomaly_mvtec|metal_nut|dense_sift|codebook_dist|64|2,p0_anomaly_mvtec,metal_nut,dense_sift,220,115,93,729,78.77802950599926,2,,codebook_dist,64,2,,0.13877985599992826,2595.453125,,0.49853372434017595,"{""bent"": 0.3636363636363637, ""color"": 0.4793388429752066, ""flip"": 0.7727272727272727, ""scratch"": 0.3893280632411067}",0.6250898787402311,,4.219068405999678,2595.453125,0.0
p0_anomaly_mvtec|metal_nut|dense_sift|codebook_norm|64|2,p0_anomaly_mvtec,metal_nut,dense_sift,220,115,93,729,78.77802950599926,2,,codebook_norm,64,2,,0.40395484500004386,2595.453125,,0.6114369501466276,"{""bent"": 0.35272727272727267, ""color"": 0.5929752066115703, ""flip"": 0.9486166007905138, ""scratch"": 0.5731225296442688}",0.7689519103958228,,4.219068405999678,2595.453125,0.0
p0_anomaly_mvtec|metal_nut|dense_sift|hist_knn|64|2,p0_anomaly_mvtec,metal_nut,dense_sift,220,115,93,729,78.77802950599926,2,,hist_knn,64,2,,0.42319358100030513,2595.453125,,0.7512218963831867,"{""bent"": 0.7127272727272727, ""color"": 0.48760330578512395, ""flip"": 1.0, ""scratch"": 0.7964426877470356}",,,4.219068405999678,2595.453125,0.0
p0_anomaly_mvtec|metal_nut|dense_sift|codebook_dist|256|1,p0_anomaly_mvtec,metal_nut,dense_sift,220,115,93,729,78.77802950599926,2,,codebook_dist,256,1,,0.341516354000305,2595.453125,,0.636852394916911,"{""bent"": 0.4527272727272727, ""color"": 0.5289256198347108, ""flip"": 0.9604743083003953, ""scratch"": 0.616600790513834}",0.8246820401454323,,13.607296895999752,2595.453125,0.0
p0_anomaly_mvtec|metal_nut|dense_sift|codebook_norm|256|1,p0_anomaly_mvtec,metal_nut,dense_sift,220,115,93,729,78.77802950599926,2,,codebook_norm,256,1,,0.9525199899999279,2595.453125,,0.7057673509286413,"{""bent"": 0.4927272727272727, ""color"": 0.6446280991735537, ""flip"": 0.9604743083003953, ""scratch"": 0.7411067193675889}",0.8757225196939964,,13.607296895999752,2595.453125,0.0
p0_anomaly_mvtec|metal_nut|dense_sift|hist_knn|256|1,p0_anomaly_mvtec,metal_nut,dense_sift,220,115,93,729,78.77802950599926,2,,hist_knn,256,1,,0.9639642760002971,2595.453125,,0.696969696969697,"{""bent"": 0.6509090909090909, ""color"": 0.4896694214876033, ""flip"": 1.0, ""scratch"": 0.6422924901185771}",,,13.607296895999752,2595.453125,0.0
p0_anomaly_mvtec|metal_nut|dense_sift|codebook_dist|256|2,p0_anomaly_mvtec,metal_nut,dense_sift,220,115,93,729,78.77802950599926,2,,codebook_dist,256,2,,0.5021476040001289,2595.453125,,0.6275659824046921,"{""bent"": 0.4490909090909092, ""color"": 0.5268595041322314, ""flip"": 0.9644268774703558, ""scratch"": 0.5810276679841897}",0.8283362179145939,,9.462065777000134,2595.453125,0.0
p0_anomaly_mvtec|metal_nut|dense_sift|codebook_norm|256|2,p0_anomaly_mvtec,metal_nut,dense_sift,220,115,93,729,78.77802950599926,2,,codebook_norm,256,2,,0.7878742089997104,2595.453125,,0.696969696969697,"{""bent"": 0.5927272727272727, ""color"": 0.5082644628099173, ""flip"": 0.9881422924901186, ""scratch"": 0.699604743083004}",0.8791830038842992,,9.462065777000134,2595.453125,0.0
p0_anomaly_mvtec|metal_nut|dense_sift|hist_knn|256|2,p0_anomaly_mvtec,metal_nut,dense_sift,220,115,93,729,78.77802950599926,2,,hist_knn,256,2,,0.9698304610001287,2595.453125,,0.7302052785923754,"{""bent"": 0.7163636363636363, ""color"": 0.4834710743801653, ""flip"": 1.0, ""scratch"": 0.7114624505928854}",,,9.462065777000134,2595.453125,0.0
p0_anomaly_mvtec|metal_nut|dense_sift|codebook_dist|1024|1,p0_anomaly_mvtec,metal_nut,dense_sift,220,115,93,729,78.77802950599926,2,,codebook_dist,1024,1,,1.0926721960004215,2595.453125,,0.7864125122189638,"{""bent"": 0.7672727272727273, ""color"": 0.5785123966942148, ""flip"": 1.0, ""scratch"": 0.7924901185770752}",0.8759179835346759,,44.70206016799966,2595.453125,0.0
p0_anomaly_mvtec|metal_nut|dense_sift|codebook_norm|1024|1,p0_anomaly_mvtec,metal_nut,dense_sift,220,115,93,729,78.77802950599926,2,,codebook_norm,1024,1,,2.649822387000313,2595.453125,,0.841642228739003,"{""bent"": 0.8527272727272727, ""color"": 0.6611570247933884, ""flip"": 1.0, ""scratch"": 0.8438735177865613}",0.8992638730866248,,44.70206016799966,2595.453125,0.0
p0_anomaly_mvtec|metal_nut|dense_sift|hist_knn|1024|1,p0_anomaly_mvtec,metal_nut,dense_sift,220,115,93,729,78.77802950599926,2,,hist_knn,1024,1,,3.1258637659993838,2595.453125,,0.6911045943304008,"{""bent"": 0.7090909090909091, ""color"": 0.4318181818181818, ""flip"": 1.0, ""scratch"": 0.6106719367588932}",,,44.70206016799966,2595.453125,0.0
p0_anomaly_mvtec|metal_nut|dense_sift|codebook_dist|1024|2,p0_anomaly_mvtec,metal_nut,dense_sift,220,115,93,729,78.77802950599926,2,,codebook_dist,1024,2,,1.0862064880002436,2595.453125,,0.7531769305962854,"{""bent"": 0.6545454545454545, ""color"": 0.6053719008264462, ""flip"": 1.0, ""scratch"": 0.7549407114624506}",0.8770855162316904,,44.425686493000285,2595.453125,0.0
p0_anomaly_mvtec|metal_nut|dense_sift|codebook_norm|1024|2,p0_anomaly_mvtec,metal_nut,dense_sift,220,115,93,729,78.77802950599926,2,,codebook_norm,1024,2,,2.2521208340003795,2595.453125,,0.8098729227761485,"{""bent"": 0.72, ""color"": 0.6673553719008264, ""flip"": 1.0, ""scratch"": 0.8537549407114624}",0.8965751020695639,,44.425686493000285,2595.453125,0.0
p0_anomaly_mvtec|metal_nut|dense_sift|hist_knn|1024|2,p0_anomaly_mvtec,metal_nut,dense_sift,220,115,93,729,78.77802950599926,2,,hist_knn,1024,2,,3.8984195339999133,2595.453125,,0.7375366568914956,"{""bent"": 0.7254545454545455, ""color"": 0.5330578512396694, ""flip"": 1.0, ""scratch"": 0.6837944664031621}",,,44.425686493000285,2595.453125,0.0
p0_anomaly_mvtec|pill|dinov2_s|codebook_dist|64|1,p0_anomaly_mvtec,pill,dinov2_s,267,167,141,1024,17.555453615999795,2,,codebook_dist,64,1,,0.9726227179999114,2595.453125,,0.8854337152209492,"{""color"": 0.6553846153846155, ""combined"": 0.9728506787330318, ""contamination"": 0.9597069597069596, ""crack"": 0.9053254437869822, ""faulty_imprint"": 0.9068825910931174, ""pill_type"": 0.9615384615384615, ""scratch"": 0.9310897435897436}",0.9655108999322327,,6.822972152000148,2595.453125,0.0
p0_anomaly_mvtec|pill|dinov2_s|codebook_norm|64|1,p0_anomaly_mvtec,pill,dinov2_s,267,167,141,1024,17.555453615999795,2,,codebook_norm,64,1,,1.3251760960001775,2595.453125,,0.8216039279869067,"{""color"": 0.6107692307692307, ""combined"": 0.8914027149321267, ""contamination"": 0.9432234432234432, ""crack"": 0.7470414201183433, ""faulty_imprint"": 0.8319838056680162, ""pill_type"": 0.9059829059829059, ""scratch"": 0.9262820512820513}",0.9596104160897342,,6.822972152000148,2595.453125,0.0
p0_anomaly_mvtec|pill|dinov2_s|hist_knn|64|1,p0_anomaly_mvtec,pill,dinov2_s,267,167,141,1024,17.555453615999795,2,,hist_knn,64,1,,2.168810427000608,2595.453125,,0.7476813966175667,"{""color"": 0.5923076923076923, ""combined"": 0.995475113122172, ""contamination"": 0.8333333333333333, ""crack"": 0.5532544378698225, ""faulty_imprint"": 0.7004048582995951, ""pill_type"": 0.9786324786324786, ""scratch"": 0.8205128205128206}",,,6.822972152000148,2595.453125,0.0
p0_anomaly_mvtec|pill|dinov2_s|codebook_dist|64|2,p0_anomaly_mvtec,pill,dinov2_s,267,167,141,1024,17.555453615999795,2,,codebook_dist,64,2,,0.750596358000621,2595.453125,,0.8750681942171304,"{""color"": 0.6846153846153846, ""combined"": 0.9819004524886878, ""contamination"": 0.9578754578754578, ""crack"": 0.9171597633136095, ""faulty_imprint"": 0.8643724696356274, ""pill_type"": 0.8846153846153846, ""scratch"": 0.8846153846153846}",0.9626635286228874,,11.36418834199958,2595.453125,0.0
p0_anomaly_mvtec|pill|dinov2_s|codebook_norm|64|2,p0_anomaly_mvtec,pill,dinov2_s,267,167,141,1024,17.555453615999795,2,,codebook_norm,64,2,,1.9535828480002237,2595.453125,,0.8922531369339879,"{""color"": 0.7830769230769231, ""combined"": 0.9570135746606334, ""contamination"": 0.978021978021978, ""crack"": 0.8402366863905326, ""faulty_imprint"": 0.8562753036437246, ""pill_type"": 0.9914529914529915, ""scratch"": 0.9326923076923077}",0.967673652780675,,11.36418834199958,2595.453125,0.0
p0_anomaly_mvtec|pill|dinov2_s|hist_knn|64|2,p0_anomaly_mvtec,pill,dinov2_s,267,167,141,1024,17.555453615999795,2,,hist_knn,64,2,,2.0060309430000416,2595.453125,,0.8379705400981996,"{""color"": 0.7138461538461538, ""combined"": 0.9886877828054299, ""contamination"": 0.8974358974358974, ""crack"": 0.7144970414201184, ""faulty_imprint"": 0.8927125506072874, ""pill_type"": 0.9871794871794871, ""scratch"": 0.842948717948718}",,,11.36418834199958,2595.453125,0.0
p0_anomaly_mvtec|pill|dinov2_s|codebook_dist|256|1,p0_anomaly_mvtec,pill,dinov2_s,267,167,141,1024,17.555453615999795,2,,codebook_dist,256,1,,1.3482426609998583,2595.453125,,0.9124386252045826,"{""color"": 0.8338461538461539, ""combined"": 0.9705882352941176, ""contamination"": 0.978021978021978, ""crack"": 0.9068047337278107, ""faulty_imprint"": 0.8663967611336032, ""pill_type"": 0.9914529914529915, ""scratch"": 0.908653846153846}",0.9721317262674584,,29.510937410000224,2595.453125,0.0
p0_anomaly_mvtec|pill|dinov2_s|codebook_norm|256|1,p0_anomaly_mvtec,pill,dinov2_s,267,167,141,1024,17.555453615999795,2,,codebook_norm,256,1,,3.4707166250000228,2595.453125,,0.8777959629023458,"{""color"": 0.8984615384615384, ""combined"": 0.9253393665158371, ""contamination"": 0.913919413919414, ""crack"": 0.7707100591715976, ""faulty_imprint"": 0.8704453441295547, ""pill_type"": 0.9615384615384616, ""scratch"": 0.8814102564102564}",0.9750340255667376,,29.510937410000224,2595.453125,0.0
p0_anomaly_mvtec|pill|dinov2_s|hist_knn|256|1,p0_anomaly_mvtec,pill,dinov2_s,267,167,141,1024,17.555453615999795,2,,hist_knn,256,1,,3.648227446000419,2595.453125,,0.8439716312056738,"{""color"": 0.6938461538461539, ""combined"": 0.9728506787330318, ""contamination"": 0.8406593406593406, ""crack"": 0.7292899408284024, ""faulty_imprint"": 0.8967611336032388, ""pill_type"": 0.9914529914529915, ""scratch"": 0.9391025641025641}",,,29.510937410000224,2595.453125,0.0
p0_anomaly_mvtec|pill|dinov2_s|codebook_dist|256|2,p0_anomaly_mvtec,pill,dinov2_s,267,167,141,1024,17.555453615999795,2,,codebook_dist,256,2,,1.381251284999962,2595.453125,,0.9135297326786689,"{""color"": 0.8507692307692307, ""combined"": 0.9683257918552036, ""contamination"": 0.9816849816849816, ""crack"": 0.878698224852071, ""faulty_imprint"": 0.8866396761133603, ""pill_type"": 0.9871794871794872, ""scratch"": 0.9118589743589743}",0.9731928084189468,,30.867508151000038,2595.453125,0.0
p0_anomaly_mvtec|pill|dinov2_s|codebook_norm|256|2,p0_anomaly_mvtec,pill,dinov2_s,267,167,141,1024,17.555453615999795,2,,codebook_norm,256,2,,2.472710390999964,2595.453125,,0.8960720130932897,"{""color"": 0.9199999999999999, ""combined"": 0.9773755656108598, ""contamination"": 0.9230769230769231, ""crack"": 0.742603550295858, ""faulty_imprint"": 0.8603238866396762, ""pill_type"": 0.9957264957264957, ""scratch"": 0.9471153846153846}",0.9766987128618542,,30.867508151000038,2595.453125,0.0
p0_anomaly_mvtec|pill|dinov2_s|hist_knn|256|2,p0_anomaly_mvtec,pill,dinov2_s,267,167,141,1024,17.555453615999795,2,,hist_knn,256,2,,3.9438170690000334,2595.453125,,0.8737043098745226,"{""color"": 0.7307692307692307, ""combined"": 0.997737556561086, ""contamination"": 0.8534798534798536, ""crack"": 0.8017751479289941, ""faulty_imprint"": 0.9736842105263157, ""pill_type"": 0.9743589743589742, ""scratch"": 0.9134615384615384}",,,30.867508151000038,2595.453125,0.0
p0_anomaly_mvtec|pill|dinov2_s|codebook_dist|1024|1,p0_anomaly_mvtec,pill,dinov2_s,267,167,141,1024,17.555453615999795,2,,codebook_dist,1024,1,,4.406589990000612,2595.453125,,0.9219858156028369,"{""color"": 0.8892307692307692, ""combined"": 0.9615384615384615, ""contamination"": 0.9706959706959708, ""crack"": 0.863905325443787, ""faulty_imprint"": 0.9129554655870445, ""pill_type"": 0.9786324786324787, ""scratch"": 0.9342948717948718}",0.978635395031446,,117.92126858400025,2595.453125,0.0
p0_anomaly_mvtec|pill|dinov2_s|codebook_norm|1024|1,p0_anomaly_mvtec,pill,dinov2_s,267,167,141,1024,17.555453615999795,2,,codebook_norm,1024,1,,7.824231690000488,2595.453125,,0.9544462629569013,"{""color"": 0.9784615384615385, ""combined"": 0.9932126696832579, ""contamination"": 0.9816849816849818, ""crack"": 0.871301775147929, ""faulty_imprint"": 0.9331983805668017, ""pill_type"": 1.0, ""scratch"": 0.9679487179487181}",0.9761754145024829,,117.92126858400025,2595.453125,0.0
p0_anomaly_mvtec|pill|dinov2_s|hist_knn|1024|1,p0_anomaly_mvtec,pill,dinov2_s,267,167,141,1024,17.555453615999795,2,,hist_knn,1024,1,,11.757720637000602,2595.453125,,0.906164757228587,"{""color"": 0.8338461538461538, ""combined"": 1.0, ""contamination"": 0.9523809523809523, ""crack"": 0.7736686390532544, ""faulty_imprint"": 0.9736842105263158, ""pill_type"": 0.952991452991453, ""scratch"": 0.9471153846153846}",,,117.92126858400025,2595.453125,0.0
p0_anomaly_mvtec|pill|dinov2_s|codebook_dist|1024|2,p0_anomaly_mvtec,pill,dinov2_s,267,167,141,1024,17.555453615999795,2,,codebook_dist,1024,2,,3.8695855639998626,2595.453125,,0.9358974358974359,"{""color"": 0.9061538461538461, ""combined"": 0.9773755656108598, ""contamination"": 0.9706959706959708, ""crack"": 0.8698224852071006, ""faulty_imprint"": 0.937246963562753, ""pill_type"": 0.9914529914529915, ""scratch"": 0.9567307692307692}",0.9783459302870965,,106.6842948399999,2595.453125,0.0
p0_anomaly_mvtec|pill|dinov2_s|codebook_norm|1024|2,p0_anomaly_mvtec,pill,dinov2_s,267,167,141,1024,17.555453615999795,2,,codebook_norm,1024,2,,7.563233659999241,2595.453125,,0.9399890889252591,"{""color"": 0.9415384615384615, ""combined"": 0.9773755656108597, ""contamination"": 0.9761904761904763, ""crack"": 0.8713017751479291, ""faulty_imprint"": 0.902834008097166, ""pill_type"": 0.9957264957264957, ""scratch"": 0.9631410256410255}",0.9765778553127207,,106.6842948399999,2595.453125,0.0
p0_anomaly_mvtec|pill|dinov2_s|hist_knn|1024|2,p0_anomaly_mvtec,pill,dinov2_s,267,167,141,1024,17.555453615999795,2,,hist_knn,1024,2,,11.580472519999603,2595.453125,,0.8968903436988542,"{""color"": 0.8492307692307692, ""combined"": 1.0, ""contamination"": 0.9725274725274725, ""crack"": 0.7322485207100592, ""faulty_imprint"": 0.9554655870445343, ""pill_type"": 0.9188034188034189, ""scratch"": 0.9310897435897436}",,,106.6842948399999,2595.453125,0.0
p0_anomaly_mvtec|pill|dense_sift|codebook_dist|64|1,p0_anomaly_mvtec,pill,dense_sift,267,167,141,729,97.15488522300075,2,,codebook_dist,64,1,,0.19622652199996082,2595.453125,,0.3810692853246045,"{""color"": 0.2553846153846154, ""combined"": 0.6199095022624435, ""contamination"": 0.358974358974359, ""crack"": 0.40384615384615385, ""faulty_imprint"": 0.305668016194332, ""pill_type"": 0.5641025641025641, ""scratch"": 0.328525641025641}",0.5084178391513884,,4.889786044000175,2595.453125,0.0
p0_anomaly_mvtec|pill|dense_sift|codebook_norm|64|1,p0_anomaly_mvtec,pill,dense_sift,267,167,141,729,97.15488522300075,2,,codebook_norm,64,1,,0.4588922149996506,2595.453125,,0.5130932896890343,"{""color"": 0.43076923076923074, ""combined"": 0.6402714932126696, ""contamination"": 0.608058608058608, ""crack"": 0.5798816568047337, ""faulty_imprint"": 0.3562753036437247, ""pill_type"": 0.764957264957265, ""scratch"": 0.38301282051282054}",0.5977133099823485,,4.889786044000175,2595.453125,0.0
p0_anomaly_mvtec|pill|dense_sift|hist_knn|64|1,p0_anomaly_mvtec,pill,dense_sift,267,167,141,729,97.15488522300075,2,,hist_knn,64,1,,0.9250733499993657,2595.453125,,0.7047190398254228,"{""color"": 0.5846153846153846, ""combined"": 0.8868778280542986, ""contamination"": 0.6904761904761905, ""crack"": 0.7573964497041421, ""faulty_imprint"": 0.5546558704453441, ""pill_type"": 0.8162393162393162, ""scratch"": 0.7331730769230769}",,,4.889786044000175,2595.453125,0.0
p0_anomaly_mvtec|pill|dense_sift|codebook_dist|64|2,p0_anomaly_mvtec,pill,dense_sift,267,167,141,729,97.15488522300075,2,,codebook_dist,64,2,,0.17605771499984257,2595.453125,,0.5548281505728314,"{""color"": 0.5953846153846154, ""combined"": 0.7760180995475112, ""contamination"": 0.47802197802197804, ""crack"": 0.47485207100591714, ""faulty_imprint"": 0.43319838056680154, ""pill_type"": 0.6495726495726496, ""scratch"": 0.5705128205128205}",0.5285220120359633,,3.414338270999906,2595.453125,0.0
p0_anomaly_mvtec|pill|dense_sift|codebook_norm|64|2,p0_anomaly_mvtec,pill,dense_sift,267,167,141,729,97.15488522300075,2,,codebook_norm,64,2,,0.47469601800003147,2595.453125,,0.5638297872340425,"{""color"": 0.4523076923076923, ""combined"": 0.7963800904977376, ""contamination"": 0.5934065934065934, ""crack"": 0.5813609467455622, ""faulty_imprint"": 0.46558704453441296, ""pill_type"": 0.641025641025641, ""scratch"": 0.5192307692307693}",0.5760110370036619,,3.414338270999906,2595.453125,0.0
p0_anomaly_mvtec|pill|dense_sift|hist_knn|64|2,p0_anomaly_mvtec,pill,dense_sift,267,167,141,729,97.15488522300075,2,,hist_knn,64,2,,0.8748790929994357,2595.453125,,0.5908346972176759,"{""color"": 0.3923076923076923, ""combined"": 0.8619909502262444, ""contamination"": 0.6575091575091575, ""crack"": 0.6819526627218935, ""faulty_imprint"": 0.4230769230769231, ""pill_type"": 0.6666666666666667, ""scratch"": 0.5528846153846154}",,,3.414338270999906,2595.453125,0.0
p0_anomaly_mvtec|pill|dense_sift|codebook_dist|256|1,p0_anomaly_mvtec,pill,dense_sift,267,167,141,729,97.15488522300075,2,,codebook_dist,256,1,,0.45812463399943226,2595.453125,,0.5684669939989088,"{""color"": 0.4507692307692308, ""combined"": 0.8778280542986425, ""contamination"": 0.6575091575091575, ""crack"": 0.48964497041420113, ""faulty_imprint"": 0.47165991902834004, ""pill_type"": 0.5726495726495726, ""scratch"": 0.5544871794871795}",0.6310890279748884,,8.813258844000302,2595.453125,0.0
p0_anomaly_mvtec|pill|dense_sift|codebook_norm|256|1,p0_anomaly_mvtec,pill,dense_sift,267,167,141,729,97.15488522300075,2,,codebook_norm,256,1,,0.9398444270000255,2595.453125,,0.632569558101473,"{""color"": 0.5015384615384616, ""combined"": 0.9004524886877828, ""contamination"": 0.7106227106227105, ""crack"": 0.7071005917159763, ""faulty_imprint"": 0.39676113360323884, ""pill_type"": 0.5555555555555556, ""scratch"": 0.6458333333333333}",0.5728583209683344,,8.813258844000302,2595.453125,0.0
p0_anomaly_mvtec|pill|dense_sift|hist_knn|256|1,p0_anomaly_mvtec,pill,dense_sift,267,167,141,729,97.15488522300075,2,,hist_knn,256,1,,1.2722505629999432,2595.453125,,0.6307965084560828,"{""color"": 0.42692307692307696, ""combined"": 0.8868778280542986, ""contamination"": 0.7637362637362637, ""crack"": 0.7692307692307693, ""faulty_imprint"": 0.5354251012145748, ""pill_type"": 0.5641025641025641, ""scratch"": 0.4959935897435897}",,,8.813258844000302,2595.453125,0.0
p0_anomaly_mvtec|pill|dense_sift|codebook_dist|256|2,p0_anomaly_mvtec,pill,dense_sift,267,167,141,729,97.15488522300075,2,,codebook_dist,256,2,,0.49984742299966456,2595.453125,,0.5144571740316422,"{""color"": 0.4276923076923077, ""combined"": 0.7262443438914027, ""contamination"": 0.5824175824175823, ""crack"": 0.45118343195266275, ""faulty_imprint"": 0.5101214574898786, ""pill_type"": 0.48290598290598286, ""scratch"": 0.47916666666666663}",0.620180120960839,,13.236061582999355,2595.453125,0.0
p0_anomaly_mvtec|pill|dense_sift|codebook_norm|256|2,p0_anomaly_mvtec,pill,dense_sift,267,167,141,729,97.15488522300075,2,,codebook_norm,256,2,,1.1537025630004791,2595.453125,,0.6339334424440808,"{""color"": 0.5169230769230769, ""combined"": 0.8959276018099548, ""contamination"": 0.7564102564102564, ""crack"": 0.6819526627218935, ""faulty_imprint"": 0.4534412955465587, ""pill_type"": 0.49572649572649574, ""scratch"": 0.6057692307692307}",0.5701690379203298,,13.236061582999355,2595.453125,0.0
p0_anomaly_mvtec|pill|dense_sift|hist_knn|256|2,p0_anomaly_mvtec,pill,dense_sift,267,167,141,729,97.15488522300075,2,,hist_knn,256,2,,1.2476732029999766,2595.453125,,0.7077195853791598,"{""color"": 0.6015384615384616, ""combined"": 0.9095022624434389, ""contamination"": 0.7692307692307693, ""crack"": 0.7899408284023669, ""faulty_imprint"": 0.5910931174089069, ""pill_type"": 0.6581196581196581, ""scratch"": 0.6434294871794872}",,,13.236061582999355,2595.453125,0.0
p0_anomaly_mvtec|pill|dense_sift|codebook_dist|1024|1,p0_anomaly_mvtec,pill,dense_sift,267,167,141,729,97.15488522300075,2,,codebook_dist,1024,1,,1.5518936440003017,2595.453125,,0.6328423349699946,"{""color"": 0.4984615384615384, ""combined"": 0.8959276018099548, ""contamination"": 0.782051282051282, ""crack"": 0.591715976331361, ""faulty_imprint"": 0.5202429149797572, ""pill_type"": 0.517094017094017, ""scratch"": 0.6330128205128205}",0.6393730242877138,,44.150744624000254,2595.453125,0.0
p0_anomaly_mvtec|pill|dense_sift|codebook_norm|1024|1,p0_anomaly_mvtec,pill,dense_sift,267,167,141,729,97.15488522300075,2,,codebook_norm,1024,1,,2.7356107129999145,2595.453125,,0.6451172940534644,"{""color"": 0.5615384615384615, ""combined"": 0.9004524886877828, ""contamination"": 0.7161172161172161, ""crack"": 0.6642011834319527, ""faulty_imprint"": 0.4878542510121457, ""pill_type"": 0.517094017094017, ""scratch"": 0.641025641025641}",0.5744026309304503,,44.150744624000254,2595.453125,0.0
p0_anomaly_mvtec|pill|dense_sift|hist_knn|1024|1,p0_anomaly_mvtec,pill,dense_sift,267,167,141,729,97.15488522300075,2,,hist_knn,1024,1,,4.063535555000271,2595.453125,,0.629569012547736,"{""color"": 0.5553846153846154, ""combined"": 0.8099547511312217, ""contamination"": 0.6538461538461539, ""crack"": 0.5902366863905326, ""faulty_imprint"": 0.611336032388664, ""pill_type"": 0.6239316239316239, ""scratch"": 0.6169871794871795}",,,44.150744624000254,2595.453125,0.0
p0_anomaly_mvtec|pill|dense_sift|codebook_dist|1024|2,p0_anomaly_mvtec,pill,dense_sift,267,167,141,729,97.15488522300075,2,,codebook_dist,1024,2,,1.5742620680002801,2595.453125,,0.6232951445717404,"{""color"": 0.5123076923076924, ""combined"": 0.909502262443439, ""contamination"": 0.7893772893772893, ""crack"": 0.5680473372781065, ""faulty_imprint"": 0.4757085020242915, ""pill_type"": 0.47008547008547, ""scratch"": 0.625}",0.6416920777073176,,43.511087079999925,2595.453125,0.0
p0_anomaly_mvtec|pill|dense_sift|codebook_norm|1024|2,p0_anomaly_mvtec,pill,dense_sift,267,167,141,729,97.15488522300075,2,,codebook_norm,1024,2,,3.343948903000637,2595.453125,,0.6262956901254775,"{""color"": 0.49076923076923074, ""combined"": 0.8778280542986425, ""contamination"": 0.684981684981685, ""crack"": 0.6789940828402367, ""faulty_imprint"": 0.5020242914979757, ""pill_type"": 0.5042735042735043, ""scratch"": 0.625}",0.5745010028725296,,43.511087079999925,2595.453125,0.0
p0_anomaly_mvtec|pill|dense_sift|hist_knn|1024|2,p0_anomaly_mvtec,pill,dense_sift,267,167,141,729,97.15488522300075,2,,hist_knn,1024,2,,4.040481902000465,2595.453125,,0.6613475177304965,"{""color"": 0.6246153846153846, ""combined"": 0.8257918552036199, ""contamination"": 0.6556776556776557, ""crack"": 0.6375739644970414, ""faulty_imprint"": 0.6771255060728745, ""pill_type"": 0.611111111111111, ""scratch"": 0.6201923076923077}",,,43.511087079999925,2595.453125,0.0
p0_anomaly_mvtec|screw|dinov2_s|codebook_dist|64|1,p0_anomaly_mvtec,screw,dinov2_s,320,160,119,1024,17.0737839049998,2,,codebook_dist,64,1,,0.6425827430002755,2595.453125,,0.7778233244517319,"{""manipulated_front"": 0.646341463414634, ""scratch_head"": 0.7103658536585364, ""scratch_neck"": 0.8985365853658537, ""thread_side"": 0.7985153764581124, ""thread_top"": 0.8335100742311771}",0.9526223554855069,,9.867242689000705,2595.453125,0.0
p0_anomaly_mvtec|screw|dinov2_s|codebook_norm|64|1,p0_anomaly_mvtec,screw,dinov2_s,320,160,119,1024,17.0737839049998,2,,codebook_norm,64,1,,2.2239981740003714,2595.453125,,0.7440049190407871,"{""manipulated_front"": 0.6920731707317073, ""scratch_head"": 0.6941056910569107, ""scratch_neck"": 0.8282926829268292, ""thread_side"": 0.76033934252386, ""thread_top"": 0.7423117709437964}",0.9247323175041822,,9.867242689000705,2595.453125,0.0
p0_anomaly_mvtec|screw|dinov2_s|hist_knn|64|1,p0_anomaly_mvtec,screw,dinov2_s,320,160,119,1024,17.0737839049998,2,,hist_knn,64,1,,2.2052269929999966,2595.453125,,0.7573273211723714,"{""manipulated_front"": 0.7723577235772358, ""scratch_head"": 0.7266260162601625, ""scratch_neck"": 0.721951219512195, ""thread_side"": 0.7932131495227995, ""thread_top"": 0.7762460233297985}",,,9.867242689000705,2595.453125,0.0
p0_anomaly_mvtec|screw|dinov2_s|codebook_dist|64|2,p0_anomaly_mvtec,screw,dinov2_s,320,160,119,1024,17.0737839049998,2,,codebook_dist,64,2,,0.8787813120006831,2595.453125,,0.8134863701578192,"{""manipulated_front"": 0.7002032520325203, ""scratch_head"": 0.785569105691057, ""scratch_neck"": 0.9063414634146342, ""thread_side"": 0.814422057264051, ""thread_top"": 0.8589607635206786}",0.9562030689211483,,8.613700691000304,2595.453125,0.0
p0_anomaly_mvtec|screw|dinov2_s|codebook_norm|64|2,p0_anomaly_mvtec,screw,dinov2_s,320,160,119,1024,17.0737839049998,2,,codebook_norm,64,2,,1.5601157869996314,2595.453125,,0.7778233244517319,"{""manipulated_front"": 0.7215447154471544, ""scratch_head"": 0.7317073170731707, ""scratch_neck"": 0.8858536585365854, ""thread_side"": 0.7582184517497349, ""thread_top"": 0.7868504772004242}",0.9347737081258565,,8.613700691000304,2595.453125,0.0
p0_anomaly_mvtec|screw|dinov2_s|hist_knn|64|2,p0_anomaly_mvtec,screw,dinov2_s,320,160,119,1024,17.0737839049998,2,,hist_knn,64,2,,3.205868912999904,2595.453125,,0.7563025210084036,"{""manipulated_front"": 0.714430894308943, ""scratch_head"": 0.7703252032520325, ""scratch_neck"": 0.7287804878048781, ""thread_side"": 0.799575821845175, ""thread_top"": 0.7720042417815483}",,,8.613700691000304,2595.453125,0.0
p0_anomaly_mvtec|screw|dinov2_s|codebook_dist|256|1,p0_anomaly_mvtec,screw,dinov2_s,320,160,119,1024,17.0737839049998,2,,codebook_dist,256,1,,1.9704434870000114,2595.453125,,0.7991391678622668,"{""manipulated_front"": 0.7164634146341463, ""scratch_head"": 0.7703252032520325, ""scratch_neck"": 0.911219512195122, ""thread_side"": 0.7688229056203605, ""thread_top"": 0.823966065747614}",0.9607451705983775,,28.28818501400019,2595.453125,0.0
p0_anomaly_mvtec|screw|dinov2_s|codebook_norm|256|1,p0_anomaly_mvtec,screw,dinov2_s,320,160,119,1024,17.0737839049998,2,,codebook_norm,256,1,,2.8492660849997264,2595.453125,,0.7427751588440255,"{""manipulated_front"": 0.6829268292682927, ""scratch_head"": 0.6422764227642276, ""scratch_neck"": 0.8478048780487805, ""thread_side"": 0.7454931071049841, ""thread_top"": 0.7932131495227995}",0.954506193214775,,28.28818501400019,2595.453125,0.0
p0_anomaly_mvtec|screw|dinov2_s|hist_knn|256|1,p0_anomaly_mvtec,screw,dinov2_s,320,160,119,1024,17.0737839049998,2,,hist_knn,256,1,,5.434613924000587,2595.453125,,0.7376511580241853,"{""manipulated_front"": 0.7225609756097561, ""scratch_head"": 0.7835365853658536, ""scratch_neck"": 0.6809756097560975, ""thread_side"": 0.7136797454931072, ""thread_top"": 0.7910922587486744}",,,28.28818501400019,2595.453125,0.0
p0_anomaly_mvtec|screw|dinov2_s|codebook_dist|256|2,p0_anomaly_mvtec,screw,dinov2_s,320,160,119,1024,17.0737839049998,2,,codebook_dist,256,2,,3.147515010999996,2595.453125,,0.84423037507686,"{""manipulated_front"": 0.7621951219512196, ""scratch_head"": 0.8384146341463415, ""scratch_neck"": 0.9248780487804877, ""thread_side"": 0.8165429480381761, ""thread_top"": 0.8759278897136797}",0.9604973304198661,,27.322645480000574,2595.453125,0.0
p0_anomaly_mvtec|screw|dinov2_s|codebook_norm|256|2,p0_anomaly_mvtec,screw,dinov2_s,320,160,119,1024,17.0737839049998,2,,codebook_norm,256,2,,3.6006679209995127,2595.453125,,0.8003689280590285,"{""manipulated_front"": 0.7459349593495935, ""scratch_head"": 0.7733739837398373, ""scratch_neck"": 0.8429268292682928, ""thread_side"": 0.7762460233297985, ""thread_top"": 0.863202545068929}",0.9520461425456893,,27.322645480000574,2595.453125,0.0
p0_anomaly_mvtec|screw|dinov2_s|hist_knn|256|2,p0_anomaly_mvtec,screw,dinov2_s,320,160,119,1024,17.0737839049998,2,,hist_knn,256,2,,4.066042354999809,2595.453125,,0.6935847509735602,"{""manipulated_front"": 0.7113821138211383, ""scratch_head"": 0.6961382113821138, ""scratch_neck"": 0.6995121951219512, ""thread_side"": 0.6914103923647932, ""thread_top"": 0.6680805938494168}",,,27.322645480000574,2595.453125,0.0
p0_anomaly_mvtec|screw|dinov2_s|codebook_dist|1024|1,p0_anomaly_mvtec,screw,dinov2_s,320,160,119,1024,17.0737839049998,2,,codebook_dist,1024,1,,5.287688102999709,2595.453125,,0.8969051035048166,"{""manipulated_front"": 0.8475609756097562, ""scratch_head"": 0.8973577235772358, ""scratch_neck"": 0.9385365853658537, ""thread_side"": 0.8525980911983033, ""thread_top"": 0.9469777306468717}",0.9707720391515757,,112.68088537600033,2595.453125,0.0
p0_anomaly_mvtec|screw|dinov2_s|codebook_norm|1024|1,p0_anomaly_mvtec,screw,dinov2_s,320,160,119,1024,17.0737839049998,2,,codebook_norm,1024,1,,9.214087098999698,2595.453125,,0.7339618774339005,"{""manipulated_front"": 0.806910569105691, ""scratch_head"": 0.6859756097560976, ""scratch_neck"": 0.6273170731707317, ""thread_side"": 0.7189819724284199, ""thread_top"": 0.8388123011664899}",0.9442284187315221,,112.68088537600033,2595.453125,0.0
p0_anomaly_mvtec|screw|dinov2_s|hist_knn|1024|1,p0_anomaly_mvtec,screw,dinov2_s,320,160,119,1024,17.0737839049998,2,,hist_knn,1024,1,,12.921578806999605,2595.453125,,0.6761631481861037,"{""manipulated_front"": 0.5345528455284553, ""scratch_head"": 0.725609756097561, ""scratch_neck"": 0.7414634146341464, ""thread_side"": 0.6553552492046659, ""thread_top"": 0.7221633085896078}",,,112.68088537600033,2595.453125,0.0
p0_anomaly_mvtec|screw|dinov2_s|codebook_dist|1024|2,p0_anomaly_mvtec,screw,dinov2_s,320,160,119,1024,17.0737839049998,2,,codebook_dist,1024,2,,3.7447418639994794,2595.453125,,0.9051035048165608,"{""manipulated_front"": 0.850609756097561, ""scratch_head"": 0.910569105691057, ""scratch_neck"": 0.9560975609756097, ""thread_side"": 0.8356309650053022, ""thread_top"": 0.970307529162248}",0.972362684415826,,106.5419877710001,2595.453125,0.0
p0_anomaly_mvtec|screw|dinov2_s|codebook_norm|1024|2,p0_anomaly_mvtec,screw,dinov2_s,320,160,119,1024,17.0737839049998,2,,codebook_norm,1024,2,,9.243699430999186,2595.453125,,0.8173806107808977,"{""manipulated_front"": 0.850609756097561, ""scratch_head"": 0.7794715447154472, ""scratch_neck"": 0.7004878048780488, ""thread_side"": 0.8345705196182397, ""thread_top"": 0.9321314952279958}",0.9541490398925452,,106.5419877710001,2595.453125,0.0
p0_anomaly_mvtec|screw|dinov2_s|hist_knn|1024|2,p0_anomaly_mvtec,screw,dinov2_s,320,160,119,1024,17.0737839049998,2,,hist_knn,1024,2,,12.963114407999456,2595.453125,,0.6765730682516908,"{""manipulated_front"": 0.5487804878048781, ""scratch_head"": 0.7408536585365854, ""scratch_neck"": 0.7063414634146341, ""thread_side"": 0.6914103923647932, ""thread_top"": 0.6956521739130435}",,,106.5419877710001,2595.453125,0.0
p0_anomaly_mvtec|screw|dense_sift|codebook_dist|64|1,p0_anomaly_mvtec,screw,dense_sift,320,160,119,729,108.29526759499959,2,,codebook_dist,64,1,,0.20545274300002347,2595.453125,,0.4957983193277311,"{""manipulated_front"": 0.633130081300813, ""scratch_head"": 0.5010162601626016, ""scratch_neck"": 0.3385365853658537, ""thread_side"": 0.5482502651113467, ""thread_top"": 0.46553552492046657}",0.6083892792813461,,4.585205340000357,2595.453125,0.0
p0_anomaly_mvtec|screw|dense_sift|codebook_norm|64|1,p0_anomaly_mvtec,screw,dense_sift,320,160,119,729,108.29526759499959,2,,codebook_norm,64,1,,0.597760073000245,2595.453125,,0.6048370567739291,"{""manipulated_front"": 0.5975609756097562, ""scratch_head"": 0.6178861788617886, ""scratch_neck"": 0.5863414634146342, ""thread_side"": 0.5949098621420996, ""thread_top"": 0.6288441145281017}",0.4525941451031366,,4.585205340000357,2595.453125,0.0
p0_anomaly_mvtec|screw|dense_sift|hist_knn|64|1,p0_anomaly_mvtec,screw,dense_sift,320,160,119,729,108.29526759499959,2,,hist_knn,64,1,,0.9880091269997138,2595.453125,,0.5654847304775569,"{""manipulated_front"": 0.6900406504065041, ""scratch_head"": 0.5589430894308942, ""scratch_neck"": 0.39902439024390246, ""thread_side"": 0.582184517497349, ""thread_top"": 0.6065747613997879}",,,4.585205340000357,2595.453125,0.0
p0_anomaly_mvtec|screw|dense_sift|codebook_dist|64|2,p0_anomaly_mvtec,screw,dense_sift,320,160,119,729,108.29526759499959,2,,codebook_dist,64,2,,0.23537052300071082,2595.453125,,0.44660791145726586,"{""manipulated_front"": 0.5772357723577236, ""scratch_head"": 0.35670731707317066, ""scratch_neck"": 0.3541463414634146, ""thread_side"": 0.43160127253446445, ""thread_top"": 0.5196182396606575}",0.5742648893098536,,2.8848585300002014,2595.453125,0.0
p0_anomaly_mvtec|screw|dense_sift|codebook_norm|64|2,p0_anomaly_mvtec,screw,dense_sift,320,160,119,729,108.29526759499959,2,,codebook_norm,64,2,,0.5683401699998285,2595.453125,,0.5931543349046935,"{""manipulated_front"": 0.616869918699187, ""scratch_head"": 0.5741869918699187, ""scratch_neck"": 0.6224390243902439, ""thread_side"": 0.5620360551431601, ""thread_top"": 0.5874867444326618}",0.44472703443964284,,2.8848585300002014,2595.453125,0.0
p0_anomaly_mvtec|screw|dense_sift|hist_knn|64|2,p0_anomaly_mvtec,screw,dense_sift,320,160,119,729,108.29526759499959,2,,hist_knn,64,2,,1.069629308999538,2595.453125,,0.6046320967411354,"{""manipulated_front"": 0.7398373983739837, ""scratch_head"": 0.5416666666666666, ""scratch_neck"": 0.5053658536585366, ""thread_side"": 0.6033934252386002, ""thread_top"": 0.6383881230116648}",,,2.8848585300002014,2595.453125,0.0
p0_anomaly_mvtec|screw|dense_sift|codebook_dist|256|1,p0_anomaly_mvtec,screw,dense_sift,320,160,119,729,108.29526759499959,2,,codebook_dist,256,1,,0.48420013099985226,2595.453125,,0.4584955933592949,"{""manipulated_front"": 0.5376016260162602, ""scratch_head"": 0.4939024390243902, ""scratch_neck"": 0.3385365853658537, ""thread_side"": 0.457051961823966, ""thread_top"": 0.47083775185577936}",0.639048263396656,,9.282503286000065,2595.453125,0.0
p0_anomaly_mvtec|screw|dense_sift|codebook_norm|256|1,p0_anomaly_mvtec,screw,dense_sift,320,160,119,729,108.29526759499959,2,,codebook_norm,256,1,,1.255059197999799,2595.453125,,0.5921295347407256,"{""manipulated_front"": 0.5985772357723578, ""scratch_head"": 0.5528455284552845, ""scratch_neck"": 0.6039024390243902, ""thread_side"": 0.5577942735949099, ""thread_top"": 0.647932131495228}",0.5142754943437697,,9.282503286000065,2595.453125,0.0
p0_anomaly_mvtec|screw|dense_sift|hist_knn|256|1,p0_anomaly_mvtec,screw,dense_sift,320,160,119,729,108.29526759499959,2,,hist_knn,256,1,,1.4520969320001313,2595.453125,,0.5640500102480016,"{""manipulated_front"": 0.608739837398374, ""scratch_head"": 0.6128048780487805, ""scratch_neck"": 0.44682926829268294, ""thread_side"": 0.5556733828207848, ""thread_top"": 0.6023329798515376}",,,9.282503286000065,2595.453125,0.0
p0_anomaly_mvtec|screw|dense_sift|codebook_dist|256|2,p0_anomaly_mvtec,screw,dense_sift,320,160,119,729,108.29526759499959,2,,codebook_dist,256,2,,0.45938336299968796,2595.453125,,0.46546423447427754,"{""manipulated_front"": 0.6026422764227642, ""scratch_head"": 0.464430894308943, ""scratch_neck"": 0.28487804878048784, ""thread_side"": 0.4623541887592789, ""thread_top"": 0.5227995758218452}",0.6039127792682389,,13.476139301999865,2595.453125,0.0
p0_anomaly_mvtec|screw|dense_sift|codebook_norm|256|2,p0_anomaly_mvtec,screw,dense_sift,320,160,119,729,108.29526759499959,2,,codebook_norm,256,2,,1.7008881719993951,2595.453125,,0.5056364009018242,"{""manipulated_front"": 0.5914634146341463, ""scratch_head"": 0.4542682926829268, ""scratch_neck"": 0.4107317073170732, ""thread_side"": 0.46129374337221635, ""thread_top"": 0.6171792152704136}",0.4630628011927375,,13.476139301999865,2595.453125,0.0
p0_anomaly_mvtec|screw|dense_sift|hist_knn|256|2,p0_anomaly_mvtec,screw,dense_sift,320,160,119,729,108.29526759499959,2,,hist_knn,256,2,,1.4297921620000125,2595.453125,,0.6927649108423857,"{""manipulated_front"": 0.806910569105691, ""scratch_head"": 0.698170731707317, ""scratch_neck"": 0.5912195121951219, ""thread_side"": 0.6765641569459173, ""thread_top"": 0.6945917285259808}",,,13.476139301999865,2595.453125,0.0
p0_anomaly_mvtec|screw|dense_sift|codebook_dist|1024|1,p0_anomaly_mvtec,screw,dense_sift,320,160,119,729,108.29526759499959,2,,codebook_dist,1024,1,,1.477756612000121,2595.453125,,0.5195736831317894,"{""manipulated_front"": 0.5752032520325203, ""scratch_head"": 0.5528455284552846, ""scratch_neck"": 0.44292682926829263, ""thread_side"": 0.5185577942735948, ""thread_top"": 0.5111346765641569}",0.6729248680702176,,44.559924332000264,2595.453125,0.0
p0_anomaly_mvtec|screw|dense_sift|codebook_norm|1024|1,p0_anomaly_mvtec,screw,dense_sift,320,160,119,729,108.29526759499959,2,,codebook_norm,1024,1,,4.471427627000594,2595.453125,,0.6161098585775775,"{""manipulated_front"": 0.6270325203252032, ""scratch_head"": 0.6107723577235772, ""scratch_neck"": 0.5668292682926829, ""thread_side"": 0.6373276776246023, ""thread_top"": 0.6426299045599152}",0.5840042813603095,,44.559924332000264,2595.453125,0.0
p0_anomaly_mvtec|screw|dense_sift|hist_knn|1024|1,p0_anomaly_mvtec,screw,dense_sift,320,160,119,729,108.29526759499959,2,,hist_knn,1024,1,,4.54366369499985,2595.453125,,0.6486985037917606,"{""manipulated_front"": 0.6808943089430894, ""scratch_head"": 0.6717479674796747, ""scratch_neck"": 0.5863414634146341, ""thread_side"": 0.6521739130434783, ""thread_top"": 0.6553552492046659}",,,44.559924332000264,2595.453125,0.0
p0_anomaly_mvtec|screw|dense_sift|codebook_dist|1024|2,p0_anomaly_mvtec,screw,dense_sift,320,160,119,729,108.29526759499959,2,,codebook_dist,1024,2,,1.5303578390003167,2595.453125,,0.46915351506456243,"{""manipulated_front"": 0.5386178861788617, ""scratch_head"": 0.5111788617886179, ""scratch_neck"": 0.4107317073170732, ""thread_side"": 0.3785790031813362, ""thread_top"": 0.5068928950159067}",0.6853924137070524,,46.88976337399981,2595.453125,0.0
p0_anomaly_mvtec|screw|dense_sift|codebook_norm|1024|2,p0_anomaly_mvtec,screw,dense_sift,320,160,119,729,108.29526759499959,2,,codebook_norm,1024,2,,3.25249285100017,2595.453125,,0.5410944865751178,"{""manipulated_front"": 0.5558943089430894, ""scratch_head"": 0.5386178861788617, ""scratch_neck"": 0.5434146341463415, ""thread_side"": 0.4984093319194062, ""thread_top"": 0.5683987274655355}",0.5570974948309825,,46.88976337399981,2595.453125,0.0
p0_anomaly_mvtec|screw|dense_sift|hist_knn|1024|2,p0_anomaly_mvtec,screw,dense_sift,320,160,119,729,108.29526759499959,2,,hist_knn,1024,2,,5.920718086000306,2595.453125,,0.6665300266448042,"{""manipulated_front"": 0.6798780487804877, ""scratch_head"": 0.7083333333333334, ""scratch_neck"": 0.5990243902439024, ""thread_side"": 0.6776246023329798, ""thread_top"": 0.6712619300106044}",,,46.88976337399981,2595.453125,0.0
p0_anomaly_mvtec|tile|dinov2_s|codebook_dist|64|1,p0_anomaly_mvtec,tile,dinov2_s,230,117,84,1024,15.497438329000943,2,,codebook_dist,64,1,,0.5086129149995031,2595.453125,,0.9942279942279942,"{""crack"": 1.0, ""glue_strip"": 1.0, ""gray_stroke"": 0.9734848484848485, ""oil"": 1.0, ""rough"": 0.9959595959595959}",0.9549442959709009,,7.672188215999995,2595.453125,0.0
p0_anomaly_mvtec|tile|dinov2_s|codebook_norm|64|1,p0_anomaly_mvtec,tile,dinov2_s,230,117,84,1024,15.497438329000943,2,,codebook_norm,64,1,,1.6161321649997262,2595.453125,,0.998917748917749,"{""crack"": 1.0, ""glue_strip"": 1.0, ""gray_stroke"": 0.9962121212121212, ""oil"": 1.0, ""rough"": 0.997979797979798}",0.938781804870919,,7.672188215999995,2595.453125,0.0
p0_anomaly_mvtec|tile|dinov2_s|hist_knn|64|1,p0_anomaly_mvtec,tile,dinov2_s,230,117,84,1024,15.497438329000943,2,,hist_knn,64,1,,1.5988577449998047,2595.453125,,0.987012987012987,"{""crack"": 1.0, ""glue_strip"": 1.0, ""gray_stroke"": 0.9545454545454546, ""oil"": 1.0, ""rough"": 0.9757575757575758}",,,7.672188215999995,2595.453125,0.0
p0_anomaly_mvtec|tile|dinov2_s|codebook_dist|64|2,p0_anomaly_mvtec,tile,dinov2_s,230,117,84,1024,15.497438329000943,2,,codebook_dist,64,2,,0.5798675610003556,2595.453125,,0.9945887445887447,"{""crack"": 1.0, ""glue_strip"": 1.0, ""gray_stroke"": 0.975378787878788, ""oil"": 1.0, ""rough"": 0.9959595959595959}",0.9547498304451141,,6.808888114999718,2595.453125,0.0
p0_anomaly_mvtec|tile|dinov2_s|codebook_norm|64|2,p0_anomaly_mvtec,tile,dinov2_s,230,117,84,1024,15.497438329000943,2,,codebook_norm,64,2,,1.2654883700006394,2595.453125,,0.9992784992784993,"{""crack"": 1.0, ""glue_strip"": 1.0, ""gray_stroke"": 0.9981060606060607, ""oil"": 1.0, ""rough"": 0.997979797979798}",0.9397708633380515,,6.808888114999718,2595.453125,0.0
p0_anomaly_mvtec|tile|dinov2_s|hist_knn|64|2,p0_anomaly_mvtec,tile,dinov2_s,230,117,84,1024,15.497438329000943,2,,hist_knn,64,2,,1.6697484400001485,2595.453125,,0.9866522366522368,"{""crack"": 1.0, ""glue_strip"": 0.9831649831649831, ""gray_stroke"": 0.962121212121212, ""oil"": 1.0, ""rough"": 0.9858585858585858}",,,6.808888114999718,2595.453125,0.0
p0_anomaly_mvtec|tile|dinov2_s|codebook_dist|256|1,p0_anomaly_mvtec,tile,dinov2_s,230,117,84,1024,15.497438329000943,2,,codebook_dist,256,1,,1.2440422919999037,2595.453125,,0.9953102453102454,"{""crack"": 1.0, ""glue_strip"": 1.0, ""gray_stroke"": 0.9791666666666667, ""oil"": 1.0, ""rough"": 0.9959595959595959}",0.9559999853024127,,36.34788150300028,2595.453125,0.0
p0_anomaly_mvtec|tile|dinov2_s|codebook_norm|256|1,p0_anomaly_mvtec,tile,dinov2_s,230,117,84,1024,15.497438329000943,2,,codebook_norm,256,1,,2.0988448829994013,2595.453125,,1.0,"{""crack"": 1.0, ""glue_strip"": 1.0, ""gray_stroke"": 1.0, ""oil"": 1.0, ""rough"": 1.0}",0.931160941926362,,36.34788150300028,2595.453125,0.0
p0_anomaly_mvtec|tile|dinov2_s|hist_knn|256|1,p0_anomaly_mvtec,tile,dinov2_s,230,117,84,1024,15.497438329000943,2,,hist_knn,256,1,,2.910350302999177,2595.453125,,0.9826839826839827,"{""crack"": 1.0, ""glue_strip"": 0.9966329966329966, ""gray_stroke"": 0.9469696969696969, ""oil"": 1.0, ""rough"": 0.9636363636363636}",,,36.34788150300028,2595.453125,0.0
p0_anomaly_mvtec|tile|dinov2_s|codebook_dist|256|2,p0_anomaly_mvtec,tile,dinov2_s,230,117,84,1024,15.497438329000943,2,,codebook_dist,256,2,,0.9618996379995224,2595.453125,,0.9989177489177489,"{""crack"": 1.0, ""glue_strip"": 1.0, ""gray_stroke"": 1.0, ""oil"": 1.0, ""rough"": 0.9939393939393939}",0.9551783407361758,,32.152227272000346,2595.453125,0.0
p0_anomaly_mvtec|tile|dinov2_s|codebook_norm|256|2,p0_anomaly_mvtec,tile,dinov2_s,230,117,84,1024,15.497438329000943,2,,codebook_norm,256,2,,2.111899253000047,2595.453125,,1.0,"{""crack"": 1.0, ""glue_strip"": 1.0, ""gray_stroke"": 1.0, ""oil"": 1.0, ""rough"": 1.0}",0.9338834692886897,,32.152227272000346,2595.453125,0.0
p0_anomaly_mvtec|tile|dinov2_s|hist_knn|256|2,p0_anomaly_mvtec,tile,dinov2_s,230,117,84,1024,15.497438329000943,2,,hist_knn,256,2,,2.9844164440000895,2595.453125,,0.9855699855699855,"{""crack"": 1.0, ""glue_strip"": 0.9966329966329966, ""gray_stroke"": 0.9488636363636364, ""oil"": 1.0, ""rough"": 0.9777777777777779}",,,32.152227272000346,2595.453125,0.0
p0_anomaly_mvtec|tile|dinov2_s|codebook_dist|1024|1,p0_anomaly_mvtec,tile,dinov2_s,230,117,84,1024,15.497438329000943,2,,codebook_dist,1024,1,,3.4762335639998128,2595.453125,,0.9996392496392497,"{""crack"": 1.0, ""glue_strip"": 1.0, ""gray_stroke"": 1.0, ""oil"": 1.0, ""rough"": 0.997979797979798}",0.9548998599499463,,110.00630781599921,2595.453125,0.0
p0_anomaly_mvtec|tile|dinov2_s|codebook_norm|1024|1,p0_anomaly_mvtec,tile,dinov2_s,230,117,84,1024,15.497438329000943,2,,codebook_norm,1024,1,,5.557131360000312,2595.453125,,1.0,"{""crack"": 1.0, ""glue_strip"": 1.0, ""gray_stroke"": 1.0, ""oil"": 1.0, ""rough"": 1.0}",0.9275858925047918,,110.00630781599921,2595.453125,0.0
p0_anomaly_mvtec|tile|dinov2_s|hist_knn|1024|1,p0_anomaly_mvtec,tile,dinov2_s,230,117,84,1024,15.497438329000943,2,,hist_knn,1024,1,,9.98053722000077,2595.453125,,0.9707792207792207,"{""crack"": 0.9839572192513368, ""glue_strip"": 1.0, ""gray_stroke"": 0.9659090909090909, ""oil"": 1.0, ""rough"": 0.8909090909090909}",,,110.00630781599921,2595.453125,0.0
p0_anomaly_mvtec|tile|dinov2_s|codebook_dist|1024|2,p0_anomaly_mvtec,tile,dinov2_s,230,117,84,1024,15.497438329000943,2,,codebook_dist,1024,2,,2.7085470860001806,2595.453125,,0.9992784992784993,"{""crack"": 1.0, ""glue_strip"": 1.0, ""gray_stroke"": 1.0, ""oil"": 1.0, ""rough"": 0.995959595959596}",0.9569664726014323,,107.20836985200003,2595.453125,0.0
p0_anomaly_mvtec|tile|dinov2_s|codebook_norm|1024|2,p0_anomaly_mvtec,tile,dinov2_s,230,117,84,1024,15.497438329000943,2,,codebook_norm,1024,2,,7.153225314999872,2595.453125,,1.0,"{""crack"": 1.0, ""glue_strip"": 1.0, ""gray_stroke"": 1.0, ""oil"": 1.0, ""rough"": 1.0}",0.9324050737795835,,107.20836985200003,2595.453125,0.0
p0_anomaly_mvtec|tile|dinov2_s|hist_knn|1024|2,p0_anomaly_mvtec,tile,dinov2_s,230,117,84,1024,15.497438329000943,2,,hist_knn,1024,2,,9.281523388000096,2595.453125,,0.9801587301587302,"{""crack"": 1.0, ""glue_strip"": 1.0, ""gray_stroke"": 1.0, ""oil"": 1.0, ""rough"": 0.888888888888889}",,,107.20836985200003,2595.453125,0.0
p0_anomaly_mvtec|tile|dense_sift|codebook_dist|64|1,p0_anomaly_mvtec,tile,dense_sift,230,117,84,729,76.62339390099987,2,,codebook_dist,64,1,,0.1443499580000207,2595.453125,,0.6287878787878788,"{""crack"": 0.7219251336898396, ""glue_strip"": 0.6582491582491582, ""gray_stroke"": 0.615530303030303, ""oil"": 0.5134680134680134, ""rough"": 0.6404040404040404}",0.7082049166415474,,2.5253622449999966,2595.453125,0.0
p0_anomaly_mvtec|tile|dense_sift|codebook_norm|64|1,p0_anomaly_mvtec,tile,dense_sift,230,117,84,729,76.62339390099987,2,,codebook_norm,64,1,,0.3681200319997515,2595.453125,,0.7738095238095238,"{""crack"": 0.7718360071301248, ""glue_strip"": 0.9057239057239057, ""gray_stroke"": 0.850378787878788, ""oil"": 0.5303030303030303, ""rough"": 0.8282828282828283}",0.8377594963080398,,2.5253622449999966,2595.453125,0.0
p0_anomaly_mvtec|tile|dense_sift|hist_knn|64|1,p0_anomaly_mvtec,tile,dense_sift,230,117,84,729,76.62339390099987,2,,hist_knn,64,1,,0.7268467819994839,2595.453125,,0.6580086580086579,"{""crack"": 0.5597147950089127, ""glue_strip"": 0.7121212121212122, ""gray_stroke"": 0.6174242424242424, ""oil"": 0.6750841750841752, ""rough"": 0.7272727272727273}",,,2.5253622449999966,2595.453125,0.0
p0_anomaly_mvtec|tile|dense_sift|codebook_dist|64|2,p0_anomaly_mvtec,tile,dense_sift,230,117,84,729,76.62339390099987,2,,codebook_dist,64,2,,0.14540907999980845,2595.453125,,0.6572871572871573,"{""crack"": 0.7290552584670232, ""glue_strip"": 0.744107744107744, ""gray_stroke"": 0.7575757575757576, ""oil"": 0.37710437710437705, ""rough"": 0.701010101010101}",0.7154573110204656,,2.5884946500000297,2595.453125,0.0
p0_anomaly_mvtec|tile|dense_sift|codebook_norm|64|2,p0_anomaly_mvtec,tile,dense_sift,230,117,84,729,76.62339390099987,2,,codebook_norm,64,2,,0.4243469990005906,2595.453125,,0.8434343434343435,"{""crack"": 0.9019607843137255, ""glue_strip"": 0.9427609427609427, ""gray_stroke"": 0.981060606060606, ""oil"": 0.4949494949494949, ""rough"": 0.9292929292929293}",0.8380939035169193,,2.5884946500000297,2595.453125,0.0
p0_anomaly_mvtec|tile|dense_sift|hist_knn|64|2,p0_anomaly_mvtec,tile,dense_sift,230,117,84,729,76.62339390099987,2,,hist_knn,64,2,,0.4512526170001365,2595.453125,,0.6576479076479076,"{""crack"": 0.6114081996434937, ""glue_strip"": 0.8737373737373738, ""gray_stroke"": 0.6306818181818181, ""oil"": 0.5454545454545454, ""rough"": 0.6141414141414141}",,,2.5884946500000297,2595.453125,0.0
p0_anomaly_mvtec|tile|dense_sift|codebook_dist|256|1,p0_anomaly_mvtec,tile,dense_sift,230,117,84,729,76.62339390099987,2,,codebook_dist,256,1,,0.34610590800002683,2595.453125,,0.7117604617604618,"{""crack"": 0.7522281639928698, ""glue_strip"": 0.8535353535353536, ""gray_stroke"": 0.7897727272727273, ""oil"": 0.4208754208754209, ""rough"": 0.7616161616161616}",0.7297832404287042,,13.097595776000162,2595.453125,0.0
p0_anomaly_mvtec|tile|dense_sift|codebook_norm|256|1,p0_anomaly_mvtec,tile,dense_sift,230,117,84,729,76.62339390099987,2,,codebook_norm,256,1,,1.23963087500033,2595.453125,,0.8463203463203465,"{""crack"": 0.9144385026737968, ""glue_strip"": 0.962962962962963, ""gray_stroke"": 0.9886363636363636, ""oil"": 0.5235690235690236, ""rough"": 0.8646464646464647}",0.8406143385456041,,13.097595776000162,2595.453125,0.0
p0_anomaly_mvtec|tile|dense_sift|hist_knn|256|1,p0_anomaly_mvtec,tile,dense_sift,230,117,84,729,76.62339390099987,2,,hist_knn,256,1,,1.0184106030001203,2595.453125,,0.49170274170274175,"{""crack"": 0.5739750445632799, ""glue_strip"": 0.5521885521885522, ""gray_stroke"": 0.3787878787878788, ""oil"": 0.4326599326599327, ""rough"": 0.5171717171717172}",,,13.097595776000162,2595.453125,0.0
p0_anomaly_mvtec|tile|dense_sift|codebook_dist|256|2,p0_anomaly_mvtec,tile,dense_sift,230,117,84,729,76.62339390099987,2,,codebook_dist,256,2,,0.489635453000119,2595.453125,,0.726911976911977,"{""crack"": 0.7825311942959002, ""glue_strip"": 0.8400673400673401, ""gray_stroke"": 0.8409090909090908, ""oil"": 0.3939393939393939, ""rough"": 0.8060606060606061}",0.7271769466598816,,9.623262995000005,2595.453125,0.0
p0_anomaly_mvtec|tile|dense_sift|codebook_norm|256|2,p0_anomaly_mvtec,tile,dense_sift,230,117,84,729,76.62339390099987,2,,codebook_norm,256,2,,0.8464390310000454,2595.453125,,0.8571428571428571,"{""crack"": 0.9055258467023172, ""glue_strip"": 0.9595959595959596, ""gray_stroke"": 0.9791666666666666, ""oil"": 0.5538720538720538, ""rough"": 0.9131313131313131}",0.8387647186246132,,9.623262995000005,2595.453125,0.0
p0_anomaly_mvtec|tile|dense_sift|hist_knn|256|2,p0_anomaly_mvtec,tile,dense_sift,230,117,84,729,76.62339390099987,2,,hist_knn,256,2,,1.0001268250007342,2595.453125,,0.6259018759018758,"{""crack"": 0.6221033868092691, ""glue_strip"": 0.7070707070707071, ""gray_stroke"": 0.5700757575757576, ""oil"": 0.6313131313131313, ""rough"": 0.5858585858585859}",,,9.623262995000005,2595.453125,0.0
p0_anomaly_mvtec|tile|dense_sift|codebook_dist|1024|1,p0_anomaly_mvtec,tile,dense_sift,230,117,84,729,76.62339390099987,2,,codebook_dist,1024,1,,1.0982102030002352,2595.453125,,0.7265512265512267,"{""crack"": 0.7147950089126559, ""glue_strip"": 0.8838383838383839, ""gray_stroke"": 0.8579545454545454, ""oil"": 0.40404040404040403, ""rough"": 0.797979797979798}",0.7305808815096256,,44.259221356000126,2595.453125,0.0
p0_anomaly_mvtec|tile|dense_sift|codebook_norm|1024|1,p0_anomaly_mvtec,tile,dense_sift,230,117,84,729,76.62339390099987,2,,codebook_norm,1024,1,,2.5777227839998886,2595.453125,,0.9076479076479076,"{""crack"": 0.912655971479501, ""glue_strip"": 0.9444444444444444, ""gray_stroke"": 0.9867424242424243, ""oil"": 0.7845117845117846, ""rough"": 0.9212121212121213}",0.8408729700432062,,44.259221356000126,2595.453125,0.0
p0_anomaly_mvtec|tile|dense_sift|hist_knn|1024|1,p0_anomaly_mvtec,tile,dense_sift,230,117,84,729,76.62339390099987,2,,hist_knn,1024,1,,3.214570088000073,2595.453125,,0.5407647907647908,"{""crack"": 0.6024955436720142, ""glue_strip"": 0.6683501683501684, ""gray_stroke"": 0.509469696969697, ""oil"": 0.430976430976431, ""rough"": 0.4828282828282828}",,,44.259221356000126,2595.453125,0.0
p0_anomaly_mvtec|tile|dense_sift|codebook_dist|1024|2,p0_anomaly_mvtec,tile,dense_sift,230,117,84,729,76.62339390099987,2,,codebook_dist,1024,2,,1.1157672990002538,2595.453125,,0.7460317460317459,"{""crack"": 0.7397504456327986, ""glue_strip"": 0.8855218855218855, ""gray_stroke"": 0.8693181818181819, ""oil"": 0.4494949494949495, ""rough"": 0.8101010101010102}",0.7320685057302203,,44.404547472999184,2595.453125,0.0
p0_anomaly_mvtec|tile|dense_sift|codebook_norm|1024|2,p0_anomaly_mvtec,tile,dense_sift,230,117,84,729,76.62339390099987,2,,codebook_norm,1024,2,,2.3410455370003547,2595.453125,,0.8708513708513709,"{""crack"": 0.8591800356506238, ""glue_strip"": 0.936026936026936, ""gray_stroke"": 0.956439393939394, ""oil"": 0.734006734006734, ""rough"": 0.8787878787878788}",0.8409691178827193,,44.404547472999184,2595.453125,0.0
p0_anomaly_mvtec|tile|dense_sift|hist_knn|1024|2,p0_anomaly_mvtec,tile,dense_sift,230,117,84,729,76.62339390099987,2,,hist_knn,1024,2,,4.23761563700009,2595.453125,,0.5822510822510822,"{""crack"": 0.6167557932263814, ""glue_strip"": 0.6683501683501685, ""gray_stroke"": 0.5757575757575757, ""oil"": 0.5168350168350169, ""rough"": 0.5252525252525252}",,,44.404547472999184,2595.453125,0.0
p0_anomaly_mvtec|toothbrush|dinov2_s|codebook_dist|64|1,p0_anomaly_mvtec,toothbrush,dinov2_s,60,42,30,1024,6.190173956000763,2,,codebook_dist,64,1,,0.24618200700024317,2595.453125,,0.9555555555555555,"{""defective"": 0.9555555555555555}",0.9927017901523496,,8.823748444000557,2595.453125,0.0
p0_anomaly_mvtec|toothbrush|dinov2_s|codebook_norm|64|1,p0_anomaly_mvtec,toothbrush,dinov2_s,60,42,30,1024,6.190173956000763,2,,codebook_norm,64,1,,0.3139148740001474,2595.453125,,0.8527777777777777,"{""defective"": 0.8527777777777777}",0.9865167173842514,,8.823748444000557,2595.453125,0.0
p0_anomaly_mvtec|toothbrush|dinov2_s|hist_knn|64|1,p0_anomaly_mvtec,toothbrush,dinov2_s,60,42,30,1024,6.190173956000763,2,,hist_knn,64,1,,0.5057053259997701,2595.453125,,0.861111111111111,"{""defective"": 0.861111111111111}",,,8.823748444000557,2595.453125,0.0
p0_anomaly_mvtec|toothbrush|dinov2_s|codebook_dist|64|2,p0_anomaly_mvtec,toothbrush,dinov2_s,60,42,30,1024,6.190173956000763,2,,codebook_dist,64,2,,0.202603404999536,2595.453125,,0.9388888888888889,"{""defective"": 0.9388888888888889}",0.992964518881348,,5.863539822000348,2595.453125,0.0
p0_anomaly_mvtec|toothbrush|dinov2_s|codebook_norm|64|2,p0_anomaly_mvtec,toothbrush,dinov2_s,60,42,30,1024,6.190173956000763,2,,codebook_norm,64,2,,0.4505276680001771,2595.453125,,0.7944444444444445,"{""defective"": 0.7944444444444445}",0.9866648510166991,,5.863539822000348,2595.453125,0.0
p0_anomaly_mvtec|toothbrush|dinov2_s|hist_knn|64|2,p0_anomaly_mvtec,toothbrush,dinov2_s,60,42,30,1024,6.190173956000763,2,,hist_knn,64,2,,0.6981356769992999,2595.453125,,0.8916666666666667,"{""defective"": 0.8916666666666667}",,,5.863539822000348,2595.453125,0.0
p0_anomaly_mvtec|toothbrush|dinov2_s|codebook_dist|256|1,p0_anomaly_mvtec,toothbrush,dinov2_s,60,42,30,1024,6.190173956000763,2,,codebook_dist,256,1,,0.3793321349994585,2595.453125,,0.9277777777777778,"{""defective"": 0.9277777777777778}",0.9942065576462173,,27.216427981999914,2595.453125,0.0
p0_anomaly_mvtec|toothbrush|dinov2_s|codebook_norm|256|1,p0_anomaly_mvtec,toothbrush,dinov2_s,60,42,30,1024,6.190173956000763,2,,codebook_norm,256,1,,0.8616506299995308,2595.453125,,0.8805555555555555,"{""defective"": 0.8805555555555555}",0.9873965951510224,,27.216427981999914,2595.453125,0.0
p0_anomaly_mvtec|toothbrush|dinov2_s|hist_knn|256|1,p0_anomaly_mvtec,toothbrush,dinov2_s,60,42,30,1024,6.190173956000763,2,,hist_knn,256,1,,1.2851470559999143,2595.453125,,0.888888888888889,"{""defective"": 0.888888888888889}",,,27.216427981999914,2595.453125,0.0
p0_anomaly_mvtec|toothbrush|dinov2_s|codebook_dist|256|2,p0_anomaly_mvtec,toothbrush,dinov2_s,60,42,30,1024,6.190173956000763,2,,codebook_dist,256,2,,0.3437279549998493,2595.453125,,0.9416666666666667,"{""defective"": 0.9416666666666667}",0.9942862562948769,,24.169251508000343,2595.453125,0.0
p0_anomaly_mvtec|toothbrush|dinov2_s|codebook_norm|256|2,p0_anomaly_mvtec,toothbrush,dinov2_s,60,42,30,1024,6.190173956000763,2,,codebook_norm,256,2,,1.289544310000565,2595.453125,,0.8027777777777778,"{""defective"": 0.8027777777777778}",0.9828256948943433,,24.169251508000343,2595.453125,0.0
p0_anomaly_mvtec|toothbrush|dinov2_s|hist_knn|256|2,p0_anomaly_mvtec,toothbrush,dinov2_s,60,42,30,1024,6.190173956000763,2,,hist_knn,256,2,,2.06602121800006,2595.453125,,0.8222222222222222,"{""defective"": 0.8222222222222222}",,,24.169251508000343,2595.453125,0.0
p0_anomaly_mvtec|toothbrush|dinov2_s|codebook_dist|1024|1,p0_anomaly_mvtec,toothbrush,dinov2_s,60,42,30,1024,6.190173956000763,2,,codebook_dist,1024,1,,2.0651059410001835,2595.453125,,0.9388888888888889,"{""defective"": 0.9388888888888889}",0.9942980279503354,,107.29206703199998,2595.453125,0.0
p0_anomaly_mvtec|toothbrush|dinov2_s|codebook_norm|1024|1,p0_anomaly_mvtec,toothbrush,dinov2_s,60,42,30,1024,6.190173956000763,2,,codebook_norm,1024,1,,1.6195638149993101,2595.453125,,0.8388888888888888,"{""defective"": 0.8388888888888888}",0.9828114562875405,,107.29206703199998,2595.453125,0.0
p0_anomaly_mvtec|toothbrush|dinov2_s|hist_knn|1024|1,p0_anomaly_mvtec,toothbrush,dinov2_s,60,42,30,1024,6.190173956000763,2,,hist_knn,1024,1,,2.40171526299946,2595.453125,,0.8472222222222222,"{""defective"": 0.8472222222222222}",,,107.29206703199998,2595.453125,0.0
p0_anomaly_mvtec|toothbrush|dinov2_s|codebook_dist|1024|2,p0_anomaly_mvtec,toothbrush,dinov2_s,60,42,30,1024,6.190173956000763,2,,codebook_dist,1024,2,,1.2954870150006172,2595.453125,,0.925,"{""defective"": 0.925}",0.9945037441121335,,98.46856592900076,2595.453125,0.0
p0_anomaly_mvtec|toothbrush|dinov2_s|codebook_norm|1024|2,p0_anomaly_mvtec,toothbrush,dinov2_s,60,42,30,1024,6.190173956000763,2,,codebook_norm,1024,2,,2.359914040000149,2595.453125,,0.7972222222222223,"{""defective"": 0.7972222222222223}",0.9837995846585963,,98.46856592900076,2595.453125,0.0
p0_anomaly_mvtec|toothbrush|dinov2_s|hist_knn|1024|2,p0_anomaly_mvtec,toothbrush,dinov2_s,60,42,30,1024,6.190173956000763,2,,hist_knn,1024,2,,2.4846490170002653,2595.453125,,0.875,"{""defective"": 0.875}",,,98.46856592900076,2595.453125,0.0
p0_anomaly_mvtec|toothbrush|dense_sift|codebook_dist|64|1,p0_anomaly_mvtec,toothbrush,dense_sift,60,42,30,729,21.180537460999403,2,,codebook_dist,64,1,,0.04974177700023574,2595.453125,,0.6611111111111111,"{""defective"": 0.6611111111111111}",0.7252662587927406,,2.182164501999978,2595.453125,0.0
p0_anomaly_mvtec|toothbrush|dense_sift|codebook_norm|64|1,p0_anomaly_mvtec,toothbrush,dense_sift,60,42,30,729,21.180537460999403,2,,codebook_norm,64,1,,0.11046708499998203,2595.453125,,0.8194444444444444,"{""defective"": 0.8194444444444444}",0.7737348704803688,,2.182164501999978,2595.453125,0.0
p0_anomaly_mvtec|toothbrush|dense_sift|hist_knn|64|1,p0_anomaly_mvtec,toothbrush,dense_sift,60,42,30,729,21.180537460999403,2,,hist_knn,64,1,,0.23112058600054297,2595.453125,,0.8138888888888889,"{""defective"": 0.8138888888888889}",,,2.182164501999978,2595.453125,0.0
p0_anomaly_mvtec|toothbrush|dense_sift|codebook_dist|64|2,p0_anomaly_mvtec,toothbrush,dense_sift,60,42,30,729,21.180537460999403,2,,codebook_dist,64,2,,0.04164843800026574,2595.453125,,0.7805555555555556,"{""defective"": 0.7805555555555556}",0.7188414496006248,,4.887797317999684,2595.453125,0.0
p0_anomaly_mvtec|toothbrush|dense_sift|codebook_norm|64|2,p0_anomaly_mvtec,toothbrush,dense_sift,60,42,30,729,21.180537460999403,2,,codebook_norm,64,2,,0.12905836600020848,2595.453125,,0.7916666666666667,"{""defective"": 0.7916666666666667}",0.8101123365831588,,4.887797317999684,2595.453125,0.0
p0_anomaly_mvtec|toothbrush|dense_sift|hist_knn|64|2,p0_anomaly_mvtec,toothbrush,dense_sift,60,42,30,729,21.180537460999403,2,,hist_knn,64,2,,0.12372214100014389,2595.453125,,0.8861111111111112,"{""defective"": 0.8861111111111112}",,,4.887797317999684,2595.453125,0.0
p0_anomaly_mvtec|toothbrush|dense_sift|codebook_dist|256|1,p0_anomaly_mvtec,toothbrush,dense_sift,60,42,30,729,21.180537460999403,2,,codebook_dist,256,1,,0.1508889860006093,2595.453125,,0.7166666666666667,"{""defective"": 0.7166666666666667}",0.8409716640979813,,8.805965007999475,2595.453125,0.0
p0_anomaly_mvtec|toothbrush|dense_sift|codebook_norm|256|1,p0_anomaly_mvtec,toothbrush,dense_sift,60,42,30,729,21.180537460999403,2,,codebook_norm,256,1,,0.359420929999942,2595.453125,,0.9194444444444445,"{""defective"": 0.9194444444444445}",0.8954395847365474,,8.805965007999475,2595.453125,0.0
p0_anomaly_mvtec|toothbrush|dense_sift|hist_knn|256|1,p0_anomaly_mvtec,toothbrush,dense_sift,60,42,30,729,21.180537460999403,2,,hist_knn,256,1,,0.3078373060006925,2595.453125,,0.8055555555555556,"{""defective"": 0.8055555555555556}",,,8.805965007999475,2595.453125,0.0
p0_anomaly_mvtec|toothbrush|dense_sift|codebook_dist|256|2,p0_anomaly_mvtec,toothbrush,dense_sift,60,42,30,729,21.180537460999403,2,,codebook_dist,256,2,,0.10390537500006758,2595.453125,,0.7138888888888888,"{""defective"": 0.7138888888888888}",0.8381330803865914,,7.640757397000016,2595.453125,0.0
p0_anomaly_mvtec|toothbrush|dense_sift|codebook_norm|256|2,p0_anomaly_mvtec,toothbrush,dense_sift,60,42,30,729,21.180537460999403,2,,codebook_norm,256,2,,0.27706119300000864,2595.453125,,0.9416666666666667,"{""defective"": 0.9416666666666667}",0.8895967941583424,,7.640757397000016,2595.453125,0.0
p0_anomaly_mvtec|toothbrush|dense_sift|hist_knn|256|2,p0_anomaly_mvtec,toothbrush,dense_sift,60,42,30,729,21.180537460999403,2,,hist_knn,256,2,,0.5407070840001325,2595.453125,,0.8888888888888888,"{""defective"": 0.8888888888888888}",,,7.640757397000016,2595.453125,0.0
p0_anomaly_mvtec|toothbrush|dense_sift|codebook_dist|1024|1,p0_anomaly_mvtec,toothbrush,dense_sift,60,42,30,729,21.180537460999403,2,,codebook_dist,1024,1,,0.4271018989993536,2595.453125,,0.7972222222222222,"{""defective"": 0.7972222222222222}",0.8624930974038486,,39.72900110499995,2595.453125,0.0
p0_anomaly_mvtec|toothbrush|dense_sift|codebook_norm|1024|1,p0_anomaly_mvtec,toothbrush,dense_sift,60,42,30,729,21.180537460999403,2,,codebook_norm,1024,1,,0.6751593830003912,2595.453125,,0.9,"{""defective"": 0.9}",0.9152822857427135,,39.72900110499995,2595.453125,0.0
p0_anomaly_mvtec|toothbrush|dense_sift|hist_knn|1024|1,p0_anomaly_mvtec,toothbrush,dense_sift,60,42,30,729,21.180537460999403,2,,hist_knn,1024,1,,0.9488863400001719,2595.453125,,0.7444444444444445,"{""defective"": 0.7444444444444445}",,,39.72900110499995,2595.453125,0.0
p0_anomaly_mvtec|toothbrush|dense_sift|codebook_dist|1024|2,p0_anomaly_mvtec,toothbrush,dense_sift,60,42,30,729,21.180537460999403,2,,codebook_dist,1024,2,,0.3845234990003519,2595.453125,,0.8166666666666668,"{""defective"": 0.8166666666666668}",0.8648402467821833,,39.93807360599931,2595.453125,0.0
p0_anomaly_mvtec|toothbrush|dense_sift|codebook_norm|1024|2,p0_anomaly_mvtec,toothbrush,dense_sift,60,42,30,729,21.180537460999403,2,,codebook_norm,1024,2,,0.7023327139995672,2595.453125,,0.9111111111111111,"{""defective"": 0.9111111111111111}",0.916323414570218,,39.93807360599931,2595.453125,0.0
p0_anomaly_mvtec|toothbrush|dense_sift|hist_knn|1024|2,p0_anomaly_mvtec,toothbrush,dense_sift,60,42,30,729,21.180537460999403,2,,hist_knn,1024,2,,0.9565482640000482,2595.453125,,0.7805555555555556,"{""defective"": 0.7805555555555556}",,,39.93807360599931,2595.453125,0.0
p0_anomaly_mvtec|transistor|dinov2_s|codebook_dist|64|1,p0_anomaly_mvtec,transistor,dinov2_s,213,100,40,1024,19.017880432999846,2,,codebook_dist,64,1,,0.6438656620002803,2595.453125,,0.8799999999999999,"{""bent_lead"": 0.8866666666666667, ""cut_lead"": 0.7399999999999999, ""damaged_case"": 0.98, ""misplaced"": 0.9133333333333333}",0.9186263772354882,,8.339539049999985,2595.453125,0.0
p0_anomaly_mvtec|transistor|dinov2_s|codebook_norm|64|1,p0_anomaly_mvtec,transistor,dinov2_s,213,100,40,1024,19.017880432999846,2,,codebook_norm,64,1,,1.0590283460005594,2595.453125,,0.8899999999999999,"{""bent_lead"": 0.8600000000000001, ""cut_lead"": 0.7466666666666666, ""damaged_case"": 0.99, ""misplaced"": 0.9633333333333334}",0.9407803705299025,,8.339539049999985,2595.453125,0.0
p0_anomaly_mvtec|transistor|dinov2_s|hist_knn|64|1,p0_anomaly_mvtec,transistor,dinov2_s,213,100,40,1024,19.017880432999846,2,,hist_knn,64,1,,1.463684316000581,2595.453125,,0.7979166666666667,"{""bent_lead"": 0.665, ""cut_lead"": 0.8383333333333334, ""damaged_case"": 0.6883333333333334, ""misplaced"": 1.0}",,,8.339539049999985,2595.453125,0.0
p0_anomaly_mvtec|transistor|dinov2_s|codebook_dist|64|2,p0_anomaly_mvtec,transistor,dinov2_s,213,100,40,1024,19.017880432999846,2,,codebook_dist,64,2,,0.45148330600022746,2595.453125,,0.8679166666666667,"{""bent_lead"": 0.8033333333333332, ""cut_lead"": 0.78, ""damaged_case"": 0.9716666666666667, ""misplaced"": 0.9166666666666666}",0.9137865082205106,,10.436194465999506,2595.453125,0.0
p0_anomaly_mvtec|transistor|dinov2_s|codebook_norm|64|2,p0_anomaly_mvtec,transistor,dinov2_s,213,100,40,1024,19.017880432999846,2,,codebook_norm,64,2,,1.063007328999447,2595.453125,,0.8641666666666666,"{""bent_lead"": 0.8716666666666667, ""cut_lead"": 0.7483333333333333, ""damaged_case"": 0.8900000000000001, ""misplaced"": 0.9466666666666667}",0.9315315499034348,,10.436194465999506,2595.453125,0.0
p0_anomaly_mvtec|transistor|dinov2_s|hist_knn|64|2,p0_anomaly_mvtec,transistor,dinov2_s,213,100,40,1024,19.017880432999846,2,,hist_knn,64,2,,1.714211946999967,2595.453125,,0.755,"{""bent_lead"": 0.6983333333333333, ""cut_lead"": 0.7483333333333333, ""damaged_case"": 0.5766666666666667, ""misplaced"": 0.9966666666666666}",,,10.436194465999506,2595.453125,0.0
p0_anomaly_mvtec|transistor|dinov2_s|codebook_dist|256|1,p0_anomaly_mvtec,transistor,dinov2_s,213,100,40,1024,19.017880432999846,2,,codebook_dist,256,1,,0.8208580000000438,2595.453125,,0.9491666666666666,"{""bent_lead"": 0.9299999999999999, ""cut_lead"": 0.9049999999999999, ""damaged_case"": 0.9983333333333333, ""misplaced"": 0.9633333333333333}",0.946280864350251,,29.869925038000474,2595.453125,0.0
p0_anomaly_mvtec|transistor|dinov2_s|codebook_norm|256|1,p0_anomaly_mvtec,transistor,dinov2_s,213,100,40,1024,19.017880432999846,2,,codebook_norm,256,1,,2.39386287599973,2595.453125,,0.9404166666666667,"{""bent_lead"": 0.9266666666666666, ""cut_lead"": 0.855, ""damaged_case"": 0.9983333333333333, ""misplaced"": 0.9816666666666667}",0.9576280232197979,,29.869925038000474,2595.453125,0.0
p0_anomaly_mvtec|transistor|dinov2_s|hist_knn|256|1,p0_anomaly_mvtec,transistor,dinov2_s,213,100,40,1024,19.017880432999846,2,,hist_knn,256,1,,2.657054627999969,2595.453125,,0.7916666666666666,"{""bent_lead"": 0.74, ""cut_lead"": 0.745, ""damaged_case"": 0.6833333333333331, ""misplaced"": 0.9983333333333333}",,,29.869925038000474,2595.453125,0.0
p0_anomaly_mvtec|transistor|dinov2_s|codebook_dist|256|2,p0_anomaly_mvtec,transistor,dinov2_s,213,100,40,1024,19.017880432999846,2,,codebook_dist,256,2,,0.8172563389998686,2595.453125,,0.9512500000000002,"{""bent_lead"": 0.9666666666666667, ""cut_lead"": 0.885, ""damaged_case"": 0.9983333333333333, ""misplaced"": 0.955}",0.9476957832883217,,30.423624726000526,2595.453125,0.0
p0_anomaly_mvtec|transistor|dinov2_s|codebook_norm|256|2,p0_anomaly_mvtec,transistor,dinov2_s,213,100,40,1024,19.017880432999846,2,,codebook_norm,256,2,,2.4727469080007722,2595.453125,,0.9233333333333333,"{""bent_lead"": 0.9133333333333333, ""cut_lead"": 0.8516666666666667, ""damaged_case"": 0.9783333333333333, ""misplaced"": 0.95}",0.9598895773138257,,30.423624726000526,2595.453125,0.0
p0_anomaly_mvtec|transistor|dinov2_s|hist_knn|256|2,p0_anomaly_mvtec,transistor,dinov2_s,213,100,40,1024,19.017880432999846,2,,hist_knn,256,2,,2.610956946999977,2595.453125,,0.78625,"{""bent_lead"": 0.7383333333333333, ""cut_lead"": 0.7483333333333333, ""damaged_case"": 0.6583333333333333, ""misplaced"": 1.0}",,,30.423624726000526,2595.453125,0.0
p0_anomaly_mvtec|transistor|dinov2_s|codebook_dist|1024|1,p0_anomaly_mvtec,transistor,dinov2_s,213,100,40,1024,19.017880432999846,2,,codebook_dist,1024,1,,2.3360823110006095,2595.453125,,0.98625,"{""bent_lead"": 0.9833333333333333, ""cut_lead"": 0.975, ""damaged_case"": 0.9983333333333333, ""misplaced"": 0.9883333333333333}",0.9596537016971158,,107.32564674800051,2595.453125,0.0
p0_anomaly_mvtec|transistor|dinov2_s|codebook_norm|1024|1,p0_anomaly_mvtec,transistor,dinov2_s,213,100,40,1024,19.017880432999846,2,,codebook_norm,1024,1,,6.967777514999398,2595.453125,,0.9525,"{""bent_lead"": 0.97, ""cut_lead"": 0.9366666666666668, ""damaged_case"": 0.915, ""misplaced"": 0.9883333333333333}",0.9674760807261653,,107.32564674800051,2595.453125,0.0
p0_anomaly_mvtec|transistor|dinov2_s|hist_knn|1024|1,p0_anomaly_mvtec,transistor,dinov2_s,213,100,40,1024,19.017880432999846,2,,hist_knn,1024,1,,13.893583536999358,2595.453125,,0.8420833333333334,"{""bent_lead"": 0.8166666666666667, ""cut_lead"": 0.7766666666666666, ""damaged_case"": 0.775, ""misplaced"": 1.0}",,,107.32564674800051,2595.453125,0.0
p0_anomaly_mvtec|transistor|dinov2_s|codebook_dist|1024|2,p0_anomaly_mvtec,transistor,dinov2_s,213,100,40,1024,19.017880432999846,2,,codebook_dist,1024,2,,3.7493440859998373,2595.453125,,0.9608333333333334,"{""bent_lead"": 0.965, ""cut_lead"": 0.9316666666666666, ""damaged_case"": 0.9933333333333334, ""misplaced"": 0.9533333333333334}",0.9585360559631373,,104.42334335099986,2595.453125,0.0
p0_anomaly_mvtec|transistor|dinov2_s|codebook_norm|1024|2,p0_anomaly_mvtec,transistor,dinov2_s,213,100,40,1024,19.017880432999846,2,,codebook_norm,1024,2,,5.203763493999759,2595.453125,,0.9637500000000001,"{""bent_lead"": 0.965, ""cut_lead"": 0.9533333333333334, ""damaged_case"": 0.9550000000000001, ""misplaced"": 0.9816666666666667}",0.9653831102952397,,104.42334335099986,2595.453125,0.0
p0_anomaly_mvtec|transistor|dinov2_s|hist_knn|1024|2,p0_anomaly_mvtec,transistor,dinov2_s,213,100,40,1024,19.017880432999846,2,,hist_knn,1024,2,,9.106605705999755,2595.453125,,0.7904166666666667,"{""bent_lead"": 0.7883333333333333, ""cut_lead"": 0.685, ""damaged_case"": 0.7033333333333334, ""misplaced"": 0.985}",,,104.42334335099986,2595.453125,0.0
p0_anomaly_mvtec|transistor|dense_sift|codebook_dist|64|1,p0_anomaly_mvtec,transistor,dense_sift,213,100,40,729,66.05681677900066,2,,codebook_dist,64,1,,0.20789505599987024,2595.453125,,0.7016666666666667,"{""bent_lead"": 0.6833333333333332, ""cut_lead"": 0.5383333333333333, ""damaged_case"": 0.6283333333333333, ""misplaced"": 0.9566666666666667}",0.8872205040397106,,3.0429160670000783,2595.453125,0.0
p0_anomaly_mvtec|transistor|dense_sift|codebook_norm|64|1,p0_anomaly_mvtec,transistor,dense_sift,213,100,40,729,66.05681677900066,2,,codebook_norm,64,1,,0.35999952900056087,2595.453125,,0.8741666666666666,"{""bent_lead"": 0.8733333333333333, ""cut_lead"": 0.8333333333333333, ""damaged_case"": 0.7966666666666666, ""misplaced"": 0.9933333333333333}",0.9494897664153618,,3.0429160670000783,2595.453125,0.0
p0_anomaly_mvtec|transistor|dense_sift|hist_knn|64|1,p0_anomaly_mvtec,transistor,dense_sift,213,100,40,729,66.05681677900066,2,,hist_knn,64,1,,0.40085678000014013,2595.453125,,0.7995833333333333,"{""bent_lead"": 0.7800000000000001, ""cut_lead"": 0.715, ""damaged_case"": 0.705, ""misplaced"": 0.9983333333333333}",,,3.0429160670000783,2595.453125,0.0
p0_anomaly_mvtec|transistor|dense_sift|codebook_dist|64|2,p0_anomaly_mvtec,transistor,dense_sift,213,100,40,729,66.05681677900066,2,,codebook_dist,64,2,,0.12766162900061317,2595.453125,,0.7887500000000001,"{""bent_lead"": 0.8200000000000001, ""cut_lead"": 0.72, ""damaged_case"": 0.6733333333333333, ""misplaced"": 0.9416666666666667}",0.8853398307053931,,2.472780437000438,2595.453125,0.0
p0_anomaly_mvtec|transistor|dense_sift|codebook_norm|64|2,p0_anomaly_mvtec,transistor,dense_sift,213,100,40,729,66.05681677900066,2,,codebook_norm,64,2,,0.36369157599983737,2595.453125,,0.7983333333333333,"{""bent_lead"": 0.7816666666666666, ""cut_lead"": 0.7183333333333333, ""damaged_case"": 0.715, ""misplaced"": 0.9783333333333334}",0.9462175702001584,,2.472780437000438,2595.453125,0.0
p0_anomaly_mvtec|transistor|dense_sift|hist_knn|64|2,p0_anomaly_mvtec,transistor,dense_sift,213,100,40,729,66.05681677900066,2,,hist_knn,64,2,,0.6559506859994144,2595.453125,,0.7975,"{""bent_lead"": 0.7583333333333334, ""cut_lead"": 0.7233333333333334, ""damaged_case"": 0.7183333333333334, ""misplaced"": 0.99}",,,2.472780437000438,2595.453125,0.0
p0_anomaly_mvtec|transistor|dense_sift|codebook_dist|256|1,p0_anomaly_mvtec,transistor,dense_sift,213,100,40,729,66.05681677900066,2,,codebook_dist,256,1,,0.30036768700028915,2595.453125,,0.8641666666666666,"{""bent_lead"": 0.9233333333333333, ""cut_lead"": 0.6983333333333334, ""damaged_case"": 0.835, ""misplaced"": 1.0}",0.9526946736683214,,9.081086732000585,2595.453125,0.0
p0_anomaly_mvtec|transistor|dense_sift|codebook_norm|256|1,p0_anomaly_mvtec,transistor,dense_sift,213,100,40,729,66.05681677900066,2,,codebook_norm,256,1,,1.0986913320002714,2595.453125,,0.8620833333333333,"{""bent_lead"": 0.8716666666666667, ""cut_lead"": 0.815, ""damaged_case"": 0.7616666666666667, ""misplaced"": 1.0}",0.9677142980864283,,9.081086732000585,2595.453125,0.0
p0_anomaly_mvtec|transistor|dense_sift|hist_knn|256|1,p0_anomaly_mvtec,transistor,dense_sift,213,100,40,729,66.05681677900066,2,,hist_knn,256,1,,0.8869758749997345,2595.453125,,0.7804166666666666,"{""bent_lead"": 0.7233333333333333, ""cut_lead"": 0.755, ""damaged_case"": 0.645, ""misplaced"": 0.9983333333333333}",,,9.081086732000585,2595.453125,0.0
p0_anomaly_mvtec|transistor|dense_sift|codebook_dist|256|2,p0_anomaly_mvtec,transistor,dense_sift,213,100,40,729,66.05681677900066,2,,codebook_dist,256,2,,0.45582959599960304,2595.453125,,0.8379166666666668,"{""bent_lead"": 0.8883333333333333, ""cut_lead"": 0.6066666666666666, ""damaged_case"": 0.8566666666666667, ""misplaced"": 1.0}",0.952661254274293,,10.528539308999825,2595.453125,0.0
p0_anomaly_mvtec|transistor|dense_sift|codebook_norm|256|2,p0_anomaly_mvtec,transistor,dense_sift,213,100,40,729,66.05681677900066,2,,codebook_norm,256,2,,0.753208819000065,2595.453125,,0.8666666666666667,"{""bent_lead"": 0.8600000000000001, ""cut_lead"": 0.8150000000000001, ""damaged_case"": 0.7916666666666667, ""misplaced"": 1.0}",0.9667834144851579,,10.528539308999825,2595.453125,0.0
p0_anomaly_mvtec|transistor|dense_sift|hist_knn|256|2,p0_anomaly_mvtec,transistor,dense_sift,213,100,40,729,66.05681677900066,2,,hist_knn,256,2,,0.9186545219999971,2595.453125,,0.79375,"{""bent_lead"": 0.7333333333333333, ""cut_lead"": 0.7533333333333333, ""damaged_case"": 0.6916666666666667, ""misplaced"": 0.9966666666666667}",,,10.528539308999825,2595.453125,0.0
p0_anomaly_mvtec|transistor|dense_sift|codebook_dist|1024|1,p0_anomaly_mvtec,transistor,dense_sift,213,100,40,729,66.05681677900066,2,,codebook_dist,1024,1,,0.9132279959994776,2595.453125,,0.90625,"{""bent_lead"": 0.8983333333333333, ""cut_lead"": 0.8233333333333334, ""damaged_case"": 0.9033333333333333, ""misplaced"": 1.0}",0.9661042207280309,,43.620049574000404,2595.453125,0.0
p0_anomaly_mvtec|transistor|dense_sift|codebook_norm|1024|1,p0_anomaly_mvtec,transistor,dense_sift,213,100,40,729,66.05681677900066,2,,codebook_norm,1024,1,,2.156343489000392,2595.453125,,0.9170833333333334,"{""bent_lead"": 0.9483333333333334, ""cut_lead"": 0.8633333333333334, ""damaged_case"": 0.8566666666666667, ""misplaced"": 1.0}",0.9689905514119814,,43.620049574000404,2595.453125,0.0
p0_anomaly_mvtec|transistor|dense_sift|hist_knn|1024|1,p0_anomaly_mvtec,transistor,dense_sift,213,100,40,729,66.05681677900066,2,,hist_knn,1024,1,,3.2788888699997187,2595.453125,,0.7708333333333334,"{""bent_lead"": 0.7066666666666666, ""cut_lead"": 0.7666666666666666, ""damaged_case"": 0.61, ""misplaced"": 1.0}",,,43.620049574000404,2595.453125,0.0
p0_anomaly_mvtec|transistor|dense_sift|codebook_dist|1024|2,p0_anomaly_mvtec,transistor,dense_sift,213,100,40,729,66.05681677900066,2,,codebook_dist,1024,2,,1.2149836810003762,2595.453125,,0.9095833333333333,"{""bent_lead"": 0.9049999999999999, ""cut_lead"": 0.8466666666666667, ""damaged_case"": 0.8866666666666666, ""misplaced"": 1.0}",0.9661676011717298,,43.19995333099905,2595.453125,0.0
p0_anomaly_mvtec|transistor|dense_sift|codebook_norm|1024|2,p0_anomaly_mvtec,transistor,dense_sift,213,100,40,729,66.05681677900066,2,,codebook_norm,1024,2,,2.1003121670000837,2595.453125,,0.9104166666666668,"{""bent_lead"": 0.9383333333333332, ""cut_lead"": 0.8683333333333333, ""damaged_case"": 0.8350000000000001, ""misplaced"": 1.0}",0.9700238700593178,,43.19995333099905,2595.453125,0.0
p0_anomaly_mvtec|transistor|dense_sift|hist_knn|1024|2,p0_anomaly_mvtec,transistor,dense_sift,213,100,40,729,66.05681677900066,2,,hist_knn,1024,2,,3.097281799000484,2595.453125,,0.78125,"{""bent_lead"": 0.71, ""cut_lead"": 0.7766666666666666, ""damaged_case"": 0.6383333333333334, ""misplaced"": 1.0}",,,43.19995333099905,2595.453125,0.0
p0_anomaly_mvtec|wood|dinov2_s|codebook_dist|64|1,p0_anomaly_mvtec,wood,dinov2_s,247,79,60,1024,19.71069652499955,2,,codebook_dist,64,1,,0.3327538210014609,2595.453125,,0.987719298245614,"{""color"": 0.993421052631579, ""combined"": 1.0, ""hole"": 0.9842105263157894, ""liquid"": 1.0, ""scratch"": 0.974937343358396}",0.9443013274668615,,10.74662325799909,2595.453125,0.0
p0_anomaly_mvtec|wood|dinov2_s|codebook_norm|64|1,p0_anomaly_mvtec,wood,dinov2_s,247,79,60,1024,19.71069652499955,2,,codebook_norm,64,1,,1.1940776179999375,2595.453125,,0.987719298245614,"{""color"": 0.993421052631579, ""combined"": 1.0, ""hole"": 0.9473684210526315, ""liquid"": 1.0, ""scratch"": 0.9924812030075187}",0.9363162607968983,,10.74662325799909,2595.453125,0.0
p0_anomaly_mvtec|wood|dinov2_s|hist_knn|64|1,p0_anomaly_mvtec,wood,dinov2_s,247,79,60,1024,19.71069652499955,2,,hist_knn,64,1,,2.249503968998397,2595.453125,,0.6824561403508772,"{""color"": 0.611842105263158, ""combined"": 0.7033492822966507, ""hole"": 0.5105263157894737, ""liquid"": 0.7789473684210526, ""scratch"": 0.7343358395989975}",,,10.74662325799909,2595.453125,0.0
p0_anomaly_mvtec|wood|dinov2_s|codebook_dist|64|2,p0_anomaly_mvtec,wood,dinov2_s,247,79,60,1024,19.71069652499955,2,,codebook_dist,64,2,,0.34227788600037456,2595.453125,,0.9780701754385964,"{""color"": 0.993421052631579, ""combined"": 0.9808612440191388, ""hole"": 0.9578947368421052, ""liquid"": 1.0, ""scratch"": 0.9699248120300752}",0.9428559209810482,,7.696191845001522,2595.453125,0.0
p0_anomaly_mvtec|wood|dinov2_s|codebook_norm|64|2,p0_anomaly_mvtec,wood,dinov2_s,247,79,60,1024,19.71069652499955,2,,codebook_norm,64,2,,1.2897094099989772,2595.453125,,0.9789473684210526,"{""color"": 1.0, ""combined"": 0.9808612440191387, ""hole"": 0.9421052631578948, ""liquid"": 1.0, ""scratch"": 0.9774436090225564}",0.93531053286186,,7.696191845001522,2595.453125,0.0
p0_anomaly_mvtec|wood|dinov2_s|hist_knn|64|2,p0_anomaly_mvtec,wood,dinov2_s,247,79,60,1024,19.71069652499955,2,,hist_knn,64,2,,1.9958751069989376,2595.453125,,0.7622807017543859,"{""color"": 0.7960526315789473, ""combined"": 0.8325358851674641, ""hole"": 0.7315789473684211, ""liquid"": 0.7421052631578947, ""scratch"": 0.7368421052631579}",,,7.696191845001522,2595.453125,0.0
p0_anomaly_mvtec|wood|dinov2_s|codebook_dist|256|1,p0_anomaly_mvtec,wood,dinov2_s,247,79,60,1024,19.71069652499955,2,,codebook_dist,256,1,,0.9546192070010875,2595.453125,,0.993859649122807,"{""color"": 1.0, ""combined"": 1.0, ""hole"": 1.0, ""liquid"": 1.0, ""scratch"": 0.9824561403508771}",0.9473632366232533,,28.615194263999,2595.453125,0.0
p0_anomaly_mvtec|wood|dinov2_s|codebook_norm|256|1,p0_anomaly_mvtec,wood,dinov2_s,247,79,60,1024,19.71069652499955,2,,codebook_norm,256,1,,2.1661220739988494,2595.453125,,0.993859649122807,"{""color"": 1.0, ""combined"": 0.9952153110047848, ""hole"": 0.9842105263157894, ""liquid"": 1.0, ""scratch"": 0.9924812030075187}",0.9342789437436688,,28.615194263999,2595.453125,0.0
p0_anomaly_mvtec|wood|dinov2_s|hist_knn|256|1,p0_anomaly_mvtec,wood,dinov2_s,247,79,60,1024,19.71069652499955,2,,hist_knn,256,1,,2.6988115339991054,2595.453125,,0.7333333333333333,"{""color"": 0.6052631578947368, ""combined"": 0.7559808612440191, ""hole"": 0.5526315789473685, ""liquid"": 0.8210526315789475, ""scratch"": 0.8145363408521303}",,,28.615194263999,2595.453125,0.0
p0_anomaly_mvtec|wood|dinov2_s|codebook_dist|256|2,p0_anomaly_mvtec,wood,dinov2_s,247,79,60,1024,19.71069652499955,2,,codebook_dist,256,2,,0.6498093610007345,2595.453125,,0.9982456140350877,"{""color"": 1.0, ""combined"": 1.0, ""hole"": 1.0, ""liquid"": 1.0, ""scratch"": 0.9949874686716792}",0.947908636315519,,31.462878539001395,2595.453125,0.0
p0_anomaly_mvtec|wood|dinov2_s|codebook_norm|256|2,p0_anomaly_mvtec,wood,dinov2_s,247,79,60,1024,19.71069652499955,2,,codebook_norm,256,2,,2.9767615769997064,2595.453125,,0.9903508771929825,"{""color"": 0.980263157894737, ""combined"": 0.9856459330143541, ""hole"": 0.9789473684210527, ""liquid"": 1.0, ""scratch"": 0.9974937343358397}",0.9386164178920107,,31.462878539001395,2595.453125,0.0
p0_anomaly_mvtec|wood|dinov2_s|hist_knn|256|2,p0_anomaly_mvtec,wood,dinov2_s,247,79,60,1024,19.71069652499955,2,,hist_knn,256,2,,2.696141266998893,2595.453125,,0.7289473684210527,"{""color"": 0.6052631578947368, ""combined"": 0.8086124401913876, ""hole"": 0.6, ""liquid"": 0.8263157894736843, ""scratch"": 0.7493734335839599}",,,31.462878539001395,2595.453125,0.0
p0_anomaly_mvtec|wood|dinov2_s|codebook_dist|1024|1,p0_anomaly_mvtec,wood,dinov2_s,247,79,60,1024,19.71069652499955,2,,codebook_dist,1024,1,,2.9366715390005993,2595.453125,,0.9947368421052631,"{""color"": 0.993421052631579, ""combined"": 1.0, ""hole"": 1.0, ""liquid"": 1.0, ""scratch"": 0.987468671679198}",0.9496928365031152,,113.82217592699999,2595.453125,0.0
p0_anomaly_mvtec|wood|dinov2_s|codebook_norm|1024|1,p0_anomaly_mvtec,wood,dinov2_s,247,79,60,1024,19.71069652499955,2,,codebook_norm,1024,1,,6.574823331999141,2595.453125,,0.9921052631578947,"{""color"": 0.9868421052631579, ""combined"": 1.0, ""hole"": 0.9947368421052633, ""liquid"": 1.0, ""scratch"": 0.9849624060150376}",0.9350161317270482,,113.82217592699999,2595.453125,0.0
p0_anomaly_mvtec|wood|dinov2_s|hist_knn|1024|1,p0_anomaly_mvtec,wood,dinov2_s,247,79,60,1024,19.71069652499955,2,,hist_knn,1024,1,,9.466465326999241,2595.453125,,0.7324561403508771,"{""color"": 0.5328947368421053, ""combined"": 0.8516746411483255, ""hole"": 0.5210526315789474, ""liquid"": 0.8789473684210527, ""scratch"": 0.7769423558897243}",,,113.82217592699999,2595.453125,0.0
p0_anomaly_mvtec|wood|dinov2_s|codebook_dist|1024|2,p0_anomaly_mvtec,wood,dinov2_s,247,79,60,1024,19.71069652499955,2,,codebook_dist,1024,2,,2.148428344999047,2595.453125,,0.987719298245614,"{""color"": 1.0, ""combined"": 0.9808612440191388, ""hole"": 0.9894736842105263, ""liquid"": 1.0, ""scratch"": 0.9799498746867168}",0.9488746415472602,,111.34483978199933,2595.453125,0.0
p0_anomaly_mvtec|wood|dinov2_s|codebook_norm|1024|2,p0_anomaly_mvtec,wood,dinov2_s,247,79,60,1024,19.71069652499955,2,,codebook_norm,1024,2,,6.987051247000636,2595.453125,,0.9850877192982456,"{""color"": 0.993421052631579, ""combined"": 0.9760765550239234, ""hole"": 0.9578947368421052, ""liquid"": 1.0, ""scratch"": 0.9924812030075187}",0.9365457199237313,,111.34483978199933,2595.453125,0.0
p0_anomaly_mvtec|wood|dinov2_s|hist_knn|1024|2,p0_anomaly_mvtec,wood,dinov2_s,247,79,60,1024,19.71069652499955,2,,hist_knn,1024,2,,7.537528413000473,2595.453125,,0.6903508771929824,"{""color"": 0.4605263157894737, ""combined"": 0.8133971291866029, ""hole"": 0.4736842105263158, ""liquid"": 0.8052631578947368, ""scratch"": 0.7619047619047619}",,,111.34483978199933,2595.453125,0.0
p0_anomaly_mvtec|wood|dense_sift|codebook_dist|64|1,p0_anomaly_mvtec,wood,dense_sift,247,79,60,729,76.7232941960001,2,,codebook_dist,64,1,,0.11293500100146048,2595.453125,,0.6807017543859649,"{""color"": 0.6447368421052633, ""combined"": 0.8421052631578948, ""hole"": 0.631578947368421, ""liquid"": 0.7578947368421053, ""scratch"": 0.5964912280701754}",0.7568919539260253,,3.6743921819997922,2595.453125,0.0
p0_anomaly_mvtec|wood|dense_sift|codebook_norm|64|1,p0_anomaly_mvtec,wood,dense_sift,247,79,60,729,76.7232941960001,2,,codebook_norm,64,1,,0.37171386600130063,2595.453125,,0.7359649122807017,"{""color"": 0.7105263157894737, ""combined"": 0.8947368421052632, ""hole"": 0.7631578947368421, ""liquid"": 0.7789473684210526, ""scratch"": 0.6290726817042607}",0.7729163463502648,,3.6743921819997922,2595.453125,0.0
p0_anomaly_mvtec|wood|dense_sift|hist_knn|64|1,p0_anomaly_mvtec,wood,dense_sift,247,79,60,729,76.7232941960001,2,,hist_knn,64,1,,0.40387923500020406,2595.453125,,0.5236842105263159,"{""color"": 0.48026315789473684, ""combined"": 0.5933014354066986, ""hole"": 0.5421052631578948, ""liquid"": 0.4631578947368421, ""scratch"": 0.5238095238095237}",,,3.6743921819997922,2595.453125,0.0
p0_anomaly_mvtec|wood|dense_sift|codebook_dist|64|2,p0_anomaly_mvtec,wood,dense_sift,247,79,60,729,76.7232941960001,2,,codebook_dist,64,2,,0.07667176800168818,2595.453125,,0.6657894736842105,"{""color"": 0.618421052631579, ""combined"": 0.8086124401913876, ""hole"": 0.6157894736842106, ""liquid"": 0.7263157894736842, ""scratch"": 0.6040100250626567}",0.7597486848566846,,2.3769933080002374,2595.453125,0.0
p0_anomaly_mvtec|wood|dense_sift|codebook_norm|64|2,p0_anomaly_mvtec,wood,dense_sift,247,79,60,729,76.7232941960001,2,,codebook_norm,64,2,,0.63328853999883,2595.453125,,0.6728070175438596,"{""color"": 0.7105263157894737, ""combined"": 0.7894736842105263, ""hole"": 0.7210526315789474, ""liquid"": 0.7578947368421053, ""scratch"": 0.5338345864661654}",0.7950851249013157,,2.3769933080002374,2595.453125,0.0
p0_anomaly_mvtec|wood|dense_sift|hist_knn|64|2,p0_anomaly_mvtec,wood,dense_sift,247,79,60,729,76.7232941960001,2,,hist_knn,64,2,,0.38488892299938016,2595.453125,,0.5175438596491229,"{""color"": 0.3486842105263158, ""combined"": 0.6507177033492823, ""hole"": 0.4578947368421053, ""liquid"": 0.46842105263157896, ""scratch"": 0.5639097744360902}",,,2.3769933080002374,2595.453125,0.0
p0_anomaly_mvtec|wood|dense_sift|codebook_dist|256|1,p0_anomaly_mvtec,wood,dense_sift,247,79,60,729,76.7232941960001,2,,codebook_dist,256,1,,0.3470516729994415,2595.453125,,0.6745614035087719,"{""color"": 0.6710526315789475, ""combined"": 0.8421052631578948, ""hole"": 0.6526315789473685, ""liquid"": 0.736842105263158, ""scratch"": 0.568922305764411}",0.7790338719170803,,9.832965534000323,2595.453125,0.0
p0_anomaly_mvtec|wood|dense_sift|codebook_norm|256|1,p0_anomaly_mvtec,wood,dense_sift,247,79,60,729,76.7232941960001,2,,codebook_norm,256,1,,0.9136437569995906,2595.453125,,0.7640350877192983,"{""color"": 0.7828947368421052, ""combined"": 0.8899521531100478, ""hole"": 0.8105263157894738, ""liquid"": 0.7842105263157895, ""scratch"": 0.6591478696741855}",0.768853913951734,,9.832965534000323,2595.453125,0.0
p0_anomaly_mvtec|wood|dense_sift|hist_knn|256|1,p0_anomaly_mvtec,wood,dense_sift,247,79,60,729,76.7232941960001,2,,hist_knn,256,1,,0.9368032060010592,2595.453125,,0.5315789473684212,"{""color"": 0.4605263157894737, ""combined"": 0.5789473684210525, ""hole"": 0.6421052631578947, ""liquid"": 0.47368421052631576, ""scratch"": 0.5087719298245614}",,,9.832965534000323,2595.453125,0.0
p0_anomaly_mvtec|wood|dense_sift|codebook_dist|256|2,p0_anomaly_mvtec,wood,dense_sift,247,79,60,729,76.7232941960001,2,,codebook_dist,256,2,,0.32929670700104907,2595.453125,,0.6570175438596492,"{""color"": 0.6315789473684211, ""combined"": 0.8421052631578948, ""hole"": 0.6052631578947368, ""liquid"": 0.7052631578947369, ""scratch"": 0.5714285714285714}",0.7820904190139052,,10.80123760800052,2595.453125,0.0
p0_anomaly_mvtec|wood|dense_sift|codebook_norm|256|2,p0_anomaly_mvtec,wood,dense_sift,247,79,60,729,76.7232941960001,2,,codebook_norm,256,2,,0.8334773619990301,2595.453125,,0.75,"{""color"": 0.7960526315789473, ""combined"": 0.8851674641148325, ""hole"": 0.8157894736842105, ""liquid"": 0.7842105263157895, ""scratch"": 0.6140350877192983}",0.7884332799675158,,10.80123760800052,2595.453125,0.0
p0_anomaly_mvtec|wood|dense_sift|hist_knn|256|2,p0_anomaly_mvtec,wood,dense_sift,247,79,60,729,76.7232941960001,2,,hist_knn,256,2,,0.933516363000308,2595.453125,,0.5236842105263159,"{""color"": 0.46710526315789475, ""combined"": 0.5693779904306221, ""hole"": 0.5736842105263158, ""liquid"": 0.4421052631578948, ""scratch"": 0.5363408521303259}",,,10.80123760800052,2595.453125,0.0
p0_anomaly_mvtec|wood|dense_sift|codebook_dist|1024|1,p0_anomaly_mvtec,wood,dense_sift,247,79,60,729,76.7232941960001,2,,codebook_dist,1024,1,,0.7392943120012205,2595.453125,,0.6543859649122807,"{""color"": 0.6578947368421053, ""combined"": 0.8373205741626795, ""hole"": 0.6105263157894737, ""liquid"": 0.7526315789473684, ""scratch"": 0.531328320802005}",0.7913671446395276,,44.95088489899899,2595.453125,0.0
p0_anomaly_mvtec|wood|dense_sift|codebook_norm|1024|1,p0_anomaly_mvtec,wood,dense_sift,247,79,60,729,76.7232941960001,2,,codebook_norm,1024,1,,2.4407834490011737,2595.453125,,0.7780701754385965,"{""color"": 0.8421052631578947, ""combined"": 0.8899521531100478, ""hole"": 0.8210526315789474, ""liquid"": 0.8263157894736842, ""scratch"": 0.6516290726817042}",0.8016529077978127,,44.95088489899899,2595.453125,0.0
p0_anomaly_mvtec|wood|dense_sift|hist_knn|1024|1,p0_anomaly_mvtec,wood,dense_sift,247,79,60,729,76.7232941960001,2,,hist_knn,1024,1,,3.923841124000319,2595.453125,,0.6175438596491228,"{""color"": 0.5986842105263157, ""combined"": 0.6363636363636364, ""hole"": 0.6631578947368422, ""liquid"": 0.6526315789473685, ""scratch"": 0.5764411027568922}",,,44.95088489899899,2595.453125,0.0
p0_anomaly_mvtec|wood|dense_sift|codebook_dist|1024|2,p0_anomaly_mvtec,wood,dense_sift,247,79,60,729,76.7232941960001,2,,codebook_dist,1024,2,,1.0708221219992993,2595.453125,,0.6429824561403509,"{""color"": 0.618421052631579, ""combined"": 0.8421052631578947, ""hole"": 0.5894736842105264, ""liquid"": 0.7578947368421054, ""scratch"": 0.518796992481203}",0.7919167777251225,,43.592656749000525,2595.453125,0.0
p0_anomaly_mvtec|wood|dense_sift|codebook_norm|1024|2,p0_anomaly_mvtec,wood,dense_sift,247,79,60,729,76.7232941960001,2,,codebook_norm,1024,2,,2.4424204160004592,2595.453125,,0.786842105263158,"{""color"": 0.8092105263157895, ""combined"": 0.8947368421052632, ""hole"": 0.7947368421052632, ""liquid"": 0.8105263157894738, ""scratch"": 0.7067669172932332}",0.8071081322721245,,43.592656749000525,2595.453125,0.0
p0_anomaly_mvtec|wood|dense_sift|hist_knn|1024|2,p0_anomaly_mvtec,wood,dense_sift,247,79,60,729,76.7232941960001,2,,hist_knn,1024,2,,2.992361284999788,2595.453125,,0.6342105263157894,"{""color"": 0.6710526315789475, ""combined"": 0.6459330143540669, ""hole"": 0.6894736842105263, ""liquid"": 0.6473684210526316, ""scratch"": 0.581453634085213}",,,43.592656749000525,2595.453125,0.0
p0_anomaly_mvtec|zipper|dinov2_s|codebook_dist|64|1,p0_anomaly_mvtec,zipper,dinov2_s,240,151,119,1024,13.428216547000375,2,,codebook_dist,64,1,,0.699855380000372,2595.453125,,0.9866071428571429,"{""broken_teeth"": 1.0, ""combined"": 0.982421875, ""fabric_border"": 1.0, ""fabric_interior"": 1.0, ""rough"": 1.0, ""split_teeth"": 0.9913194444444444, ""squeezed_teeth"": 0.927734375}",0.9113158820007671,,10.507684366999456,2595.453125,0.0
p0_anomaly_mvtec|zipper|dinov2_s|codebook_norm|64|1,p0_anomaly_mvtec,zipper,dinov2_s,240,151,119,1024,13.428216547000375,2,,codebook_norm,64,1,,1.191368252999382,2595.453125,,0.9879201680672269,"{""broken_teeth"": 1.0, ""combined"": 0.998046875, ""fabric_border"": 1.0, ""fabric_interior"": 0.994140625, ""rough"": 1.0, ""split_teeth"": 0.984375, ""squeezed_teeth"": 0.935546875}",0.9698701142849164,,10.507684366999456,2595.453125,0.0
p0_anomaly_mvtec|zipper|dinov2_s|hist_knn|64|1,p0_anomaly_mvtec,zipper,dinov2_s,240,151,119,1024,13.428216547000375,2,,hist_knn,64,1,,1.8575517740009673,2595.453125,,0.8203781512605042,"{""broken_teeth"": 0.7664473684210527, ""combined"": 0.859375, ""fabric_border"": 0.8860294117647058, ""fabric_interior"": 0.775390625, ""rough"": 0.8933823529411764, ""split_teeth"": 0.8107638888888888, ""squeezed_teeth"": 0.75390625}",,,10.507684366999456,2595.453125,0.0
p0_anomaly_mvtec|zipper|dinov2_s|codebook_dist|64|2,p0_anomaly_mvtec,zipper,dinov2_s,240,151,119,1024,13.428216547000375,2,,codebook_dist,64,2,,0.7438400259998161,2595.453125,,0.9887079831932772,"{""broken_teeth"": 0.9983552631578947, ""combined"": 0.99609375, ""fabric_border"": 1.0, ""fabric_interior"": 1.0, ""rough"": 1.0, ""split_teeth"": 0.9930555555555556, ""squeezed_teeth"": 0.9296875}",0.908984419043984,,6.8262574809996295,2595.453125,0.0
p0_anomaly_mvtec|zipper|dinov2_s|codebook_norm|64|2,p0_anomaly_mvtec,zipper,dinov2_s,240,151,119,1024,13.428216547000375,2,,codebook_norm,64,2,,1.2263149609989341,2595.453125,,0.9915966386554622,"{""broken_teeth"": 0.9983552631578947, ""combined"": 0.9921875, ""fabric_border"": 1.0, ""fabric_interior"": 0.998046875, ""rough"": 0.9981617647058824, ""split_teeth"": 0.9878472222222222, ""squeezed_teeth"": 0.96484375}",0.9681944987778612,,6.8262574809996295,2595.453125,0.0
p0_anomaly_mvtec|zipper|dinov2_s|hist_knn|64|2,p0_anomaly_mvtec,zipper,dinov2_s,240,151,119,1024,13.428216547000375,2,,hist_knn,64,2,,1.7933738640003867,2595.453125,,0.8419117647058824,"{""broken_teeth"": 0.7763157894736842, ""combined"": 0.892578125, ""fabric_border"": 0.9154411764705882, ""fabric_interior"": 0.791015625, ""rough"": 0.9080882352941176, ""split_teeth"": 0.9079861111111112, ""squeezed_teeth"": 0.697265625}",,,6.8262574809996295,2595.453125,0.0
p0_anomaly_mvtec|zipper|dinov2_s|codebook_dist|256|1,p0_anomaly_mvtec,zipper,dinov2_s,240,151,119,1024,13.428216547000375,2,,codebook_dist,256,1,,1.2103415120000136,2595.453125,,0.9947478991596639,"{""broken_teeth"": 1.0, ""combined"": 0.998046875, ""fabric_border"": 1.0, ""fabric_interior"": 1.0, ""rough"": 1.0, ""split_teeth"": 1.0, ""squeezed_teeth"": 0.962890625}",0.945128637963096,,28.714346786999158,2595.453125,0.0
p0_anomaly_mvtec|zipper|dinov2_s|codebook_norm|256|1,p0_anomaly_mvtec,zipper,dinov2_s,240,151,119,1024,13.428216547000375,2,,codebook_norm,256,1,,2.963685697000983,2595.453125,,0.9984243697478992,"{""broken_teeth"": 1.0, ""combined"": 1.0, ""fabric_border"": 1.0, ""fabric_interior"": 1.0, ""rough"": 1.0, ""split_teeth"": 0.9947916666666666, ""squeezed_teeth"": 0.994140625}",0.9765970967719553,,28.714346786999158,2595.453125,0.0
p0_anomaly_mvtec|zipper|dinov2_s|hist_knn|256|1,p0_anomaly_mvtec,zipper,dinov2_s,240,151,119,1024,13.428216547000375,2,,hist_knn,256,1,,3.255487803999131,2595.453125,,0.8542542016806722,"{""broken_teeth"": 0.7335526315789473, ""combined"": 0.919921875, ""fabric_border"": 0.9393382352941176, ""fabric_interior"": 0.888671875, ""rough"": 0.8768382352941176, ""split_teeth"": 0.8298611111111112, ""squeezed_teeth"": 0.810546875}",,,28.714346786999158,2595.453125,0.0
p0_anomaly_mvtec|zipper|dinov2_s|codebook_dist|256|2,p0_anomaly_mvtec,zipper,dinov2_s,240,151,119,1024,13.428216547000375,2,,codebook_dist,256,2,,1.2011516799993842,2595.453125,,0.9957983193277311,"{""broken_teeth"": 1.0, ""combined"": 0.99609375, ""fabric_border"": 1.0, ""fabric_interior"": 1.0, ""rough"": 1.0, ""split_teeth"": 1.0, ""squeezed_teeth"": 0.97265625}",0.9454642707645362,,31.211764826000945,2595.453125,0.0
p0_anomaly_mvtec|zipper|dinov2_s|codebook_norm|256|2,p0_anomaly_mvtec,zipper,dinov2_s,240,151,119,1024,13.428216547000375,2,,codebook_norm,256,2,,2.0132923889996164,2595.453125,,0.9978991596638656,"{""broken_teeth"": 1.0, ""combined"": 0.994140625, ""fabric_border"": 1.0, ""fabric_interior"": 1.0, ""rough"": 1.0, ""split_teeth"": 0.9965277777777778, ""squeezed_teeth"": 0.994140625}",0.9785176951168285,,31.211764826000945,2595.453125,0.0
p0_anomaly_mvtec|zipper|dinov2_s|hist_knn|256|2,p0_anomaly_mvtec,zipper,dinov2_s,240,151,119,1024,13.428216547000375,2,,hist_knn,256,2,,3.272609581999859,2595.453125,,0.8033088235294117,"{""broken_teeth"": 0.6398026315789473, ""combined"": 0.884765625, ""fabric_border"": 0.9080882352941176, ""fabric_interior"": 0.791015625, ""rough"": 0.8290441176470589, ""split_teeth"": 0.8524305555555556, ""squeezed_teeth"": 0.734375}",,,31.211764826000945,2595.453125,0.0
p0_anomaly_mvtec|zipper|dinov2_s|codebook_dist|1024|1,p0_anomaly_mvtec,zipper,dinov2_s,240,151,119,1024,13.428216547000375,2,,codebook_dist,1024,1,,3.7737448230000155,2595.453125,,0.9936974789915967,"{""broken_teeth"": 1.0, ""combined"": 1.0, ""fabric_border"": 1.0, ""fabric_interior"": 1.0, ""rough"": 1.0, ""split_teeth"": 1.0, ""squeezed_teeth"": 0.953125}",0.9542818949224965,,115.80292143200131,2595.453125,0.0
p0_anomaly_mvtec|zipper|dinov2_s|codebook_norm|1024|1,p0_anomaly_mvtec,zipper,dinov2_s,240,151,119,1024,13.428216547000375,2,,codebook_norm,1024,1,,7.346464387001106,2595.453125,,0.9881827731092437,"{""broken_teeth"": 0.9786184210526316, ""combined"": 1.0, ""fabric_border"": 1.0, ""fabric_interior"": 0.990234375, ""rough"": 1.0, ""split_teeth"": 0.9982638888888888, ""squeezed_teeth"": 0.94921875}",0.9712373572540797,,115.80292143200131,2595.453125,0.0
p0_anomaly_mvtec|zipper|dinov2_s|hist_knn|1024|1,p0_anomaly_mvtec,zipper,dinov2_s,240,151,119,1024,13.428216547000375,2,,hist_knn,1024,1,,10.658715830000801,2595.453125,,0.9015231092436975,"{""broken_teeth"": 0.8700657894736842, ""combined"": 0.939453125, ""fabric_border"": 0.9393382352941176, ""fabric_interior"": 0.794921875, ""rough"": 0.90625, ""split_teeth"": 0.9791666666666666, ""squeezed_teeth"": 0.875}",,,115.80292143200131,2595.453125,0.0
p0_anomaly_mvtec|zipper|dinov2_s|codebook_dist|1024|2,p0_anomaly_mvtec,zipper,dinov2_s,240,151,119,1024,13.428216547000375,2,,codebook_dist,1024,2,,4.501737688000503,2595.453125,,0.9939600840336135,"{""broken_teeth"": 0.9868421052631579, ""combined"": 1.0, ""fabric_border"": 1.0, ""fabric_interior"": 1.0, ""rough"": 1.0, ""split_teeth"": 1.0, ""squeezed_teeth"": 0.970703125}",0.9535601773190048,,113.4207051329995,2595.453125,0.0
p0_anomaly_mvtec|zipper|dinov2_s|codebook_norm|1024|2,p0_anomaly_mvtec,zipper,dinov2_s,240,151,119,1024,13.428216547000375,2,,codebook_norm,1024,2,,5.7609815709984105,2595.453125,,0.9939600840336135,"{""broken_teeth"": 0.9967105263157895, ""combined"": 0.998046875, ""fabric_border"": 1.0, ""fabric_interior"": 1.0, ""rough"": 0.9981617647058824, ""split_teeth"": 1.0, ""squeezed_teeth"": 0.962890625}",0.9716651039343634,,113.4207051329995,2595.453125,0.0
p0_anomaly_mvtec|zipper|dinov2_s|hist_knn|1024|2,p0_anomaly_mvtec,zipper,dinov2_s,240,151,119,1024,13.428216547000375,2,,hist_knn,1024,2,,9.58152273899941,2595.453125,,0.8810399159663865,"{""broken_teeth"": 0.8240131578947368, ""combined"": 0.92578125, ""fabric_border"": 0.9246323529411764, ""fabric_interior"": 0.78515625, ""rough"": 0.9099264705882353, ""split_teeth"": 0.9444444444444444, ""squeezed_teeth"": 0.8515625}",,,113.4207051329995,2595.453125,0.0
p0_anomaly_mvtec|zipper|dense_sift|codebook_dist|64|1,p0_anomaly_mvtec,zipper,dense_sift,240,151,119,729,93.20626081400042,2,,codebook_dist,64,1,,0.19658252900080697,2595.453125,,0.6609768907563025,"{""broken_teeth"": 0.5164473684210527, ""combined"": 0.69921875, ""fabric_border"": 0.8970588235294117, ""fabric_interior"": 0.591796875, ""rough"": 0.5533088235294118, ""split_teeth"": 0.6857638888888888, ""squeezed_teeth"": 0.69921875}",0.5939176302219709,,3.16595002899885,2595.453125,0.0
p0_anomaly_mvtec|zipper|dense_sift|codebook_norm|64|1,p0_anomaly_mvtec,zipper,dense_sift,240,151,119,729,93.20626081400042,2,,codebook_norm,64,1,,0.4477805199985596,2595.453125,,0.811186974789916,"{""broken_teeth"": 0.7450657894736841, ""combined"": 0.9140625, ""fabric_border"": 0.9852941176470589, ""fabric_interior"": 0.638671875, ""rough"": 0.8382352941176471, ""split_teeth"": 0.8368055555555556, ""squeezed_teeth"": 0.716796875}",0.8200625031174094,,3.16595002899885,2595.453125,0.0
p0_anomaly_mvtec|zipper|dense_sift|hist_knn|64|1,p0_anomaly_mvtec,zipper,dense_sift,240,151,119,729,93.20626081400042,2,,hist_knn,64,1,,0.784391016999507,2595.453125,,0.6504726890756303,"{""broken_teeth"": 0.6151315789473684, ""combined"": 0.623046875, ""fabric_border"": 0.6470588235294117, ""fabric_interior"": 0.6435546875, ""rough"": 0.640625, ""split_teeth"": 0.7135416666666667, ""squeezed_teeth"": 0.669921875}",,,3.16595002899885,2595.453125,0.0
p0_anomaly_mvtec|zipper|dense_sift|codebook_dist|64|2,p0_anomaly_mvtec,zipper,dense_sift,240,151,119,729,93.20626081400042,2,,codebook_dist,64,2,,0.19789452300028643,2595.453125,,0.6885504201680672,"{""broken_teeth"": 0.5789473684210527, ""combined"": 0.732421875, ""fabric_border"": 0.9577205882352942, ""fabric_interior"": 0.56640625, ""rough"": 0.5863970588235294, ""split_teeth"": 0.71875, ""squeezed_teeth"": 0.685546875}",0.6128661085035452,,3.6749323599997297,2595.453125,0.0
p0_anomaly_mvtec|zipper|dense_sift|codebook_norm|64|2,p0_anomaly_mvtec,zipper,dense_sift,240,151,119,729,93.20626081400042,2,,codebook_norm,64,2,,0.44197933900068165,2595.453125,,0.6840861344537815,"{""broken_teeth"": 0.5592105263157895, ""combined"": 0.779296875, ""fabric_border"": 0.9448529411764706, ""fabric_interior"": 0.572265625, ""rough"": 0.5569852941176471, ""split_teeth"": 0.6979166666666666, ""squeezed_teeth"": 0.69140625}",0.7149233280544203,,3.6749323599997297,2595.453125,0.0
p0_anomaly_mvtec|zipper|dense_sift|hist_knn|64|2,p0_anomaly_mvtec,zipper,dense_sift,240,151,119,729,93.20626081400042,2,,hist_knn,64,2,,0.8320030750001024,2595.453125,,0.6750262605042017,"{""broken_teeth"": 0.6307565789473684, ""combined"": 0.640625, ""fabric_border"": 0.8143382352941176, ""fabric_interior"": 0.611328125, ""rough"": 0.6231617647058822, ""split_teeth"": 0.7690972222222223, ""squeezed_teeth"": 0.626953125}",,,3.6749323599997297,2595.453125,0.0
p0_anomaly_mvtec|zipper|dense_sift|codebook_dist|256|1,p0_anomaly_mvtec,zipper,dense_sift,240,151,119,729,93.20626081400042,2,,codebook_dist,256,1,,0.45691991900093853,2595.453125,,0.7778361344537815,"{""broken_teeth"": 0.6595394736842105, ""combined"": 0.876953125, ""fabric_border"": 0.9889705882352942, ""fabric_interior"": 0.703125, ""rough"": 0.6452205882352942, ""split_teeth"": 0.8159722222222222, ""squeezed_teeth"": 0.767578125}",0.720476458172506,,10.840383322998605,2595.453125,0.0
p0_anomaly_mvtec|zipper|dense_sift|codebook_norm|256|1,p0_anomaly_mvtec,zipper,dense_sift,240,151,119,729,93.20626081400042,2,,codebook_norm,256,1,,1.2264804099995672,2595.453125,,0.8476890756302521,"{""broken_teeth"": 0.8174342105263158, ""combined"": 0.953125, ""fabric_border"": 1.0, ""fabric_interior"": 0.7109375, ""rough"": 0.8290441176470588, ""split_teeth"": 0.8333333333333333, ""squeezed_teeth"": 0.7890625}",0.8429790016477727,,10.840383322998605,2595.453125,0.0
p0_anomaly_mvtec|zipper|dense_sift|hist_knn|256|1,p0_anomaly_mvtec,zipper,dense_sift,240,151,119,729,93.20626081400042,2,,hist_knn,256,1,,1.1835207670010277,2595.453125,,0.6452205882352942,"{""broken_teeth"": 0.600328947368421, ""combined"": 0.634765625, ""fabric_border"": 0.78125, ""fabric_interior"": 0.52734375, ""rough"": 0.6066176470588235, ""split_teeth"": 0.6597222222222222, ""squeezed_teeth"": 0.70703125}",,,10.840383322998605,2595.453125,0.0
p0_anomaly_mvtec|zipper|dense_sift|codebook_dist|256|2,p0_anomaly_mvtec,zipper,dense_sift,240,151,119,729,93.20626081400042,2,,codebook_dist,256,2,,0.41844714299986663,2595.453125,,0.7723214285714286,"{""broken_teeth"": 0.662828947368421, ""combined"": 0.84765625, ""fabric_border"": 0.9871323529411765, ""fabric_interior"": 0.66796875, ""rough"": 0.65625, ""split_teeth"": 0.8159722222222221, ""squeezed_teeth"": 0.77734375}",0.7115424088942999,,12.895814995999899,2595.453125,0.0
p0_anomaly_mvtec|zipper|dense_sift|codebook_norm|256|2,p0_anomaly_mvtec,zipper,dense_sift,240,151,119,729,93.20626081400042,2,,codebook_norm,256,2,,0.8973044470003515,2595.453125,,0.8463760504201681,"{""broken_teeth"": 0.7845394736842105, ""combined"": 0.943359375, ""fabric_border"": 0.9981617647058824, ""fabric_interior"": 0.708984375, ""rough"": 0.8272058823529411, ""split_teeth"": 0.8454861111111112, ""squeezed_teeth"": 0.8203125}",0.843655175284468,,12.895814995999899,2595.453125,0.0
p0_anomaly_mvtec|zipper|dense_sift|hist_knn|256|2,p0_anomaly_mvtec,zipper,dense_sift,240,151,119,729,93.20626081400042,2,,hist_knn,256,2,,1.7644040590002987,2595.453125,,0.646796218487395,"{""broken_teeth"": 0.5427631578947368, ""combined"": 0.6953125, ""fabric_border"": 0.7959558823529412, ""fabric_interior"": 0.62109375, ""rough"": 0.5551470588235294, ""split_teeth"": 0.6649305555555556, ""squeezed_teeth"": 0.666015625}",,,12.895814995999899,2595.453125,0.0
p0_anomaly_mvtec|zipper|dense_sift|codebook_dist|1024|1,p0_anomaly_mvtec,zipper,dense_sift,240,151,119,729,93.20626081400042,2,,codebook_dist,1024,1,,1.9913722410001355,2595.453125,,0.7935924369747899,"{""broken_teeth"": 0.6907894736842105, ""combined"": 0.890625, ""fabric_border"": 0.9963235294117647, ""fabric_interior"": 0.68359375, ""rough"": 0.7040441176470589, ""split_teeth"": 0.8107638888888888, ""squeezed_teeth"": 0.7890625}",0.7675110125388177,,43.59436621199893,2595.453125,0.0
p0_anomaly_mvtec|zipper|dense_sift|codebook_norm|1024|1,p0_anomaly_mvtec,zipper,dense_sift,240,151,119,729,93.20626081400042,2,,codebook_norm,1024,1,,2.4693069659988396,2595.453125,,0.9115021008403361,"{""broken_teeth"": 0.868421052631579, ""combined"": 0.9609375, ""fabric_border"": 1.0, ""fabric_interior"": 0.849609375, ""rough"": 0.9099264705882353, ""split_teeth"": 0.8940972222222222, ""squeezed_teeth"": 0.90234375}",0.8718780598867911,,43.59436621199893,2595.453125,0.0
p0_anomaly_mvtec|zipper|dense_sift|hist_knn|1024|1,p0_anomaly_mvtec,zipper,dense_sift,240,151,119,729,93.20626081400042,2,,hist_knn,1024,1,,5.10079302899976,2595.453125,,0.6804096638655462,"{""broken_teeth"": 0.6463815789473684, ""combined"": 0.73828125, ""fabric_border"": 0.7867647058823529, ""fabric_interior"": 0.58203125, ""rough"": 0.6507352941176471, ""split_teeth"": 0.6423611111111112, ""squeezed_teeth"": 0.72265625}",,,43.59436621199893,2595.453125,0.0
p0_anomaly_mvtec|zipper|dense_sift|codebook_dist|1024|2,p0_anomaly_mvtec,zipper,dense_sift,240,151,119,729,93.20626081400042,2,,codebook_dist,1024,2,,1.9981964449998486,2595.453125,,0.7904411764705883,"{""broken_teeth"": 0.700657894736842, ""combined"": 0.888671875, ""fabric_border"": 0.9944852941176471, ""fabric_interior"": 0.66015625, ""rough"": 0.6948529411764707, ""split_teeth"": 0.8055555555555556, ""squeezed_teeth"": 0.796875}",0.7677624964174229,,43.47416444100054,2595.453125,0.0
p0_anomaly_mvtec|zipper|dense_sift|codebook_norm|1024|2,p0_anomaly_mvtec,zipper,dense_sift,240,151,119,729,93.20626081400042,2,,codebook_norm,1024,2,,2.4337636529999145,2595.453125,,0.8820903361344539,"{""broken_teeth"": 0.8141447368421053, ""combined"": 0.95703125, ""fabric_border"": 1.0, ""fabric_interior"": 0.79296875, ""rough"": 0.8860294117647058, ""split_teeth"": 0.8802083333333334, ""squeezed_teeth"": 0.849609375}",0.8694527230310503,,43.47416444100054,2595.453125,0.0
p0_anomaly_mvtec|zipper|dense_sift|hist_knn|1024|2,p0_anomaly_mvtec,zipper,dense_sift,240,151,119,729,93.20626081400042,2,,hist_knn,1024,2,,4.9905237389994,2595.453125,,0.7074579831932772,"{""broken_teeth"": 0.6480263157894737, ""combined"": 0.75, ""fabric_border"": 0.8014705882352942, ""fabric_interior"": 0.638671875, ""rough"": 0.6672794117647058, ""split_teeth"": 0.7222222222222222, ""squeezed_teeth"": 0.73046875}",,,43.47416444100054,2595.453125,0.0
p0_anomaly_mvtec|bottle|dinov2_s|coreset_knn|64|0,p0_anomaly_mvtec,bottle,dinov2_s,209,83,63,1024,27.518106266999894,2,Tesla T4,coreset_knn,64,0,22.25048828125,0.3903878780000696,1767.33203125,64.0,0.9992063492063492,"{""broken_large"": 1.0, ""broken_small"": 0.9977272727272727, ""contamination"": 1.0}",0.9815472797454323,426.8125,3.0958094460000325,1664.19921875,
p0_anomaly_mvtec|bottle|dinov2_s|coreset_knn|256|0,p0_anomaly_mvtec,bottle,dinov2_s,209,83,63,1024,27.518106266999894,2,Tesla T4,coreset_knn,256,0,28.5322265625,0.10854370599997765,2078.30859375,256.0,0.9984126984126984,"{""broken_large"": 1.0, ""broken_small"": 1.0, ""contamination"": 0.9952380952380953}",0.9888961180553608,426.8125,3.0958094460000325,1664.19921875,
p0_anomaly_mvtec|bottle|dinov2_s|coreset_knn|1024|0,p0_anomaly_mvtec,bottle,dinov2_s,209,83,63,1024,27.518106266999894,2,Tesla T4,coreset_knn,1024,0,63.66015625,0.11830468799996652,2092.79296875,1024.0,1.0,"{""broken_large"": 1.0, ""broken_small"": 1.0, ""contamination"": 1.0}",0.9903302519182466,426.8125,3.0958094460000325,1664.19921875,
p0_anomaly_mvtec|bottle|dinov2_s|random_knn|64|0,p0_anomaly_mvtec,bottle,dinov2_s,209,83,63,1024,27.518106266999894,2,Tesla T4,random_knn,64,0,22.25048828125,0.08893841500002964,2109.75390625,64.0,0.9126984126984128,"{""broken_large"": 0.9299999999999999, ""broken_small"": 0.865909090909091, ""contamination"": 0.9452380952380952}",0.9631980629490581,,,,
p0_anomaly_mvtec|bottle|dinov2_s|random_knn|256|0,p0_anomaly_mvtec,bottle,dinov2_s,209,83,63,1024,27.518106266999894,2,Tesla T4,random_knn,256,0,28.5322265625,0.09427826800003913,2109.75390625,256.0,0.9619047619047619,"{""broken_large"": 0.9750000000000001, ""broken_small"": 0.9431818181818182, ""contamination"": 0.969047619047619}",0.9887264705663933,,,,
p0_anomaly_mvtec|bottle|dinov2_s|random_knn|1024|0,p0_anomaly_mvtec,bottle,dinov2_s,209,83,63,1024,27.518106266999894,2,Tesla T4,random_knn,1024,0,63.66015625,0.15518168899996,2119.56640625,1024.0,0.9920634920634921,"{""broken_large"": 1.0, ""broken_small"": 0.9931818181818182, ""contamination"": 0.9833333333333334}",0.9910982148704155,,,,
p0_anomaly_mvtec|bottle|dinov2_s|coreset_knn|64|1,p0_anomaly_mvtec,bottle,dinov2_s,209,83,63,1024,27.518106266999894,2,Tesla T4,coreset_knn,64,1,22.25048828125,0.08831649800004016,2127.2265625,64.0,1.0,"{""broken_large"": 1.0, ""broken_small"": 1.0, ""contamination"": 1.0}",0.9832834053782964,426.8125,2.5186896970000134,2127.2265625,
p0_anomaly_mvtec|bottle|dinov2_s|coreset_knn|256|1,p0_anomaly_mvtec,bottle,dinov2_s,209,83,63,1024,27.518106266999894,2,Tesla T4,coreset_knn,256,1,28.5322265625,0.09594059799997012,2127.2265625,256.0,1.0,"{""broken_large"": 1.0, ""broken_small"": 1.0, ""contamination"": 1.0}",0.9876341715762403,426.8125,2.5186896970000134,2127.2265625,
p0_anomaly_mvtec|bottle|dinov2_s|coreset_knn|1024|1,p0_anomaly_mvtec,bottle,dinov2_s,209,83,63,1024,27.518106266999894,2,Tesla T4,coreset_knn,1024,1,63.66015625,0.12126401900002293,2127.2265625,1024.0,1.0,"{""broken_large"": 1.0, ""broken_small"": 1.0, ""contamination"": 1.0}",0.9903346240413369,426.8125,2.5186896970000134,2127.2265625,
p0_anomaly_mvtec|bottle|dinov2_s|random_knn|64|1,p0_anomaly_mvtec,bottle,dinov2_s,209,83,63,1024,27.518106266999894,2,Tesla T4,random_knn,64,1,22.25048828125,0.08832410000002255,2127.2265625,64.0,0.6595238095238095,"{""broken_large"": 0.6299999999999999, ""broken_small"": 0.5840909090909091, ""contamination"": 0.7666666666666667}",0.9741883063329725,,,,
p0_anomaly_mvtec|bottle|dinov2_s|random_knn|256|1,p0_anomaly_mvtec,bottle,dinov2_s,209,83,63,1024,27.518106266999894,2,Tesla T4,random_knn,256,1,28.5322265625,0.09302778000005674,2127.2265625,256.0,0.9603174603174603,"{""broken_large"": 0.97, ""broken_small"": 0.9659090909090908, ""contamination"": 0.9452380952380952}",0.9897179666638891,,,,
p0_anomaly_mvtec|bottle|dinov2_s|random_knn|1024|1,p0_anomaly_mvtec,bottle,dinov2_s,209,83,63,1024,27.518106266999894,2,Tesla T4,random_knn,1024,1,63.66015625,0.15785730300001433,2127.2265625,1024.0,0.9976190476190476,"{""broken_large"": 1.0, ""broken_small"": 1.0, ""contamination"": 0.9928571428571428}",0.9912250277694075,,,,
p0_anomaly_mvtec|bottle|dinov2_s|coreset_knn|64|2,p0_anomaly_mvtec,bottle,dinov2_s,209,83,63,1024,27.518106266999894,2,Tesla T4,coreset_knn,64,2,22.25048828125,0.09400018099995577,2127.2265625,64.0,0.996031746031746,"{""broken_large"": 1.0, ""broken_small"": 0.9977272727272727, ""contamination"": 0.9904761904761905}",0.9834457452375646,426.8125,2.481450016999929,2127.2265625,
p0_anomaly_mvtec|bottle|dinov2_s|coreset_knn|256|2,p0_anomaly_mvtec,bottle,dinov2_s,209,83,63,1024,27.518106266999894,2,Tesla T4,coreset_knn,256,2,28.5322265625,0.10000803900004485,2127.2265625,256.0,1.0,"{""broken_large"": 1.0, ""broken_small"": 1.0, ""contamination"": 1.0}",0.9882563441209161,426.8125,2.481450016999929,2127.2265625,
p0_anomaly_mvtec|bottle|dinov2_s|coreset_knn|1024|2,p0_anomaly_mvtec,bottle,dinov2_s,209,83,63,1024,27.518106266999894,2,Tesla T4,coreset_knn,1024,2,63.66015625,0.11742902200001026,2127.2265625,1024.0,1.0,"{""broken_large"": 1.0, ""broken_small"": 1.0, ""contamination"": 1.0}",0.9905610867529363,426.8125,2.481450016999929,2127.2265625,
p0_anomaly_mvtec|bottle|dinov2_s|random_knn|64|2,p0_anomaly_mvtec,bottle,dinov2_s,209,83,63,1024,27.518106266999894,2,Tesla T4,random_knn,64,2,22.25048828125,0.092294647000017,2127.2265625,64.0,0.9357142857142857,"{""broken_large"": 0.9550000000000001, ""broken_small"": 0.9318181818181819, ""contamination"": 0.9214285714285715}",0.9831300656705476,,,,
p0_anomaly_mvtec|bottle|dinov2_s|random_knn|256|2,p0_anomaly_mvtec,bottle,dinov2_s,209,83,63,1024,27.518106266999894,2,Tesla T4,random_knn,256,2,28.5322265625,0.12303875400004927,2127.2265625,256.0,0.9785714285714285,"{""broken_large"": 0.9974999999999999, ""broken_small"": 0.9772727272727273, ""contamination"": 0.9619047619047618}",0.9899957042547247,,,,
p0_anomaly_mvtec|bottle|dinov2_s|random_knn|1024|2,p0_anomaly_mvtec,bottle,dinov2_s,209,83,63,1024,27.518106266999894,2,Tesla T4,random_knn,1024,2,63.66015625,0.16228653799998938,2127.2265625,1024.0,0.9928571428571429,"{""broken_large"": 1.0, ""broken_small"": 1.0, ""contamination"": 0.9785714285714286}",0.9915790050819753,,,,
p0_anomaly_mvtec|bottle|dense_sift|coreset_knn|64|0,p0_anomaly_mvtec,bottle,dense_sift,209,83,63,729,61.68337490299996,2,Tesla T4,coreset_knn,64,0,14.18798828125,0.0664508280000291,2127.2265625,64.0,0.9301587301587302,"{""broken_large"": 1.0, ""broken_small"": 0.9590909090909091, ""contamination"": 0.8333333333333333}",0.8633115648449518,231.8916015625,1.7561112480000247,2127.2265625,
p0_anomaly_mvtec|bottle|dense_sift|coreset_knn|256|0,p0_anomaly_mvtec,bottle,dense_sift,209,83,63,729,61.68337490299996,2,Tesla T4,coreset_knn,256,0,22.2822265625,0.08659679900006267,2127.2265625,256.0,0.9658730158730159,"{""broken_large"": 1.0, ""broken_small"": 1.0, ""contamination"": 0.8976190476190476}",0.9183623932990316,231.8916015625,1.7561112480000247,2127.2265625,
p0_anomaly_mvtec|bottle|dense_sift|coreset_knn|1024|0,p0_anomaly_mvtec,bottle,dense_sift,209,83,63,729,61.68337490299996,2,Tesla T4,coreset_knn,1024,0,58.66015625,0.10830207200001496,2127.2265625,1024.0,0.988095238095238,"{""broken_large"": 1.0, ""broken_small"": 1.0, ""contamination"": 0.9642857142857142}",0.9234745323034845,231.8916015625,1.7561112480000247,2127.2265625,
p0_anomaly_mvtec|bottle|dense_sift|random_knn|64|0,p0_anomaly_mvtec,bottle,dense_sift,209,83,63,729,61.68337490299996,2,Tesla T4,random_knn,64,0,14.18798828125,0.07007990700003575,2127.2265625,64.0,0.46428571428571425,"{""broken_large"": 0.415, ""broken_small"": 0.3568181818181818, ""contamination"": 0.6238095238095238}",0.6809970848830401,,,,
p0_anomaly_mvtec|bottle|dense_sift|random_knn|256|0,p0_anomaly_mvtec,bottle,dense_sift,209,83,63,729,61.68337490299996,2,Tesla T4,random_knn,256,0,22.2822265625,0.07232918099998642,2127.2265625,256.0,0.5301587301587302,"{""broken_large"": 0.495, ""broken_small"": 0.39090909090909093, ""contamination"": 0.7095238095238096}",0.8715397529410095,,,,
p0_anomaly_mvtec|bottle|dense_sift|random_knn|1024|0,p0_anomaly_mvtec,bottle,dense_sift,209,83,63,729,61.68337490299996,2,Tesla T4,random_knn,1024,0,58.66015625,0.0833983669999725,2127.2265625,1024.0,0.9865079365079366,"{""broken_large"": 1.0, ""broken_small"": 1.0, ""contamination"": 0.9595238095238094}",0.9261517022810891,,,,
p0_anomaly_mvtec|bottle|dense_sift|coreset_knn|64|1,p0_anomaly_mvtec,bottle,dense_sift,209,83,63,729,61.68337490299996,2,Tesla T4,coreset_knn,64,1,14.18798828125,0.06757371900005182,2127.2265625,64.0,0.9555555555555556,"{""broken_large"": 1.0, ""broken_small"": 0.9340909090909093, ""contamination"": 0.9357142857142856}",0.8735607480342849,231.8916015625,1.749070166000024,2127.2265625,
p0_anomaly_mvtec|bottle|dense_sift|coreset_knn|256|1,p0_anomaly_mvtec,bottle,dense_sift,209,83,63,729,61.68337490299996,2,Tesla T4,coreset_knn,256,1,22.2822265625,0.08830946499995207,2127.2265625,256.0,0.9880952380952381,"{""broken_large"": 1.0, ""broken_small"": 1.0, ""contamination"": 0.9642857142857143}",0.9174046282719381,231.8916015625,1.749070166000024,2127.2265625,
p0_anomaly_mvtec|bottle|dense_sift|coreset_knn|1024|1,p0_anomaly_mvtec,bottle,dense_sift,209,83,63,729,61.68337490299996,2,Tesla T4,coreset_knn,1024,1,58.66015625,0.11283472900004199,2127.2265625,1024.0,0.9753968253968254,"{""broken_large"": 1.0, ""broken_small"": 1.0, ""contamination"": 0.9261904761904762}",0.9246445344551826,231.8916015625,1.749070166000024,2127.2265625,
p0_anomaly_mvtec|bottle|dense_sift|random_knn|64|1,p0_anomaly_mvtec,bottle,dense_sift,209,83,63,729,61.68337490299996,2,Tesla T4,random_knn,64,1,14.18798828125,0.06799038099995869,2127.2265625,64.0,0.5650793650793651,"{""broken_large"": 0.5900000000000001, ""broken_small"": 0.5181818181818181, ""contamination"": 0.5904761904761904}",0.7788737270090654,,,,
p0_anomaly_mvtec|bottle|dense_sift|random_knn|256|1,p0_anomaly_mvtec,bottle,dense_sift,209,83,63,729,61.68337490299996,2,Tesla T4,random_knn,256,1,22.2822265625,0.07293796800001928,2127.2265625,256.0,0.8722222222222223,"{""broken_large"": 0.98, ""broken_small"": 0.8386363636363637, ""contamination"": 0.8047619047619048}",0.9097263513772008,,,,
p0_anomaly_mvtec|bottle|dense_sift|random_knn|1024|1,p0_anomaly_mvtec,bottle,dense_sift,209,83,63,729,61.68337490299996,2,Tesla T4,random_knn,1024,1,58.66015625,0.07808261699995,2127.2265625,1024.0,0.973015873015873,"{""broken_large"": 1.0, ""broken_small"": 0.9954545454545455, ""contamination"": 0.9238095238095237}",0.928500619293949,,,,
p0_anomaly_mvtec|bottle|dense_sift|coreset_knn|64|2,p0_anomaly_mvtec,bottle,dense_sift,209,83,63,729,61.68337490299996,2,Tesla T4,coreset_knn,64,2,14.18798828125,0.07096504000003279,2127.2265625,64.0,0.9515873015873015,"{""broken_large"": 1.0, ""broken_small"": 0.9272727272727274, ""contamination"": 0.930952380952381}",0.8606221848913185,231.8916015625,1.7549289529999896,2127.2265625,
p0_anomaly_mvtec|bottle|dense_sift|coreset_knn|256|2,p0_anomaly_mvtec,bottle,dense_sift,209,83,63,729,61.68337490299996,2,Tesla T4,coreset_knn,256,2,22.2822265625,0.07380471700003,2127.2265625,256.0,0.9873015873015871,"{""broken_large"": 1.0, ""broken_small"": 1.0, ""contamination"": 0.9619047619047618}",0.9204828839578055,231.8916015625,1.7549289529999896,2127.2265625,
p0_anomaly_mvtec|bottle|dense_sift|coreset_knn|1024|2,p0_anomaly_mvtec,bottle,dense_sift,209,83,63,729,61.68337490299996,2,Tesla T4,coreset_knn,1024,2,58.66015625,0.10877456299999722,2127.2265625,1024.0,0.9777777777777777,"{""broken_large"": 1.0, ""broken_small"": 1.0, ""contamination"": 0.9333333333333335}",0.924196115776741,231.8916015625,1.7549289529999896,2127.2265625,
p0_anomaly_mvtec|bottle|dense_sift|random_knn|64|2,p0_anomaly_mvtec,bottle,dense_sift,209,83,63,729,61.68337490299996,2,Tesla T4,random_knn,64,2,14.18798828125,0.07007666899994547,2127.2265625,64.0,0.5373015873015873,"{""broken_large"": 0.52, ""broken_small"": 0.48181818181818176, ""contamination"": 0.611904761904762}",0.6904609906784527,,,,
p0_anomaly_mvtec|bottle|dense_sift|random_knn|256|2,p0_anomaly_mvtec,bottle,dense_sift,209,83,63,729,61.68337490299996,2,Tesla T4,random_knn,256,2,22.2822265625,0.07217862300001343,2127.2265625,256.0,0.4992063492063492,"{""broken_large"": 0.5575, ""broken_small"": 0.4181818181818182, ""contamination"": 0.5285714285714286}",0.8719264294004219,,,,
p0_anomaly_mvtec|bottle|dense_sift|random_knn|1024|2,p0_anomaly_mvtec,bottle,dense_sift,209,83,63,729,61.68337490299996,2,Tesla T4,random_knn,1024,2,58.66015625,0.08248010299996622,2127.2265625,1024.0,0.9753968253968254,"{""broken_large"": 1.0, ""broken_small"": 1.0, ""contamination"": 0.9261904761904762}",0.9278293090466476,,,,
p0_anomaly_mvtec|cable|dinov2_s|coreset_knn|64|0,p0_anomaly_mvtec,cable,dinov2_s,224,150,92,1024,22.425007147999622,2,Tesla T4,coreset_knn,64,0,22.25048828125,0.16236953899999662,2192.1875,64.0,0.8980509745127436,"{""bent_wire"": 1.0, ""cable_swap"": 0.5862068965517242, ""combined"": 0.9858934169278997, ""cut_inner_insulation"": 0.9347290640394089, ""cut_outer_insulation"": 0.8862068965517241, ""missing_cable"": 1.0, ""missing_wire"": 0.7931034482758621, ""poke_insulation"": 0.9862068965517241}",0.9233873194057073,456.3125,2.6438662289999684,2192.1875,
p0_anomaly_mvtec|cable|dinov2_s|coreset_knn|256|0,p0_anomaly_mvtec,cable,dinov2_s,224,150,92,1024,22.425007147999622,2,Tesla T4,coreset_knn,256,0,28.5322265625,0.17061311200006912,2468.6953125,256.0,0.9201649175412294,"{""bent_wire"": 1.0, ""cable_swap"": 0.5186781609195402, ""combined"": 0.9764890282131661, ""cut_inner_insulation"": 0.9950738916256158, ""cut_outer_insulation"": 0.996551724137931, ""missing_cable"": 1.0, ""missing_wire"": 0.8810344827586207, ""poke_insulation"": 0.9982758620689655}",0.9435518477446718,456.3125,2.6438662289999684,2192.1875,
p0_anomaly_mvtec|cable|dinov2_s|coreset_knn|1024|0,p0_anomaly_mvtec,cable,dinov2_s,224,150,92,1024,22.425007147999622,2,Tesla T4,coreset_knn,1024,0,63.66015625,0.21815123199996833,2468.6953125,1024.0,0.9582083958020989,"{""bent_wire"": 1.0, ""cable_swap"": 0.75, ""combined"": 0.9952978056426333, ""cut_inner_insulation"": 0.9901477832512315, ""cut_outer_insulation"": 1.0, ""missing_cable"": 1.0, ""missing_wire"": 0.9344827586206896, ""poke_insulation"": 1.0}",0.9652382128783207,456.3125,2.6438662289999684,2192.1875,
p0_anomaly_mvtec|cable|dinov2_s|random_knn|64|0,p0_anomaly_mvtec,cable,dinov2_s,224,150,92,1024,22.425007147999622,2,Tesla T4,random_knn,64,0,22.25048828125,0.15654283099991062,2468.6953125,64.0,0.8238380809595203,"{""bent_wire"": 0.9893899204244032, ""cable_swap"": 0.5517241379310345, ""combined"": 0.9137931034482759, ""cut_inner_insulation"": 0.7204433497536945, ""cut_outer_insulation"": 0.8672413793103448, ""missing_cable"": 1.0, ""missing_wire"": 0.6310344827586207, ""poke_insulation"": 0.9189655172413793}",0.9280821277222032,,,,
p0_anomaly_mvtec|cable|dinov2_s|random_knn|256|0,p0_anomaly_mvtec,cable,dinov2_s,224,150,92,1024,22.425007147999622,2,Tesla T4,random_knn,256,0,28.5322265625,0.251770214999965,2487.21875,256.0,0.85476011994003,"{""bent_wire"": 0.9854111405835544, ""cable_swap"": 0.40660919540229884, ""combined"": 0.9231974921630094, ""cut_inner_insulation"": 0.875615763546798, ""cut_outer_insulation"": 0.9206896551724137, ""missing_cable"": 1.0, ""missing_wire"": 0.7413793103448276, ""poke_insulation"": 0.9913793103448276}",0.9587147344414707,,,,
p0_anomaly_mvtec|cable|dinov2_s|random_knn|1024|0,p0_anomaly_mvtec,cable,dinov2_s,224,150,92,1024,22.425007147999622,2,Tesla T4,random_knn,1024,0,63.66015625,0.22243708600001355,2508.59375,1024.0,0.8575712143928036,"{""bent_wire"": 0.9973474801061009, ""cable_swap"": 0.31034482758620685, ""combined"": 0.9764890282131662, ""cut_inner_insulation"": 0.9236453201970443, ""cut_outer_insulation"": 0.9379310344827586, ""missing_cable"": 1.0, ""missing_wire"": 0.7327586206896552, ""poke_insulation"": 0.9827586206896551}",0.9649684230651248,,,,
p0_anomaly_mvtec|cable|dinov2_s|coreset_knn|64|1,p0_anomaly_mvtec,cable,dinov2_s,224,150,92,1024,22.425007147999622,2,Tesla T4,coreset_knn,64,1,22.25048828125,0.17931377599995812,2514.77734375,64.0,0.8609445277361321,"{""bent_wire"": 1.0, ""cable_swap"": 0.33477011494252873, ""combined"": 0.9843260188087775, ""cut_inner_insulation"": 0.8879310344827587, ""cut_outer_insulation"": 0.8637931034482759, ""missing_cable"": 1.0, ""missing_wire"": 0.9103448275862069, ""poke_insulation"": 0.9189655172413793}",0.8907589243018782,456.3125,2.6568530299999793,2514.77734375,
p0_anomaly_mvtec|cable|dinov2_s|coreset_knn|256|1,p0_anomaly_mvtec,cable,dinov2_s,224,150,92,1024,22.425007147999622,2,Tesla T4,coreset_knn,256,1,28.5322265625,0.25615632699998514,2514.77734375,256.0,0.9197901049475262,"{""bent_wire"": 1.0, ""cable_swap"": 0.5488505747126436, ""combined"": 0.9858934169278997, ""cut_inner_insulation"": 0.9938423645320197, ""cut_outer_insulation"": 1.0, ""missing_cable"": 1.0, ""missing_wire"": 0.8275862068965518, ""poke_insulation"": 1.0}",0.9349983460489983,456.3125,2.6568530299999793,2514.77734375,
p0_anomaly_mvtec|cable|dinov2_s|coreset_knn|1024|1,p0_anomaly_mvtec,cable,dinov2_s,224,150,92,1024,22.425007147999622,2,Tesla T4,coreset_knn,1024,1,63.66015625,0.22067582499994387,2514.77734375,1024.0,0.9623313343328337,"{""bent_wire"": 1.0, ""cable_swap"": 0.7543103448275863, ""combined"": 0.9905956112852665, ""cut_inner_insulation"": 1.0, ""cut_outer_insulation"": 1.0, ""missing_cable"": 1.0, ""missing_wire"": 0.9586206896551724, ""poke_insulation"": 1.0}",0.9665169244370208,456.3125,2.6568530299999793,2514.77734375,
p0_anomaly_mvtec|cable|dinov2_s|random_knn|64|1,p0_anomaly_mvtec,cable,dinov2_s,224,150,92,1024,22.425007147999622,2,Tesla T4,random_knn,64,1,22.25048828125,0.15659850199995162,2514.77734375,64.0,0.8124062968515743,"{""bent_wire"": 0.927055702917772, ""cable_swap"": 0.48419540229885055, ""combined"": 0.9498432601880877, ""cut_inner_insulation"": 0.7142857142857142, ""cut_outer_insulation"": 0.7948275862068965, ""missing_cable"": 0.9913793103448276, ""missing_wire"": 0.746551724137931, ""poke_insulation"": 0.9120689655172414}",0.9333344466403352,,,,
p0_anomaly_mvtec|cable|dinov2_s|random_knn|256|1,p0_anomaly_mvtec,cable,dinov2_s,224,150,92,1024,22.425007147999622,2,Tesla T4,random_knn,256,1,28.5322265625,0.23550651000005018,2514.77734375,256.0,0.7736131934032984,"{""bent_wire"": 0.9283819628647215, ""cable_swap"": 0.45977011494252873, ""combined"": 0.9059561128526645, ""cut_inner_insulation"": 0.6059113300492611, ""cut_outer_insulation"": 0.7844827586206897, ""missing_cable"": 0.9899425287356322, ""missing_wire"": 0.6448275862068965, ""poke_insulation"": 0.896551724137931}",0.9496145442606441,,,,
p0_anomaly_mvtec|cable|dinov2_s|random_knn|1024|1,p0_anomaly_mvtec,cable,dinov2_s,224,150,92,1024,22.425007147999622,2,Tesla T4,random_knn,1024,1,63.66015625,0.21717123799999172,2514.77734375,1024.0,0.8287106446776613,"{""bent_wire"": 0.9575596816976126, ""cable_swap"": 0.3922413793103448, ""combined"": 0.9498432601880877, ""cut_inner_insulation"": 0.7820197044334976, ""cut_outer_insulation"": 0.8517241379310345, ""missing_cable"": 1.0, ""missing_wire"": 0.75, ""poke_insulation"": 0.9672413793103448}",0.9625928195893982,,,,
p0_anomaly_mvtec|cable|dinov2_s|coreset_knn|64|2,p0_anomaly_mvtec,cable,dinov2_s,224,150,92,1024,22.425007147999622,2,Tesla T4,coreset_knn,64,2,22.25048828125,0.1645982700000559,2515.3125,64.0,0.8939280359820089,"{""bent_wire"": 0.9986737400530503, ""cable_swap"": 0.5100574712643678, ""combined"": 0.9451410658307211, ""cut_inner_insulation"": 0.9667487684729064, ""cut_outer_insulation"": 0.8775862068965516, ""missing_cable"": 1.0, ""missing_wire"": 0.8724137931034482, ""poke_insulation"": 0.9706896551724138}",0.9187302991117497,456.3125,2.65168302699999,2515.3125,
p0_anomaly_mvtec|cable|dinov2_s|coreset_knn|256|2,p0_anomaly_mvtec,cable,dinov2_s,224,150,92,1024,22.425007147999622,2,Tesla T4,coreset_knn,256,2,28.5322265625,0.2471312970000099,2515.3125,256.0,0.9211019490254873,"{""bent_wire"": 1.0, ""cable_swap"": 0.5086206896551724, ""combined"": 0.9529780564263323, ""cut_inner_insulation"": 0.9839901477832512, ""cut_outer_insulation"": 1.0, ""missing_cable"": 1.0, ""missing_wire"": 0.9379310344827586, ""poke_insulation"": 1.0}",0.9465269918099627,456.3125,2.65168302699999,2515.3125,
p0_anomaly_mvtec|cable|dinov2_s|coreset_knn|1024|2,p0_anomaly_mvtec,cable,dinov2_s,224,150,92,1024,22.425007147999622,2,Tesla T4,coreset_knn,1024,2,63.66015625,0.21659488399996008,2515.3125,1024.0,0.9479010494752623,"{""bent_wire"": 1.0, ""cable_swap"": 0.6566091954022989, ""combined"": 0.9984326018808777, ""cut_inner_insulation"": 1.0, ""cut_outer_insulation"": 1.0, ""missing_cable"": 1.0, ""missing_wire"": 0.9344827586206896, ""poke_insulation"": 1.0}",0.9571406564606618,456.3125,2.65168302699999,2515.3125,
p0_anomaly_mvtec|cable|dinov2_s|random_knn|64|2,p0_anomaly_mvtec,cable,dinov2_s,224,150,92,1024,22.425007147999622,2,Tesla T4,random_knn,64,2,22.25048828125,0.15879813200001536,2515.3125,64.0,0.6160044977511244,"{""bent_wire"": 0.6564986737400531, ""cable_swap"": 0.4755747126436781, ""combined"": 0.6990595611285267, ""cut_inner_insulation"": 0.6342364532019704, ""cut_outer_insulation"": 0.48103448275862076, ""missing_cable"": 0.9612068965517241, ""missing_wire"": 0.4172413793103449, ""poke_insulation"": 0.5344827586206896}",0.9370349172639981,,,,
p0_anomaly_mvtec|cable|dinov2_s|random_knn|256|2,p0_anomaly_mvtec,cable,dinov2_s,224,150,92,1024,22.425007147999622,2,Tesla T4,random_knn,256,2,28.5322265625,0.17750450000005458,2515.3125,256.0,0.7736131934032984,"{""bent_wire"": 0.9018567639257294, ""cable_swap"": 0.47844827586206895, ""combined"": 0.9357366771159874, ""cut_inner_insulation"": 0.6761083743842364, ""cut_outer_insulation"": 0.6413793103448275, ""missing_cable"": 0.9971264367816092, ""missing_wire"": 0.6775862068965517, ""poke_insulation"": 0.8793103448275863}",0.9493869111178845,,,,
p0_anomaly_mvtec|cable|dinov2_s|random_knn|1024|2,p0_anomaly_mvtec,cable,dinov2_s,224,150,92,1024,22.425007147999622,2,Tesla T4,random_knn,1024,2,63.66015625,0.22406760499995926,2515.3125,1024.0,0.8748125937031485,"{""bent_wire"": 0.9801061007957559, ""cable_swap"": 0.46695402298850575, ""combined"": 0.9952978056426333, ""cut_inner_insulation"": 0.8497536945812808, ""cut_outer_insulation"": 0.9120689655172414, ""missing_cable"": 1.0, ""missing_wire"": 0.8172413793103448, ""poke_insulation"": 1.0}",0.9631180795578695,,,,
p0_anomaly_mvtec|cable|dense_sift|coreset_knn|64|0,p0_anomaly_mvtec,cable,dense_sift,224,150,92,729,86.82809852300034,2,Tesla T4,coreset_knn,64,0,14.18798828125,0.16413856700000906,2515.3125,64.0,0.6930284857571215,"{""bent_wire"": 0.39389920424403185, ""cable_swap"": 0.5272988505747127, ""combined"": 0.8620689655172413, ""cut_inner_insulation"": 0.5455665024630543, ""cut_outer_insulation"": 0.9310344827586208, ""missing_cable"": 1.0, ""missing_wire"": 0.743103448275862, ""poke_insulation"": 0.6448275862068965}",0.7612910681175384,248.748046875,1.8976995589999888,2515.3125,
p0_anomaly_mvtec|cable|dense_sift|coreset_knn|256|0,p0_anomaly_mvtec,cable,dense_sift,224,150,92,729,86.82809852300034,2,Tesla T4,coreset_knn,256,0,22.2822265625,0.12915860900000098,2515.3125,256.0,0.7829835082458771,"{""bent_wire"": 0.8740053050397878, ""cable_swap"": 0.5732758620689655, ""combined"": 0.9169278996865204, ""cut_inner_insulation"": 0.6798029556650247, ""cut_outer_insulation"": 0.9551724137931035, ""missing_cable"": 1.0, ""missing_wire"": 0.4706896551724138, ""poke_insulation"": 0.7931034482758621}",0.8139368310983724,248.748046875,1.8976995589999888,2515.3125,
p0_anomaly_mvtec|cable|dense_sift|coreset_knn|1024|0,p0_anomaly_mvtec,cable,dense_sift,224,150,92,729,86.82809852300034,2,Tesla T4,coreset_knn,1024,0,58.66015625,0.14343134000000646,2515.3125,1024.0,0.8208395802098951,"{""bent_wire"": 0.9575596816976127, ""cable_swap"": 0.492816091954023, ""combined"": 0.957680250783699, ""cut_inner_insulation"": 0.7647783251231527, ""cut_outer_insulation"": 0.9913793103448275, ""missing_cable"": 1.0, ""missing_wire"": 0.6689655172413793, ""poke_insulation"": 0.7310344827586207}",0.8523493733745329,248.748046875,1.8976995589999888,2515.3125,
p0_anomaly_mvtec|cable|dense_sift|random_knn|64|0,p0_anomaly_mvtec,cable,dense_sift,224,150,92,729,86.82809852300034,2,Tesla T4,random_knn,64,0,14.18798828125,0.1285042090000843,2515.3125,64.0,0.327023988005997,"{""bent_wire"": 0.31564986737400536, ""cable_swap"": 0.26293103448275856, ""combined"": 0.4090909090909091, ""cut_inner_insulation"": 0.24753694581280786, ""cut_outer_insulation"": 0.16551724137931037, ""missing_cable"": 0.55316091954023, ""missing_wire"": 0.2655172413793103, ""poke_insulation"": 0.39137931034482754}",0.7003460835844295,,,,
p0_anomaly_mvtec|cable|dense_sift|random_knn|256|0,p0_anomaly_mvtec,cable,dense_sift,224,150,92,729,86.82809852300034,2,Tesla T4,random_knn,256,0,22.2822265625,0.18170226200004436,2515.3125,256.0,0.6336206896551724,"{""bent_wire"": 0.41909814323607425, ""cable_swap"": 0.45114942528735635, ""combined"": 0.8918495297805642, ""cut_inner_insulation"": 0.45073891625615764, ""cut_outer_insulation"": 0.8758620689655172, ""missing_cable"": 1.0, ""missing_wire"": 0.4396551724137931, ""poke_insulation"": 0.6155172413793103}",0.8008708935524568,,,,
p0_anomaly_mvtec|cable|dense_sift|random_knn|1024|0,p0_anomaly_mvtec,cable,dense_sift,224,150,92,729,86.82809852300034,2,Tesla T4,random_knn,1024,0,58.66015625,0.15166699799999606,2515.3125,1024.0,0.7788605697151424,"{""bent_wire"": 0.76657824933687, ""cable_swap"": 0.5172413793103448, ""combined"": 0.884012539184953, ""cut_inner_insulation"": 0.6822660098522167, ""cut_outer_insulation"": 0.9758620689655172, ""missing_cable"": 1.0, ""missing_wire"": 0.6965517241379311, ""poke_insulation"": 0.7482758620689656}",0.8609707891127518,,,,
p0_anomaly_mvtec|cable|dense_sift|coreset_knn|64|1,p0_anomaly_mvtec,cable,dense_sift,224,150,92,729,86.82809852300034,2,Tesla T4,coreset_knn,64,1,14.18798828125,0.14275334399997064,2515.3125,64.0,0.6429910044977512,"{""bent_wire"": 0.3885941644562334, ""cable_swap"": 0.6982758620689655, ""combined"": 0.8213166144200627, ""cut_inner_insulation"": 0.5800492610837438, ""cut_outer_insulation"": 0.8396551724137931, ""missing_cable"": 1.0, ""missing_wire"": 0.4465517241379311, ""poke_insulation"": 0.37068965517241376}",0.7829364370727456,248.748046875,1.8762154529999862,2515.3125,
p0_anomaly_mvtec|cable|dense_sift|coreset_knn|256|1,p0_anomaly_mvtec,cable,dense_sift,224,150,92,729,86.82809852300034,2,Tesla T4,coreset_knn,256,1,22.2822265625,0.19550075899996955,2515.3125,256.0,0.7618065967016491,"{""bent_wire"": 0.7785145888594165, ""cable_swap"": 0.4640804597701149, ""combined"": 0.8761755485893417, ""cut_inner_insulation"": 0.6637931034482758, ""cut_outer_insulation"": 0.9620689655172414, ""missing_cable"": 1.0, ""missing_wire"": 0.756896551724138, ""poke_insulation"": 0.6275862068965516}",0.8161420419347689,248.748046875,1.8762154529999862,2515.3125,
p0_anomaly_mvtec|cable|dense_sift|coreset_knn|1024|1,p0_anomaly_mvtec,cable,dense_sift,224,150,92,729,86.82809852300034,2,Tesla T4,coreset_knn,1024,1,58.66015625,0.15371169200000168,2515.3125,1024.0,0.830584707646177,"{""bent_wire"": 0.9416445623342176, ""cable_swap"": 0.5718390804597702, ""combined"": 0.9545454545454546, ""cut_inner_insulation"": 0.7697044334975369, ""cut_outer_insulation"": 0.9948275862068966, ""missing_cable"": 1.0, ""missing_wire"": 0.5396551724137931, ""poke_insulation"": 0.8689655172413794}",0.8468658711350944,248.748046875,1.8762154529999862,2515.3125,
p0_anomaly_mvtec|cable|dense_sift|random_knn|64|1,p0_anomaly_mvtec,cable,dense_sift,224,150,92,729,86.82809852300034,2,Tesla T4,random_knn,64,1,14.18798828125,0.1266331839999566,2515.3125,64.0,0.4790104947526237,"{""bent_wire"": 0.4151193633952255, ""cable_swap"": 0.6020114942528736, ""combined"": 0.2852664576802508, ""cut_inner_insulation"": 0.41625615763546797, ""cut_outer_insulation"": 0.3155172413793103, ""missing_cable"": 0.8002873563218391, ""missing_wire"": 0.55, ""poke_insulation"": 0.4224137931034483}",0.64608570671538,,,,
p0_anomaly_mvtec|cable|dense_sift|random_knn|256|1,p0_anomaly_mvtec,cable,dense_sift,224,150,92,729,86.82809852300034,2,Tesla T4,random_knn,256,1,22.2822265625,0.18376491799995165,2515.3125,256.0,0.4876311844077961,"{""bent_wire"": 0.18832891246684352, ""cable_swap"": 0.3204022988505747, ""combined"": 0.64576802507837, ""cut_inner_insulation"": 0.4753694581280788, ""cut_outer_insulation"": 0.6568965517241379, ""missing_cable"": 1.0, ""missing_wire"": 0.30344827586206896, ""poke_insulation"": 0.3206896551724138}",0.7742744992810915,,,,
p0_anomaly_mvtec|cable|dense_sift|random_knn|1024|1,p0_anomaly_mvtec,cable,dense_sift,224,150,92,729,86.82809852300034,2,Tesla T4,random_knn,1024,1,58.66015625,0.14430325199998606,2515.3125,1024.0,0.743440779610195,"{""bent_wire"": 0.7453580901856763, ""cable_swap"": 0.514367816091954, ""combined"": 0.8369905956112853, ""cut_inner_insulation"": 0.646551724137931, ""cut_outer_insulation"": 0.9362068965517242, ""missing_cable"": 1.0, ""missing_wire"": 0.506896551724138, ""poke_insulation"": 0.7844827586206897}",0.845133598867005,,,,
p0_anomaly_mvtec|cable|dense_sift|coreset_knn|64|2,p0_anomaly_mvtec,cable,dense_sift,224,150,92,729,86.82809852300034,2,Tesla T4,coreset_knn,64,2,14.18798828125,0.12268187400002262,2515.3125,64.0,0.6501124437781108,"{""bent_wire"": 0.4549071618037136, ""cable_swap"": 0.5272988505747127, ""combined"": 0.7617554858934169, ""cut_inner_insulation"": 0.4199507389162561, ""cut_outer_insulation"": 0.9051724137931034, ""missing_cable"": 1.0, ""missing_wire"": 0.6655172413793102, ""poke_insulation"": 0.5603448275862069}",0.7875295306383221,248.748046875,1.8683364489999121,2515.3125,
p0_anomaly_mvtec|cable|dense_sift|coreset_knn|256|2,p0_anomaly_mvtec,cable,dense_sift,224,150,92,729,86.82809852300034,2,Tesla T4,coreset_knn,256,2,22.2822265625,0.18073269900003197,2515.3125,256.0,0.7466266866566719,"{""bent_wire"": 0.7161803713527852, ""cable_swap"": 0.5933908045977011, ""combined"": 0.8636363636363635, ""cut_inner_insulation"": 0.6477832512315271, ""cut_outer_insulation"": 0.963793103448276, ""missing_cable"": 1.0, ""missing_wire"": 0.5344827586206896, ""poke_insulation"": 0.6706896551724137}",0.8149500081792629,248.748046875,1.8683364489999121,2515.3125,
p0_anomaly_mvtec|cable|dense_sift|coreset_knn|1024|2,p0_anomaly_mvtec,cable,dense_sift,224,150,92,729,86.82809852300034,2,Tesla T4,coreset_knn,1024,2,58.66015625,0.14804501399999026,2515.3125,1024.0,0.810344827586207,"{""bent_wire"": 0.8885941644562334, ""cable_swap"": 0.49856321839080464, ""combined"": 0.9529780564263323, ""cut_inner_insulation"": 0.7450738916256158, ""cut_outer_insulation"": 0.996551724137931, ""missing_cable"": 1.0, ""missing_wire"": 0.6155172413793104, ""poke_insulation"": 0.7982758620689655}",0.850831579789788,248.748046875,1.8683364489999121,2515.3125,
p0_anomaly_mvtec|cable|dense_sift|random_knn|64|2,p0_anomaly_mvtec,cable,dense_sift,224,150,92,729,86.82809852300034,2,Tesla T4,random_knn,64,2,14.18798828125,0.12351267400003962,2515.3125,64.0,0.5511619190404796,"{""bent_wire"": 0.40185676392572944, ""cable_swap"": 0.3936781609195402, ""combined"": 0.6583072100313478, ""cut_inner_insulation"": 0.3275862068965517, ""cut_outer_insulation"": 0.6586206896551724, ""missing_cable"": 1.0, ""missing_wire"": 0.5017241379310344, ""poke_insulation"": 0.5327586206896552}",0.6636394530440372,,,,
p0_anomaly_mvtec|cable|dense_sift|random_knn|256|2,p0_anomaly_mvtec,cable,dense_sift,224,150,92,729,86.82809852300034,2,Tesla T4,random_knn,256,2,22.2822265625,0.13283801499994752,2515.3125,256.0,0.6028860569715143,"{""bent_wire"": 0.5689655172413793, ""cable_swap"": 0.28735632183908044, ""combined"": 0.8040752351097178, ""cut_inner_insulation"": 0.43596059113300495, ""cut_outer_insulation"": 0.770689655172414, ""missing_cable"": 1.0, ""missing_wire"": 0.32413793103448274, ""poke_insulation"": 0.6724137931034483}",0.7912589858448456,,,,
p0_anomaly_mvtec|cable|dense_sift|random_knn|1024|2,p0_anomaly_mvtec,cable,dense_sift,224,150,92,729,86.82809852300034,2,Tesla T4,random_knn,1024,2,58.66015625,0.19637760100010837,2515.3125,1024.0,0.7190779610194903,"{""bent_wire"": 0.7108753315649867, ""cable_swap"": 0.4166666666666667, ""combined"": 0.8573667711598746, ""cut_inner_insulation"": 0.6083743842364533, ""cut_outer_insulation"": 0.9396551724137931, ""missing_cable"": 1.0, ""missing_wire"": 0.556896551724138, ""poke_insulation"": 0.7}",0.862987260295296,,,,
p0_anomaly_mvtec|capsule|dinov2_s|coreset_knn|64|0,p0_anomaly_mvtec,capsule,dinov2_s,219,132,109,1024,21.017523612999867,2,Tesla T4,coreset_knn,64,0,22.25048828125,0.13748178200000893,2515.3125,64.0,0.8703629836457917,"{""crack"": 0.8809073724007561, ""faulty_imprint"": 0.7826086956521738, ""poke"": 0.9503105590062112, ""scratch"": 0.7655954631379962, ""squeeze"": 0.991304347826087}",0.9388217104700659,446.8125,2.5822420889999194,2515.3125,
p0_anomaly_mvtec|capsule|dinov2_s|coreset_knn|256|0,p0_anomaly_mvtec,capsule,dinov2_s,219,132,109,1024,21.017523612999867,2,Tesla T4,coreset_knn,256,0,28.5322265625,0.19474757800003317,2515.3125,256.0,0.9641005185480653,"{""crack"": 0.9792060491493383, ""faulty_imprint"": 0.9426877470355732, ""poke"": 0.9461697722567288, ""scratch"": 0.9621928166351607, ""squeeze"": 0.991304347826087}",0.970771877997313,446.8125,2.5822420889999194,2515.3125,
p0_anomaly_mvtec|capsule|dinov2_s|coreset_knn|1024|0,p0_anomaly_mvtec,capsule,dinov2_s,219,132,109,1024,21.017523612999867,2,Tesla T4,coreset_knn,1024,0,63.66015625,0.20555118999993738,2515.3125,1024.0,0.9768647786198643,"{""crack"": 0.9773156899810964, ""faulty_imprint"": 0.9604743083003953, ""poke"": 0.9730848861283644, ""scratch"": 0.9773156899810964, ""squeeze"": 0.9978260869565218}",0.9878871420038373,446.8125,2.5822420889999194,2515.3125,
p0_anomaly_mvtec|capsule|dinov2_s|random_knn|64|0,p0_anomaly_mvtec,capsule,dinov2_s,219,132,109,1024,21.017523612999867,2,Tesla T4,random_knn,64,0,22.25048828125,0.1408678450000025,2515.3125,64.0,0.730355005983247,"{""crack"": 0.7448015122873346, ""faulty_imprint"": 0.6620553359683795, ""poke"": 0.6521739130434783, ""scratch"": 0.9262759924385633, ""squeeze"": 0.6456521739130435}",0.9577273889232385,,,,
p0_anomaly_mvtec|capsule|dinov2_s|random_knn|256|0,p0_anomaly_mvtec,capsule,dinov2_s,219,132,109,1024,21.017523612999867,2,Tesla T4,random_knn,256,0,28.5322265625,0.15007890900005805,2515.3125,256.0,0.7542879936178699,"{""crack"": 0.7334593572778828, ""faulty_imprint"": 0.766798418972332, ""poke"": 0.6708074534161491, ""scratch"": 0.8638941398865784, ""squeeze"": 0.7260869565217392}",0.9836935567880564,,,,
p0_anomaly_mvtec|capsule|dinov2_s|random_knn|1024|0,p0_anomaly_mvtec,capsule,dinov2_s,219,132,109,1024,21.017523612999867,2,Tesla T4,random_knn,1024,0,63.66015625,0.2670769300000302,2515.3125,1024.0,0.9644994016753091,"{""crack"": 0.947069943289225, ""faulty_imprint"": 0.9525691699604744, ""poke"": 0.9772256728778468, ""scratch"": 0.9962192816635161, ""squeeze"": 0.9478260869565217}",0.9874923447207505,,,,
p0_anomaly_mvtec|capsule|dinov2_s|coreset_knn|64|1,p0_anomaly_mvtec,capsule,dinov2_s,219,132,109,1024,21.017523612999867,2,Tesla T4,coreset_knn,64,1,22.25048828125,0.14403733100004956,2515.3125,64.0,0.911049062624651,"{""crack"": 0.880907372400756, ""faulty_imprint"": 0.8260869565217391, ""poke"": 0.9151138716356106, ""scratch"": 0.9527410207939507, ""squeeze"": 0.9869565217391304}",0.9565177937451325,446.8125,2.5863521239999727,2515.3125,
p0_anomaly_mvtec|capsule|dinov2_s|coreset_knn|256|1,p0_anomaly_mvtec,capsule,dinov2_s,219,132,109,1024,21.017523612999867,2,Tesla T4,coreset_knn,256,1,28.5322265625,0.15356565299998692,2515.3125,256.0,0.9521340247307539,"{""crack"": 0.939508506616257, ""faulty_imprint"": 0.9347826086956522, ""poke"": 0.9503105590062112, ""scratch"": 0.948960302457467, ""squeeze"": 0.991304347826087}",0.9724800705922226,446.8125,2.5863521239999727,2515.3125,
p0_anomaly_mvtec|capsule|dinov2_s|coreset_knn|1024|1,p0_anomaly_mvtec,capsule,dinov2_s,219,132,109,1024,21.017523612999867,2,Tesla T4,coreset_knn,1024,1,63.66015625,0.24129607500003658,2515.3125,1024.0,0.9688871160749901,"{""crack"": 0.9640831758034026, ""faulty_imprint"": 0.9387351778656127, ""poke"": 0.9751552795031057, ""scratch"": 0.9735349716446124, ""squeeze"": 0.9956521739130435}",0.988746982223041,446.8125,2.5863521239999727,2515.3125,
p0_anomaly_mvtec|capsule|dinov2_s|random_knn|64|1,p0_anomaly_mvtec,capsule,dinov2_s,219,132,109,1024,21.017523612999867,2,Tesla T4,random_knn,64,1,22.25048828125,0.15163839799993184,2515.3125,64.0,0.700438771439968,"{""crack"": 0.7674858223062382, ""faulty_imprint"": 0.6106719367588933, ""poke"": 0.7929606625258798, ""scratch"": 0.5860113421550095, ""squeeze"": 0.7565217391304347}",0.9332410636103303,,,,
p0_anomaly_mvtec|capsule|dinov2_s|random_knn|256|1,p0_anomaly_mvtec,capsule,dinov2_s,219,132,109,1024,21.017523612999867,2,Tesla T4,random_knn,256,1,28.5322265625,0.14627384699997492,2515.3125,256.0,0.8751495811727165,"{""crack"": 0.8601134215500945, ""faulty_imprint"": 0.8221343873517787, ""poke"": 0.8944099378881987, ""scratch"": 0.9432892249527411, ""squeeze"": 0.8521739130434782}",0.9776486360631854,,,,
p0_anomaly_mvtec|capsule|dinov2_s|random_knn|1024|1,p0_anomaly_mvtec,capsule,dinov2_s,219,132,109,1024,21.017523612999867,2,Tesla T4,random_knn,1024,1,63.66015625,0.1918984779999846,2515.3125,1024.0,0.9457518946948545,"{""crack"": 0.9319470699432892, ""faulty_imprint"": 0.8893280632411067, ""poke"": 0.9668737060041408, ""scratch"": 0.9848771266540643, ""squeeze"": 0.9565217391304348}",0.9868683357814685,,,,
p0_anomaly_mvtec|capsule|dinov2_s|coreset_knn|64|2,p0_anomaly_mvtec,capsule,dinov2_s,219,132,109,1024,21.017523612999867,2,Tesla T4,coreset_knn,64,2,22.25048828125,0.13947509199999786,2515.3125,64.0,0.8456322297566813,"{""crack"": 0.8412098298676749, ""faulty_imprint"": 0.7450592885375494, ""poke"": 0.8944099378881988, ""scratch"": 0.7769376181474481, ""squeeze"": 0.9891304347826088}",0.8799842826468361,446.8125,2.644748234999952,2515.3125,
p0_anomaly_mvtec|capsule|dinov2_s|coreset_knn|256|2,p0_anomaly_mvtec,capsule,dinov2_s,219,132,109,1024,21.017523612999867,2,Tesla T4,coreset_knn,256,2,28.5322265625,0.1476671240000087,2515.3125,256.0,0.957718388512166,"{""crack"": 0.9565217391304348, ""faulty_imprint"": 0.9249011857707511, ""poke"": 0.9585921325051759, ""scratch"": 0.9565217391304348, ""squeeze"": 0.9956521739130435}",0.9726167267749761,446.8125,2.644748234999952,2515.3125,
p0_anomaly_mvtec|capsule|dinov2_s|coreset_knn|1024|2,p0_anomaly_mvtec,capsule,dinov2_s,219,132,109,1024,21.017523612999867,2,Tesla T4,coreset_knn,1024,2,63.66015625,0.18443177800008925,2515.3125,1024.0,0.9792580773833267,"{""crack"": 0.9754253308128544, ""faulty_imprint"": 0.9683794466403162, ""poke"": 0.9834368530020704, ""scratch"": 0.9773156899810964, ""squeeze"": 0.9934782608695653}",0.9870001852974519,446.8125,2.644748234999952,2515.3125,
p0_anomaly_mvtec|capsule|dinov2_s|random_knn|64|2,p0_anomaly_mvtec,capsule,dinov2_s,219,132,109,1024,21.017523612999867,2,Tesla T4,random_knn,64,2,22.25048828125,0.13083065000000715,2515.3125,64.0,0.877143996808935,"{""crack"": 0.8582230623818526, ""faulty_imprint"": 0.7766798418972333, ""poke"": 0.9296066252587991, ""scratch"": 0.9357277882797732, ""squeeze"": 0.8869565217391304}",0.9594772912524436,,,,
p0_anomaly_mvtec|capsule|dinov2_s|random_knn|256|2,p0_anomaly_mvtec,capsule,dinov2_s,219,132,109,1024,21.017523612999867,2,Tesla T4,random_knn,256,2,28.5322265625,0.15514548600003764,2515.3125,256.0,0.7570801755085761,"{""crack"": 0.7296786389413988, ""faulty_imprint"": 0.6719367588932806, ""poke"": 0.7308488612836439, ""scratch"": 0.8771266540642723, ""squeeze"": 0.7717391304347827}",0.9785078551607421,,,,
p0_anomaly_mvtec|capsule|dinov2_s|random_knn|1024|2,p0_anomaly_mvtec,capsule,dinov2_s,219,132,109,1024,21.017523612999867,2,Tesla T4,random_knn,1024,2,63.66015625,0.19074802199997976,2515.3125,1024.0,0.9545273234942161,"{""crack"": 0.945179584120983, ""faulty_imprint"": 0.8952569169960475, ""poke"": 0.9855072463768116, ""scratch"": 0.9962192816635161, ""squeeze"": 0.95}",0.9874596428066735,,,,
p0_anomaly_mvtec|capsule|dense_sift|coreset_knn|64|0,p0_anomaly_mvtec,capsule,dense_sift,219,132,109,729,80.15062132799994,2,Tesla T4,coreset_knn,64,0,14.18798828125,0.1538860719999775,2515.3125,64.0,0.5807738332668528,"{""crack"": 0.4612476370510397, ""faulty_imprint"": 0.5513833992094862, ""poke"": 0.5962732919254657, ""scratch"": 0.5255198487712667, ""squeeze"": 0.7978260869565217}",0.7402616113442464,242.734375,1.853411446999985,2515.3125,
p0_anomaly_mvtec|capsule|dense_sift|coreset_knn|256|0,p0_anomaly_mvtec,capsule,dense_sift,219,132,109,729,80.15062132799994,2,Tesla T4,coreset_knn,256,0,22.2822265625,0.10999143499998354,2515.3125,256.0,0.48544076585560436,"{""crack"": 0.5141776937618148, ""faulty_imprint"": 0.32806324110671936, ""poke"": 0.4306418219461698, ""scratch"": 0.2835538752362949, ""squeeze"": 0.9152173913043478}",0.8346099538650605,242.734375,1.853411446999985,2515.3125,
p0_anomaly_mvtec|capsule|dense_sift|coreset_knn|1024|0,p0_anomaly_mvtec,capsule,dense_sift,219,132,109,729,80.15062132799994,2,Tesla T4,coreset_knn,1024,0,58.66015625,0.12530311700004404,2515.3125,1024.0,0.7227762265656164,"{""crack"": 0.6597353497164461, ""faulty_imprint"": 0.6027667984189723, ""poke"": 0.6873706004140787, ""scratch"": 0.7334593572778829, ""squeeze"": 0.9521739130434783}",0.8516991776367124,242.734375,1.853411446999985,2515.3125,
p0_anomaly_mvtec|capsule|dense_sift|random_knn|64|0,p0_anomaly_mvtec,capsule,dense_sift,219,132,109,729,80.15062132799994,2,Tesla T4,random_knn,64,0,14.18798828125,0.1255908379999937,2515.3125,64.0,0.46788990825688076,"{""crack"": 0.3856332703213611, ""faulty_imprint"": 0.41501976284584985, ""poke"": 0.43064182194616973, ""scratch"": 0.4858223062381852, ""squeeze"": 0.6391304347826088}",0.7373281655333198,,,,
p0_anomaly_mvtec|capsule|dense_sift|random_knn|256|0,p0_anomaly_mvtec,capsule,dense_sift,219,132,109,729,80.15062132799994,2,Tesla T4,random_knn,256,0,22.2822265625,0.14903140999990683,2515.3125,256.0,0.34064619066613483,"{""crack"": 0.2457466918714556, ""faulty_imprint"": 0.3695652173913044, ""poke"": 0.3685300207039338, ""scratch"": 0.277882797731569, ""squeeze"": 0.4608695652173913}",0.8374565448083635,,,,
p0_anomaly_mvtec|capsule|dense_sift|random_knn|1024|0,p0_anomaly_mvtec,capsule,dense_sift,219,132,109,729,80.15062132799994,2,Tesla T4,random_knn,1024,0,58.66015625,0.13152006299992536,2515.3125,1024.0,0.4583167132030316,"{""crack"": 0.40453686200378075, ""faulty_imprint"": 0.4051383399209486, ""poke"": 0.4078674948240166, ""scratch"": 0.3402646502835539, ""squeeze"": 0.7673913043478261}",0.8568475463640441,,,,
p0_anomaly_mvtec|capsule|dense_sift|coreset_knn|64|1,p0_anomaly_mvtec,capsule,dense_sift,219,132,109,729,80.15062132799994,2,Tesla T4,coreset_knn,64,1,14.18798828125,0.11527910500001326,2515.3125,64.0,0.6278420422816114,"{""crack"": 0.5122873345935728, ""faulty_imprint"": 0.5553359683794467, ""poke"": 0.6645962732919255, ""scratch"": 0.612476370510397, ""squeeze"": 0.8195652173913044}",0.7261078126060041,242.734375,1.8322192110000515,2515.3125,
p0_anomaly_mvtec|capsule|dense_sift|coreset_knn|256|1,p0_anomaly_mvtec,capsule,dense_sift,219,132,109,729,80.15062132799994,2,Tesla T4,coreset_knn,256,1,22.2822265625,0.14543696500004444,2515.3125,256.0,0.6537694455524531,"{""crack"": 0.6275992438563328, ""faulty_imprint"": 0.5671936758893281, ""poke"": 0.5900621118012422, ""scratch"": 0.5500945179584121, ""squeeze"": 0.9652173913043478}",0.7910865149955563,242.734375,1.8322192110000515,2515.3125,
p0_anomaly_mvtec|capsule|dense_sift|coreset_knn|1024|1,p0_anomaly_mvtec,capsule,dense_sift,219,132,109,729,80.15062132799994,2,Tesla T4,coreset_knn,1024,1,58.66015625,0.1263948910000181,2515.3125,1024.0,0.6940566414040686,"{""crack"": 0.6824196597353498, ""faulty_imprint"": 0.673913043478261, ""poke"": 0.5797101449275363, ""scratch"": 0.6351606805293005, ""squeeze"": 0.9173913043478261}",0.8292067238603164,242.734375,1.8322192110000515,2515.3125,
p0_anomaly_mvtec|capsule|dense_sift|random_knn|64|1,p0_anomaly_mvtec,capsule,dense_sift,219,132,109,729,80.15062132799994,2,Tesla T4,random_knn,64,1,14.18798828125,0.10910483099996782,2515.3125,64.0,0.40566414040686083,"{""crack"": 0.34971644612476366, ""faulty_imprint"": 0.3142292490118577, ""poke"": 0.3664596273291925, ""scratch"": 0.36672967863894135, ""squeeze"": 0.6565217391304348}",0.5915239889840143,,,,
p0_anomaly_mvtec|capsule|dense_sift|random_knn|256|1,p0_anomaly_mvtec,capsule,dense_sift,219,132,109,729,80.15062132799994,2,Tesla T4,random_knn,256,1,22.2822265625,0.11557206300005873,2515.3125,256.0,0.43797367371360196,"{""crack"": 0.3308128544423441, ""faulty_imprint"": 0.5375494071146245, ""poke"": 0.4554865424430642, ""scratch"": 0.3553875236294896, ""squeeze"": 0.5282608695652175}",0.7948721210950778,,,,
p0_anomaly_mvtec|capsule|dense_sift|random_knn|1024|1,p0_anomaly_mvtec,capsule,dense_sift,219,132,109,729,80.15062132799994,2,Tesla T4,random_knn,1024,1,58.66015625,0.17790116200001194,2515.3125,1024.0,0.6964499401675309,"{""crack"": 0.6370510396975425, ""faulty_imprint"": 0.733201581027668, ""poke"": 0.6521739130434783, ""scratch"": 0.6824196597353497, ""squeeze"": 0.7869565217391304}",0.8446945630028613,,,,
p0_anomaly_mvtec|capsule|dense_sift|coreset_knn|64|2,p0_anomaly_mvtec,capsule,dense_sift,219,132,109,729,80.15062132799994,2,Tesla T4,coreset_knn,64,2,14.18798828125,0.11293274399997699,2515.3125,64.0,0.5867570801755086,"{""crack"": 0.5160680529300568, ""faulty_imprint"": 0.5059288537549407, ""poke"": 0.49275362318840576, ""scratch"": 0.6011342155009451, ""squeeze"": 0.8391304347826087}",0.7106656163349502,242.734375,1.8312151709999398,2515.3125,
p0_anomaly_mvtec|capsule|dense_sift|coreset_knn|256|2,p0_anomaly_mvtec,capsule,dense_sift,219,132,109,729,80.15062132799994,2,Tesla T4,coreset_knn,256,2,22.2822265625,0.12641826800006584,2515.3125,256.0,0.6465895492620662,"{""crack"": 0.6994328922495274, ""faulty_imprint"": 0.541501976284585, ""poke"": 0.536231884057971, ""scratch"": 0.5897920604914934, ""squeeze"": 0.8826086956521739}",0.8275547859284348,242.734375,1.8312151709999398,2515.3125,
p0_anomaly_mvtec|capsule|dense_sift|coreset_knn|1024|2,p0_anomaly_mvtec,capsule,dense_sift,219,132,109,729,80.15062132799994,2,Tesla T4,coreset_knn,1024,2,58.66015625,0.13071602399998028,2515.3125,1024.0,0.7319505384922218,"{""crack"": 0.773156899810964, ""faulty_imprint"": 0.6047430830039526, ""poke"": 0.7101449275362319, ""scratch"": 0.6465028355387524, ""squeeze"": 0.9456521739130435}",0.8500266322450004,242.734375,1.8312151709999398,2515.3125,
p0_anomaly_mvtec|capsule|dense_sift|random_knn|64|2,p0_anomaly_mvtec,capsule,dense_sift,219,132,109,729,80.15062132799994,2,Tesla T4,random_knn,64,2,14.18798828125,0.16109005900000284,2515.3125,64.0,0.4499401675309134,"{""crack"": 0.32325141776937616, ""faulty_imprint"": 0.383399209486166, ""poke"": 0.5445134575569358, ""scratch"": 0.28733459357277885, ""squeeze"": 0.7565217391304347}",0.7398606780901221,,,,
p0_anomaly_mvtec|capsule|dense_sift|random_knn|256|2,p0_anomaly_mvtec,capsule,dense_sift,219,132,109,729,80.15062132799994,2,Tesla T4,random_knn,256,2,22.2822265625,0.11055548900003487,2515.3125,256.0,0.4658954926206621,"{""crack"": 0.37051039697542537, ""faulty_imprint"": 0.5079051383399209, ""poke"": 0.5093167701863354, ""scratch"": 0.387523629489603, ""squeeze"": 0.5739130434782609}",0.8648090041538802,,,,
p0_anomaly_mvtec|capsule|dense_sift|random_knn|1024|2,p0_anomaly_mvtec,capsule,dense_sift,219,132,109,729,80.15062132799994,2,Tesla T4,random_knn,1024,2,58.66015625,0.1253678939999645,2515.3125,1024.0,0.6230554447546869,"{""crack"": 0.6786389413988658, ""faulty_imprint"": 0.5849802371541503, ""poke"": 0.45134575569358176, ""scratch"": 0.5689981096408318, ""squeeze"": 0.8434782608695652}",0.860747780647205,,,,
p0_anomaly_mvtec|carpet|dinov2_s|coreset_knn|64|0,p0_anomaly_mvtec,carpet,dinov2_s,280,117,89,1024,23.490016327999683,2,Tesla T4,coreset_knn,64,0,22.25048828125,0.12143484499995338,2515.3125,64.0,0.9975922953451044,"{""color"": 1.0, ""cut"": 1.0, ""hole"": 1.0, ""metal_contamination"": 1.0, ""thread"": 0.9887218045112782}",0.9907236971876584,568.3125,3.281476608000048,2515.3125,
p0_anomaly_mvtec|carpet|dinov2_s|coreset_knn|256|0,p0_anomaly_mvtec,carpet,dinov2_s,280,117,89,1024,23.490016327999683,2,Tesla T4,coreset_knn,256,0,28.5322265625,0.14397421499995744,2515.3125,256.0,0.9979935794542536,"{""color"": 0.9962406015037594, ""cut"": 1.0, ""hole"": 1.0, ""metal_contamination"": 1.0, ""thread"": 0.9943609022556391}",0.9909326060837552,568.3125,3.281476608000048,2515.3125,
p0_anomaly_mvtec|carpet|dinov2_s|coreset_knn|1024|0,p0_anomaly_mvtec,carpet,dinov2_s,280,117,89,1024,23.490016327999683,2,Tesla T4,coreset_knn,1024,0,63.66015625,0.1635472690001052,2515.3125,1024.0,0.9991974317817015,"{""color"": 1.0, ""cut"": 1.0, ""hole"": 1.0, ""metal_contamination"": 1.0, ""thread"": 0.9962406015037594}",0.9914827950216023,568.3125,3.281476608000048,2515.3125,
p0_anomaly_mvtec|carpet|dinov2_s|random_knn|64|0,p0_anomaly_mvtec,carpet,dinov2_s,280,117,89,1024,23.490016327999683,2,Tesla T4,random_knn,64,0,22.25048828125,0.15957405699998617,2515.3125,64.0,0.976725521669342,"{""color"": 0.9473684210526316, ""cut"": 0.9684873949579833, ""hole"": 0.98109243697479, ""metal_contamination"": 1.0, ""thread"": 0.9887218045112782}",0.9917412401763959,,,,
p0_anomaly_mvtec|carpet|dinov2_s|random_knn|256|0,p0_anomaly_mvtec,carpet,dinov2_s,280,117,89,1024,23.490016327999683,2,Tesla T4,random_knn,256,0,28.5322265625,0.13018894200001796,2515.3125,256.0,0.9835473515248796,"{""color"": 0.9642857142857143, ""cut"": 0.9705882352941178, ""hole"": 0.9936974789915967, ""metal_contamination"": 1.0, ""thread"": 0.9906015037593985}",0.9929569558616503,,,,
p0_anomaly_mvtec|carpet|dinov2_s|random_knn|1024|0,p0_anomaly_mvtec,carpet,dinov2_s,280,117,89,1024,23.490016327999683,2,Tesla T4,random_knn,1024,0,63.66015625,0.16650822799999787,2515.3125,1024.0,0.9967897271268058,"{""color"": 0.9981203007518797, ""cut"": 1.0, ""hole"": 0.9957983193277311, ""metal_contamination"": 1.0, ""thread"": 0.9906015037593985}",0.9930783481166069,,,,
p0_anomaly_mvtec|carpet|dinov2_s|coreset_knn|64|1,p0_anomaly_mvtec,carpet,dinov2_s,280,117,89,1024,23.490016327999683,2,Tesla T4,coreset_knn,64,1,22.25048828125,0.17693998300001113,2515.3125,64.0,0.9995987158908507,"{""color"": 1.0, ""cut"": 1.0, ""hole"": 1.0, ""metal_contamination"": 1.0, ""thread"": 0.9981203007518797}",0.99083105146009,568.3125,3.301328714999954,2515.3125,
p0_anomaly_mvtec|carpet|dinov2_s|coreset_knn|256|1,p0_anomaly_mvtec,carpet,dinov2_s,280,117,89,1024,23.490016327999683,2,Tesla T4,coreset_knn,256,1,28.5322265625,0.1299187519999805,2515.3125,256.0,1.0,"{""color"": 1.0, ""cut"": 1.0, ""hole"": 1.0, ""metal_contamination"": 1.0, ""thread"": 1.0}",0.9907038085886278,568.3125,3.301328714999954,2515.3125,
p0_anomaly_mvtec|carpet|dinov2_s|coreset_knn|1024|1,p0_anomaly_mvtec,carpet,dinov2_s,280,117,89,1024,23.490016327999683,2,Tesla T4,coreset_knn,1024,1,63.66015625,0.16363892399999713,2515.3125,1024.0,0.9991974317817015,"{""color"": 1.0, ""cut"": 1.0, ""hole"": 1.0, ""metal_contamination"": 1.0, ""thread"": 0.9962406015037594}",0.9915631802436581,568.3125,3.301328714999954,2515.3125,
p0_anomaly_mvtec|carpet|dinov2_s|random_knn|64|1,p0_anomaly_mvtec,carpet,dinov2_s,280,117,89,1024,23.490016327999683,2,Tesla T4,random_knn,64,1,22.25048828125,0.11738859100000809,2515.3125,64.0,0.9301765650080257,"{""color"": 0.8214285714285714, ""cut"": 0.9180672268907564, ""hole"": 0.9621848739495797, ""metal_contamination"": 1.0, ""thread"": 0.9586466165413534}",0.989890750965407,,,,
p0_anomaly_mvtec|carpet|dinov2_s|random_knn|256|1,p0_anomaly_mvtec,carpet,dinov2_s,280,117,89,1024,23.490016327999683,2,Tesla T4,random_knn,256,1,28.5322265625,0.13102963899996212,2515.3125,256.0,0.9735152487961476,"{""color"": 0.9417293233082707, ""cut"": 0.9600840336134453, ""hole"": 0.98109243697479, ""metal_contamination"": 1.0, ""thread"": 0.986842105263158}",0.9932755887372133,,,,
p0_anomaly_mvtec|carpet|dinov2_s|random_knn|1024|1,p0_anomaly_mvtec,carpet,dinov2_s,280,117,89,1024,23.490016327999683,2,Tesla T4,random_knn,1024,1,63.66015625,0.24713834799990764,2515.3125,1024.0,0.968298555377207,"{""color"": 0.924812030075188, ""cut"": 0.9558823529411764, ""hole"": 0.9789915966386555, ""metal_contamination"": 1.0, ""thread"": 0.9849624060150376}",0.9930849228325995,,,,
p0_anomaly_mvtec|carpet|dinov2_s|coreset_knn|64|2,p0_anomaly_mvtec,carpet,dinov2_s,280,117,89,1024,23.490016327999683,2,Tesla T4,coreset_knn,64,2,22.25048828125,0.12000570600002902,2515.3125,64.0,1.0,"{""color"": 1.0, ""cut"": 1.0, ""hole"": 1.0, ""metal_contamination"": 1.0, ""thread"": 1.0}",0.9904660402076996,568.3125,3.27251636699998,2515.3125,
p0_anomaly_mvtec|carpet|dinov2_s|coreset_knn|256|2,p0_anomaly_mvtec,carpet,dinov2_s,280,117,89,1024,23.490016327999683,2,Tesla T4,coreset_knn,256,2,28.5322265625,0.1353747119999298,2515.3125,256.0,0.9987961476725522,"{""color"": 0.9981203007518797, ""cut"": 1.0, ""hole"": 1.0, ""metal_contamination"": 1.0, ""thread"": 0.9962406015037595}",0.9900524136809731,568.3125,3.27251636699998,2515.3125,
p0_anomaly_mvtec|carpet|dinov2_s|coreset_knn|1024|2,p0_anomaly_mvtec,carpet,dinov2_s,280,117,89,1024,23.490016327999683,2,Tesla T4,coreset_knn,1024,2,63.66015625,0.21976524599995173,2515.3125,1024.0,0.9991974317817015,"{""color"": 1.0, ""cut"": 1.0, ""hole"": 1.0, ""metal_contamination"": 1.0, ""thread"": 0.9962406015037595}",0.9914039412560767,568.3125,3.27251636699998,2515.3125,
p0_anomaly_mvtec|carpet|dinov2_s|random_knn|64|2,p0_anomaly_mvtec,carpet,dinov2_s,280,117,89,1024,23.490016327999683,2,Tesla T4,random_knn,64,2,22.25048828125,0.12555772500013518,2515.3125,64.0,0.96107544141252,"{""color"": 0.9116541353383458, ""cut"": 0.9327731092436975, ""hole"": 0.98109243697479, ""metal_contamination"": 1.0, ""thread"": 0.9830827067669172}",0.991827969289911,,,,
p0_anomaly_mvtec|carpet|dinov2_s|random_knn|256|2,p0_anomaly_mvtec,carpet,dinov2_s,280,117,89,1024,23.490016327999683,2,Tesla T4,random_knn,256,2,28.5322265625,0.13115968499982955,2515.3125,256.0,0.9763242375601927,"{""color"": 0.9417293233082707, ""cut"": 0.9600840336134454, ""hole"": 0.9894957983193278, ""metal_contamination"": 1.0, ""thread"": 0.9924812030075189}",0.9929650629931217,,,,
p0_anomaly_mvtec|carpet|dinov2_s|random_knn|1024|2,p0_anomaly_mvtec,carpet,dinov2_s,280,117,89,1024,23.490016327999683,2,Tesla T4,random_knn,1024,2,63.66015625,0.16334522199986168,2515.3125,1024.0,0.9779293739967898,"{""color"": 0.943609022556391, ""cut"": 0.9684873949579833, ""hole"": 0.9894957983193278, ""metal_contamination"": 1.0, ""thread"": 0.9906015037593985}",0.9934098405212692,,,,
p0_anomaly_mvtec|carpet|dense_sift|coreset_knn|64|0,p0_anomaly_mvtec,carpet,dense_sift,280,117,89,729,89.49323753199997,2,Tesla T4,coreset_knn,64,0,14.18798828125,0.09242052800004785,2515.3125,64.0,0.49959871589085075,"{""color"": 0.6109022556390977, ""cut"": 0.4474789915966386, ""hole"": 0.4369747899159664, ""metal_contamination"": 0.3529411764705882, ""thread"": 0.6221804511278195}",0.468054425568407,308.90380859375,2.3057651120000173,2515.3125,
p0_anomaly_mvtec|carpet|dense_sift|coreset_knn|256|0,p0_anomaly_mvtec,carpet,dense_sift,280,117,89,729,89.49323753199997,2,Tesla T4,coreset_knn,256,0,22.2822265625,0.10002666099990165,2515.3125,256.0,0.49558587479935795,"{""color"": 0.5958646616541353, ""cut"": 0.4180672268907563, ""hole"": 0.4432773109243697, ""metal_contamination"": 0.36764705882352944, ""thread"": 0.6259398496240601}",0.5863600575727027,308.90380859375,2.3057651120000173,2515.3125,
p0_anomaly_mvtec|carpet|dense_sift|coreset_knn|1024|0,p0_anomaly_mvtec,carpet,dense_sift,280,117,89,729,89.49323753199997,2,Tesla T4,coreset_knn,1024,0,58.66015625,0.13906678600005762,2515.3125,1024.0,0.5357142857142857,"{""color"": 0.6917293233082706, ""cut"": 0.5441176470588235, ""hole"": 0.4474789915966386, ""metal_contamination"": 0.30042016806722693, ""thread"": 0.6616541353383458}",0.6800998937371654,308.90380859375,2.3057651120000173,2515.3125,
p0_anomaly_mvtec|carpet|dense_sift|random_knn|64|0,p0_anomaly_mvtec,carpet,dense_sift,280,117,89,729,89.49323753199997,2,Tesla T4,random_knn,64,0,14.18798828125,0.1080051359999743,2515.3125,64.0,0.3948635634028892,"{""color"": 0.4078947368421053, ""cut"": 0.41806722689075626, ""hole"": 0.3739495798319328, ""metal_contamination"": 0.296218487394958, ""thread"": 0.4680451127819548}",0.4715210020852959,,,,
p0_anomaly_mvtec|carpet|dense_sift|random_knn|256|0,p0_anomaly_mvtec,carpet,dense_sift,280,117,89,729,89.49323753199997,2,Tesla T4,random_knn,256,0,22.2822265625,0.09703813100009029,2515.3125,256.0,0.44301765650080255,"{""color"": 0.43609022556390975, ""cut"": 0.4915966386554622, ""hole"": 0.40336134453781514, ""metal_contamination"": 0.3907563025210084, ""thread"": 0.48872180451127817}",0.5065131448104725,,,,
p0_anomaly_mvtec|carpet|dense_sift|random_knn|1024|0,p0_anomaly_mvtec,carpet,dense_sift,280,117,89,729,89.49323753199997,2,Tesla T4,random_knn,1024,0,58.66015625,0.1112953499998639,2515.3125,1024.0,0.42054574638844305,"{""color"": 0.5300751879699248, ""cut"": 0.407563025210084, ""hole"": 0.3949579831932773, ""metal_contamination"": 0.2710084033613445, ""thread"": 0.47932330827067665}",0.5386460563028304,,,,
p0_anomaly_mvtec|carpet|dense_sift|coreset_knn|64|1,p0_anomaly_mvtec,carpet,dense_sift,280,117,89,729,89.49323753199997,2,Tesla T4,coreset_knn,64,1,14.18798828125,0.14213216799998918,2515.3125,64.0,0.5429373996789727,"{""color"": 0.650375939849624, ""cut"": 0.4432773109243698, ""hole"": 0.5273109243697479, ""metal_contamination"": 0.4558823529411765, ""thread"": 0.6165413533834586}",0.5614051750903574,308.90380859375,2.319345498000075,2515.3125,
p0_anomaly_mvtec|carpet|dense_sift|coreset_knn|256|1,p0_anomaly_mvtec,carpet,dense_sift,280,117,89,729,89.49323753199997,2,Tesla T4,coreset_knn,256,1,22.2822265625,0.09682360000010704,2515.3125,256.0,0.5208667736757624,"{""color"": 0.6390977443609023, ""cut"": 0.4684873949579832, ""hole"": 0.4642857142857143, ""metal_contamination"": 0.3739495798319328, ""thread"": 0.631578947368421}",0.6279338359792824,308.90380859375,2.319345498000075,2515.3125,
p0_anomaly_mvtec|carpet|dense_sift|coreset_knn|1024|1,p0_anomaly_mvtec,carpet,dense_sift,280,117,89,729,89.49323753199997,2,Tesla T4,coreset_knn,1024,1,58.66015625,0.11106976600012786,2515.3125,1024.0,0.5686195826645264,"{""color"": 0.7650375939849624, ""cut"": 0.5567226890756303, ""hole"": 0.5084033613445378, ""metal_contamination"": 0.2857142857142857, ""thread"": 0.6898496240601504}",0.6719076659524084,308.90380859375,2.319345498000075,2515.3125,
p0_anomaly_mvtec|carpet|dense_sift|random_knn|64|1,p0_anomaly_mvtec,carpet,dense_sift,280,117,89,729,89.49323753199997,2,Tesla T4,random_knn,64,1,14.18798828125,0.09218452599998272,2515.3125,64.0,0.4498394863563402,"{""color"": 0.47932330827067665, ""cut"": 0.3697478991596639, ""hole"": 0.43067226890756305, ""metal_contamination"": 0.40756302521008403, ""thread"": 0.5469924812030075}",0.44379100794238474,,,,
p0_anomaly_mvtec|carpet|dense_sift|random_knn|256|1,p0_anomaly_mvtec,carpet,dense_sift,280,117,89,729,89.49323753199997,2,Tesla T4,random_knn,256,1,22.2822265625,0.10595457599993097,2515.3125,256.0,0.6015248796147672,"{""color"": 0.5958646616541353, ""cut"": 0.5504201680672269, ""hole"": 0.5483193277310924, ""metal_contamination"": 0.6743697478991597, ""thread"": 0.6353383458646616}",0.5085906723583108,,,,
p0_anomaly_mvtec|carpet|dense_sift|random_knn|1024|1,p0_anomaly_mvtec,carpet,dense_sift,280,117,89,729,89.49323753199997,2,Tesla T4,random_knn,1024,1,58.66015625,0.15236438900001303,2515.3125,1024.0,0.4434189406099518,"{""color"": 0.4943609022556391, ""cut"": 0.4096638655462185, ""hole"": 0.3802521008403361, ""metal_contamination"": 0.3340336134453782, ""thread"": 0.5770676691729323}",0.5292533554100955,,,,
p0_anomaly_mvtec|carpet|dense_sift|coreset_knn|64|2,p0_anomaly_mvtec,carpet,dense_sift,280,117,89,729,89.49323753199997,2,Tesla T4,coreset_knn,64,2,14.18798828125,0.09352028099988274,2515.3125,64.0,0.5076243980738363,"{""color"": 0.5921052631578947, ""cut"": 0.4873949579831933, ""hole"": 0.46218487394957986, ""metal_contamination"": 0.37815126050420167, ""thread"": 0.5977443609022556}",0.544705892231119,308.90380859375,2.306946777999883,2515.3125,
p0_anomaly_mvtec|carpet|dense_sift|coreset_knn|256|2,p0_anomaly_mvtec,carpet,dense_sift,280,117,89,729,89.49323753199997,2,Tesla T4,coreset_knn,256,2,22.2822265625,0.13188006399991536,2515.3125,256.0,0.5296950240770466,"{""color"": 0.6860902255639099, ""cut"": 0.48949579831932777, ""hole"": 0.5, ""metal_contamination"": 0.3340336134453782, ""thread"": 0.6109022556390977}",0.7097004516344338,308.90380859375,2.306946777999883,2515.3125,
p0_anomaly_mvtec|carpet|dense_sift|coreset_knn|1024|2,p0_anomaly_mvtec,carpet,dense_sift,280,117,89,729,89.49323753199997,2,Tesla T4,coreset_knn,1024,2,58.66015625,0.11060764599983486,2515.3125,1024.0,0.5381219903691814,"{""color"": 0.7011278195488722, ""cut"": 0.49789915966386555, ""hole"": 0.45378151260504207, ""metal_contamination"": 0.35294117647058826, ""thread"": 0.6522556390977443}",0.7308772146416501,308.90380859375,2.306946777999883,2515.3125,
p0_anomaly_mvtec|carpet|dense_sift|random_knn|64|2,p0_anomaly_mvtec,carpet,dense_sift,280,117,89,729,89.49323753199997,2,Tesla T4,random_knn,64,2,14.18798828125,0.12845817600009468,2515.3125,64.0,0.41452648475120385,"{""color"": 0.44924812030075184, ""cut"": 0.4768907563025211, ""hole"": 0.3277310924369748, ""metal_contamination"": 0.3550420168067227, ""thread"": 0.45488721804511273}",0.4613038469723973,,,,
p0_anomaly_mvtec|carpet|dense_sift|random_knn|256|2,p0_anomaly_mvtec,carpet,dense_sift,280,117,89,729,89.49323753199997,2,Tesla T4,random_knn,256,2,22.2822265625,0.10456965999992462,2515.3125,256.0,0.45505617977528084,"{""color"": 0.5206766917293233, ""cut"": 0.48109243697478987, ""hole"": 0.3088235294117647, ""metal_contamination"": 0.5294117647058824, ""thread"": 0.43045112781954886}",0.5028243518128757,,,,
p0_anomaly_mvtec|carpet|dense_sift|random_knn|1024|2,p0_anomaly_mvtec,carpet,dense_sift,280,117,89,729,89.49323753199997,2,Tesla T4,random_knn,1024,2,58.66015625,0.11090033300001778,2515.3125,1024.0,0.39686998394863565,"{""color"": 0.6052631578947367, ""cut"": 0.37815126050420167, ""hole"": 0.3235294117647059, ""metal_contamination"": 0.1638655462184874, ""thread"": 0.4793233082706767}",0.5408774176048217,,,,
p0_anomaly_mvtec|grid|dinov2_s|coreset_knn|64|0,p0_anomaly_mvtec,grid,dinov2_s,264,78,57,1024,12.241776278000088,2,Tesla T4,coreset_knn,64,0,22.25048828125,0.11008367999988877,2515.3125,64.0,0.9941520467836258,"{""bent"": 1.0, ""broken"": 1.0, ""glue"": 0.9696969696969697, ""metal_contamination"": 1.0, ""thread"": 1.0}",0.9878139055495784,536.3125,3.121292237000034,2515.3125,
p0_anomaly_mvtec|grid|dinov2_s|coreset_knn|256|0,p0_anomaly_mvtec,grid,dinov2_s,264,78,57,1024,12.241776278000088,2,Tesla T4,coreset_knn,256,0,28.5322265625,0.10188686700007565,2515.3125,256.0,0.9991645781119465,"{""bent"": 1.0, ""broken"": 1.0, ""glue"": 0.9956709956709956, ""metal_contamination"": 1.0, ""thread"": 1.0}",0.9894429721192874,536.3125,3.121292237000034,2515.3125,
p0_anomaly_mvtec|grid|dinov2_s|coreset_knn|1024|0,p0_anomaly_mvtec,grid,dinov2_s,264,78,57,1024,12.241776278000088,2,Tesla T4,coreset_knn,1024,0,63.66015625,0.11278902000003654,2515.3125,1024.0,1.0,"{""bent"": 1.0, ""broken"": 1.0, ""glue"": 1.0, ""metal_contamination"": 1.0, ""thread"": 1.0}",0.9904003763612433,536.3125,3.121292237000034,2515.3125,
p0_anomaly_mvtec|grid|dinov2_s|random_knn|64|0,p0_anomaly_mvtec,grid,dinov2_s,264,78,57,1024,12.241776278000088,2,Tesla T4,random_knn,64,0,22.25048828125,0.08302940499993383,2515.3125,64.0,0.9924812030075187,"{""bent"": 0.9761904761904762, ""broken"": 1.0, ""glue"": 0.9870129870129871, ""metal_contamination"": 1.0, ""thread"": 1.0}",0.991839826842314,,,,
p0_anomaly_mvtec|grid|dinov2_s|random_knn|256|0,p0_anomaly_mvtec,grid,dinov2_s,264,78,57,1024,12.241776278000088,2,Tesla T4,random_knn,256,0,28.5322265625,0.08979741899997862,2515.3125,256.0,0.9983291562238931,"{""bent"": 1.0, ""broken"": 1.0, ""glue"": 0.9913419913419913, ""metal_contamination"": 1.0, ""thread"": 1.0}",0.9928033217295038,,,,
p0_anomaly_mvtec|grid|dinov2_s|random_knn|1024|0,p0_anomaly_mvtec,grid,dinov2_s,264,78,57,1024,12.241776278000088,2,Tesla T4,random_knn,1024,0,63.66015625,0.11457227200003217,2515.3125,1024.0,1.0,"{""bent"": 1.0, ""broken"": 1.0, ""glue"": 1.0, ""metal_contamination"": 1.0, ""thread"": 1.0}",0.9929944904571317,,,,
p0_anomaly_mvtec|grid|dinov2_s|coreset_knn|64|1,p0_anomaly_mvtec,grid,dinov2_s,264,78,57,1024,12.241776278000088,2,Tesla T4,coreset_knn,64,1,22.25048828125,0.10810936500001844,2515.3125,64.0,0.9949874686716792,"{""bent"": 1.0, ""broken"": 1.0, ""glue"": 0.974025974025974, ""metal_contamination"": 1.0, ""thread"": 1.0}",0.9868806749939867,536.3125,3.128401875999998,2515.3125,
p0_anomaly_mvtec|grid|dinov2_s|coreset_knn|256|1,p0_anomaly_mvtec,grid,dinov2_s,264,78,57,1024,12.241776278000088,2,Tesla T4,coreset_knn,256,1,28.5322265625,0.09169134699982351,2515.3125,256.0,1.0,"{""bent"": 1.0, ""broken"": 1.0, ""glue"": 1.0, ""metal_contamination"": 1.0, ""thread"": 1.0}",0.9897923739629547,536.3125,3.128401875999998,2515.3125,
p0_anomaly_mvtec|grid|dinov2_s|coreset_knn|1024|1,p0_anomaly_mvtec,grid,dinov2_s,264,78,57,1024,12.241776278000088,2,Tesla T4,coreset_knn,1024,1,63.66015625,0.11284318100001656,2515.3125,1024.0,1.0,"{""bent"": 1.0, ""broken"": 1.0, ""glue"": 1.0, ""metal_contamination"": 1.0, ""thread"": 1.0}",0.9903798769397512,536.3125,3.128401875999998,2515.3125,
p0_anomaly_mvtec|grid|dinov2_s|random_knn|64|1,p0_anomaly_mvtec,grid,dinov2_s,264,78,57,1024,12.241776278000088,2,Tesla T4,random_knn,64,1,22.25048828125,0.08513460199992551,2515.3125,64.0,0.9866332497911445,"{""bent"": 0.9603174603174603, ""broken"": 0.9920634920634921, ""glue"": 0.9826839826839827, ""metal_contamination"": 1.0, ""thread"": 1.0}",0.9924654210475332,,,,
p0_anomaly_mvtec|grid|dinov2_s|random_knn|256|1,p0_anomaly_mvtec,grid,dinov2_s,264,78,57,1024,12.241776278000088,2,Tesla T4,random_knn,256,1,28.5322265625,0.0924625659999947,2515.3125,256.0,0.9949874686716793,"{""bent"": 0.992063492063492, ""broken"": 1.0, ""glue"": 0.9826839826839827, ""metal_contamination"": 1.0, ""thread"": 1.0}",0.9926903678187844,,,,
p0_anomaly_mvtec|grid|dinov2_s|random_knn|1024|1,p0_anomaly_mvtec,grid,dinov2_s,264,78,57,1024,12.241776278000088,2,Tesla T4,random_knn,1024,1,63.66015625,0.11356254199995419,2515.3125,1024.0,1.0,"{""bent"": 1.0, ""broken"": 1.0, ""glue"": 1.0, ""metal_contamination"": 1.0, ""thread"": 1.0}",0.9927127720514186,,,,
p0_anomaly_mvtec|grid|dinov2_s|coreset_knn|64|2,p0_anomaly_mvtec,grid,dinov2_s,264,78,57,1024,12.241776278000088,2,Tesla T4,coreset_knn,64,2,22.25048828125,0.12315613900000244,2515.3125,64.0,0.9966583124477861,"{""bent"": 1.0, ""broken"": 1.0, ""glue"": 0.9826839826839827, ""metal_contamination"": 1.0, ""thread"": 1.0}",0.9894063491970359,536.3125,3.161168355999962,2515.3125,
p0_anomaly_mvtec|grid|dinov2_s|coreset_knn|256|2,p0_anomaly_mvtec,grid,dinov2_s,264,78,57,1024,12.241776278000088,2,Tesla T4,coreset_knn,256,2,28.5322265625,0.09174497499998324,2515.3125,256.0,1.0,"{""bent"": 1.0, ""broken"": 1.0, ""glue"": 1.0, ""metal_contamination"": 1.0, ""thread"": 1.0}",0.9894013009643988,536.3125,3.161168355999962,2515.3125,
p0_anomaly_mvtec|grid|dinov2_s|coreset_knn|1024|2,p0_anomaly_mvtec,grid,dinov2_s,264,78,57,1024,12.241776278000088,2,Tesla T4,coreset_knn,1024,2,63.66015625,0.11570476999986568,2515.3125,1024.0,1.0,"{""bent"": 1.0, ""broken"": 1.0, ""glue"": 1.0, ""metal_contamination"": 1.0, ""thread"": 1.0}",0.9901306734558509,536.3125,3.161168355999962,2515.3125,
p0_anomaly_mvtec|grid|dinov2_s|random_knn|64|2,p0_anomaly_mvtec,grid,dinov2_s,264,78,57,1024,12.241776278000088,2,Tesla T4,random_knn,64,2,22.25048828125,0.08121663899987652,2515.3125,64.0,0.9507101086048455,"{""bent"": 0.8888888888888888, ""broken"": 0.9404761904761906, ""glue"": 0.974025974025974, ""metal_contamination"": 0.9653679653679654, ""thread"": 0.9913419913419913}",0.9917392037587104,,,,
p0_anomaly_mvtec|grid|dinov2_s|random_knn|256|2,p0_anomaly_mvtec,grid,dinov2_s,264,78,57,1024,12.241776278000088,2,Tesla T4,random_knn,256,2,28.5322265625,0.08741184199993768,2515.3125,256.0,0.9983291562238931,"{""bent"": 1.0, ""broken"": 1.0, ""glue"": 0.9913419913419913, ""metal_contamination"": 1.0, ""thread"": 1.0}",0.9928082755399815,,,,
p0_anomaly_mvtec|grid|dinov2_s|random_knn|1024|2,p0_anomaly_mvtec,grid,dinov2_s,264,78,57,1024,12.241776278000088,2,Tesla T4,random_knn,1024,2,63.66015625,0.12187536499982343,2515.3125,1024.0,1.0,"{""bent"": 1.0, ""broken"": 1.0, ""glue"": 1.0, ""metal_contamination"": 1.0, ""thread"": 1.0}",0.9924960161274863,,,,
p0_anomaly_mvtec|grid|dense_sift|coreset_knn|64|0,p0_anomaly_mvtec,grid,dense_sift,264,78,57,729,76.21309556800043,2,Tesla T4,coreset_knn,64,0,14.18798828125,0.060741197000197644,2515.3125,64.0,0.4152046783625731,"{""bent"": 0.38888888888888884, ""broken"": 0.44841269841269843, ""glue"": 0.3203463203463204, ""metal_contamination"": 0.4588744588744589, ""thread"": 0.4588744588744589}",0.47812817213731057,290.859375,2.183165790999965,2515.3125,
p0_anomaly_mvtec|grid|dense_sift|coreset_knn|256|0,p0_anomaly_mvtec,grid,dense_sift,264,78,57,729,76.21309556800043,2,Tesla T4,coreset_knn,256,0,22.2822265625,0.07425851299990427,2515.3125,256.0,0.46616541353383456,"{""bent"": 0.4444444444444445, ""broken"": 0.384920634920635, ""glue"": 0.46320346320346323, ""metal_contamination"": 0.49783549783549785, ""thread"": 0.5497835497835498}",0.5667158792073445,290.859375,2.183165790999965,2515.3125,
p0_anomaly_mvtec|grid|dense_sift|coreset_knn|1024|0,p0_anomaly_mvtec,grid,dense_sift,264,78,57,729,76.21309556800043,2,Tesla T4,coreset_knn,1024,0,58.66015625,0.0760943899999802,2515.3125,1024.0,0.5221386800334169,"{""bent"": 0.48809523809523814, ""broken"": 0.42063492063492075, ""glue"": 0.5281385281385282, ""metal_contamination"": 0.45021645021645024, ""thread"": 0.7359307359307359}",0.6084227157355526,290.859375,2.183165790999965,2515.3125,
p0_anomaly_mvtec|grid|dense_sift|random_knn|64|0,p0_anomaly_mvtec,grid,dense_sift,264,78,57,729,76.21309556800043,2,Tesla T4,random_knn,64,0,14.18798828125,0.06457667900008346,2515.3125,64.0,0.4586466165413534,"{""bent"": 0.39682539682539686, ""broken"": 0.4325396825396825, ""glue"": 0.6103896103896104, ""metal_contamination"": 0.39826839826839827, ""thread"": 0.4632034632034633}",0.424568563245331,,,,
p0_anomaly_mvtec|grid|dense_sift|random_knn|256|0,p0_anomaly_mvtec,grid,dense_sift,264,78,57,729,76.21309556800043,2,Tesla T4,random_knn,256,0,22.2822265625,0.09500136300016493,2515.3125,256.0,0.5396825396825398,"{""bent"": 0.7341269841269842, ""broken"": 0.5119047619047619, ""glue"": 0.4155844155844156, ""metal_contamination"": 0.5151515151515151, ""thread"": 0.5064935064935066}",0.47012422798798914,,,,
p0_anomaly_mvtec|grid|dense_sift|random_knn|1024|0,p0_anomaly_mvtec,grid,dense_sift,264,78,57,729,76.21309556800043,2,Tesla T4,random_knn,1024,0,58.66015625,0.11442813799999385,2515.3125,1024.0,0.5789473684210527,"{""bent"": 0.6349206349206349, ""broken"": 0.5555555555555556, ""glue"": 0.7056277056277056, ""metal_contamination"": 0.4545454545454546, ""thread"": 0.5411255411255411}",0.5271582010267998,,,,
p0_anomaly_mvtec|grid|dense_sift|coreset_knn|64|1,p0_anomaly_mvtec,grid,dense_sift,264,78,57,729,76.21309556800043,2,Tesla T4,coreset_knn,64,1,14.18798828125,0.06987013599996317,2515.3125,64.0,0.441938178780284,"{""bent"": 0.3928571428571429, ""broken"": 0.4642857142857143, ""glue"": 0.49783549783549785, ""metal_contamination"": 0.4285714285714286, ""thread"": 0.4285714285714286}",0.5401119205986299,290.859375,2.1844203309999557,2515.3125,
p0_anomaly_mvtec|grid|dense_sift|coreset_knn|256|1,p0_anomaly_mvtec,grid,dense_sift,264,78,57,729,76.21309556800043,2,Tesla T4,coreset_knn,256,1,22.2822265625,0.06543464699984725,2515.3125,256.0,0.5288220551378446,"{""bent"": 0.503968253968254, ""broken"": 0.5079365079365079, ""glue"": 0.5194805194805194, ""metal_contamination"": 0.4632034632034632, ""thread"": 0.6536796536796536}",0.5377643659205132,290.859375,2.1844203309999557,2515.3125,
p0_anomaly_mvtec|grid|dense_sift|coreset_knn|1024|1,p0_anomaly_mvtec,grid,dense_sift,264,78,57,729,76.21309556800043,2,Tesla T4,coreset_knn,1024,1,58.66015625,0.07579209000004994,2515.3125,1024.0,0.406015037593985,"{""bent"": 0.373015873015873, ""broken"": 0.35317460317460314, ""glue"": 0.4458874458874459, ""metal_contamination"": 0.28138528138528146, ""thread"": 0.5844155844155844}",0.625764038617609,290.859375,2.1844203309999557,2515.3125,
p0_anomaly_mvtec|grid|dense_sift|random_knn|64|1,p0_anomaly_mvtec,grid,dense_sift,264,78,57,729,76.21309556800043,2,Tesla T4,random_knn,64,1,14.18798828125,0.06618540899989966,2515.3125,64.0,0.393483709273183,"{""bent"": 0.4206349206349207, ""broken"": 0.29365079365079366, ""glue"": 0.4502164502164502, ""metal_contamination"": 0.4805194805194805, ""thread"": 0.32900432900432897}",0.44070416999327927,,,,
p0_anomaly_mvtec|grid|dense_sift|random_knn|256|1,p0_anomaly_mvtec,grid,dense_sift,264,78,57,729,76.21309556800043,2,Tesla T4,random_knn,256,1,22.2822265625,0.06599972599997272,2515.3125,256.0,0.3609022556390977,"{""bent"": 0.2380952380952381, ""broken"": 0.4246031746031746, ""glue"": 0.4458874458874459, ""metal_contamination"": 0.35064935064935066, ""thread"": 0.35064935064935066}",0.47597154821629206,,,,
p0_anomaly_mvtec|grid|dense_sift|random_knn|1024|1,p0_anomaly_mvtec,grid,dense_sift,264,78,57,729,76.21309556800043,2,Tesla T4,random_knn,1024,1,58.66015625,0.10346170999991955,2515.3125,1024.0,0.3742690058479532,"{""bent"": 0.28968253968253965, ""broken"": 0.43253968253968256, ""glue"": 0.42424242424242425, ""metal_contamination"": 0.24242424242424243, ""thread"": 0.4848484848484849}",0.5263035616060091,,,,
p0_anomaly_mvtec|grid|dense_sift|coreset_knn|64|2,p0_anomaly_mvtec,grid,dense_sift,264,78,57,729,76.21309556800043,2,Tesla T4,coreset_knn,64,2,14.18798828125,0.06283571899984963,2515.3125,64.0,0.4385964912280702,"{""bent"": 0.43253968253968256, ""broken"": 0.48809523809523814, ""glue"": 0.3073593073593074, ""metal_contamination"": 0.4761904761904762, ""thread"": 0.4848484848484848}",0.6026827856406786,290.859375,2.184396660999937,2515.3125,
p0_anomaly_mvtec|grid|dense_sift|coreset_knn|256|2,p0_anomaly_mvtec,grid,dense_sift,264,78,57,729,76.21309556800043,2,Tesla T4,coreset_knn,256,2,22.2822265625,0.06824447400003919,2515.3125,256.0,0.5075187969924813,"{""bent"": 0.503968253968254, ""broken"": 0.4841269841269841, ""glue"": 0.5757575757575758, ""metal_contamination"": 0.4956709956709957, ""thread"": 0.48051948051948057}",0.6039903315396369,290.859375,2.184396660999937,2515.3125,
p0_anomaly_mvtec|grid|dense_sift|coreset_knn|1024|2,p0_anomaly_mvtec,grid,dense_sift,264,78,57,729,76.21309556800043,2,Tesla T4,coreset_knn,1024,2,58.66015625,0.07714287799990416,2515.3125,1024.0,0.5346700083542189,"{""bent"": 0.4761904761904762, ""broken"": 0.4801587301587302, ""glue"": 0.5194805194805194, ""metal_contamination"": 0.5151515151515151, ""thread"": 0.6926406926406926}",0.6330357498859558,290.859375,2.184396660999937,2515.3125,
p0_anomaly_mvtec|grid|dense_sift|random_knn|64|2,p0_anomaly_mvtec,grid,dense_sift,264,78,57,729,76.21309556800043,2,Tesla T4,random_knn,64,2,14.18798828125,0.06984132000002319,2515.3125,64.0,0.38680033416875526,"{""bent"": 0.4682539682539683, ""broken"": 0.3015873015873016, ""glue"": 0.5021645021645023, ""metal_contamination"": 0.4112554112554113, ""thread"": 0.2510822510822511}",0.43382817537746876,,,,
p0_anomaly_mvtec|grid|dense_sift|random_knn|256|2,p0_anomaly_mvtec,grid,dense_sift,264,78,57,729,76.21309556800043,2,Tesla T4,random_knn,256,2,22.2822265625,0.06613189500012595,2515.3125,256.0,0.4853801169590643,"{""bent"": 0.5634920634920635, ""broken"": 0.4285714285714285, ""glue"": 0.30303030303030304, ""metal_contamination"": 0.645021645021645, ""thread"": 0.48484848484848486}",0.4802290305997067,,,,
p0_anomaly_mvtec|grid|dense_sift|random_knn|1024|2,p0_anomaly_mvtec,grid,dense_sift,264,78,57,729,76.21309556800043,2,Tesla T4,random_knn,1024,2,58.66015625,0.10062461600000461,2515.3125,1024.0,0.48454469507101083,"{""bent"": 0.5476190476190477, ""broken"": 0.42063492063492064, ""glue"": 0.49350649350649356, ""metal_contamination"": 0.3939393939393939, ""thread"": 0.5670995670995671}",0.5341523907341392,,,,
p0_anomaly_mvtec|hazelnut|dinov2_s|coreset_knn|64|0,p0_anomaly_mvtec,hazelnut,dinov2_s,391,110,70,1024,30.32248612500007,2,Tesla T4,coreset_knn,64,0,22.25048828125,0.12276237399987622,2681.77734375,64.0,0.8642857142857143,"{""crack"": 0.9666666666666667, ""cut"": 0.6191176470588236, ""hole"": 0.9305555555555556, ""print"": 0.9308823529411765}",0.9844592947915813,790.8125,4.546347040000001,2681.77734375,
p0_anomaly_mvtec|hazelnut|dinov2_s|coreset_knn|256|0,p0_anomaly_mvtec,hazelnut,dinov2_s,391,110,70,1024,30.32248612500007,2,Tesla T4,coreset_knn,256,0,28.5322265625,0.11920771299992339,2681.77734375,256.0,0.9853571428571428,"{""crack"": 1.0, ""cut"": 0.9558823529411764, ""hole"": 0.9944444444444445, ""print"": 0.9897058823529412}",0.9939041367757006,790.8125,4.546347040000001,2681.77734375,
p0_anomaly_mvtec|hazelnut|dinov2_s|coreset_knn|1024|0,p0_anomaly_mvtec,hazelnut,dinov2_s,391,110,70,1024,30.32248612500007,2,Tesla T4,coreset_knn,1024,0,63.66015625,0.162095281999882,2681.77734375,1024.0,0.9867857142857143,"{""crack"": 1.0, ""cut"": 0.9661764705882353, ""hole"": 0.9972222222222222, ""print"": 0.9823529411764707}",0.9953701421812501,790.8125,4.546347040000001,2681.77734375,
p0_anomaly_mvtec|hazelnut|dinov2_s|random_knn|64|0,p0_anomaly_mvtec,hazelnut,dinov2_s,391,110,70,1024,30.32248612500007,2,Tesla T4,random_knn,64,0,22.25048828125,0.17510511800014683,2681.77734375,64.0,0.9432142857142858,"{""crack"": 0.9638888888888889, ""cut"": 0.9235294117647059, ""hole"": 0.9930555555555556, ""print"": 0.888235294117647}",0.9938891231315372,,,,
p0_anomaly_mvtec|hazelnut|dinov2_s|random_knn|256|0,p0_anomaly_mvtec,hazelnut,dinov2_s,391,110,70,1024,30.32248612500007,2,Tesla T4,random_knn,256,0,28.5322265625,0.12317123000002539,2681.77734375,256.0,0.9817857142857143,"{""crack"": 0.9888888888888888, ""cut"": 0.9735294117647059, ""hole"": 0.9972222222222222, ""print"": 0.9661764705882353}",0.9950911619373904,,,,
p0_anomaly_mvtec|hazelnut|dinov2_s|random_knn|1024|0,p0_anomaly_mvtec,hazelnut,dinov2_s,391,110,70,1024,30.32248612500007,2,Tesla T4,random_knn,1024,0,63.66015625,0.15393921700001556,2699.3359375,1024.0,0.9803571428571429,"{""crack"": 0.9986111111111111, ""cut"": 0.9441176470588235, ""hole"": 0.9972222222222222, ""print"": 0.9794117647058824}",0.9961589986337784,,,,
p0_anomaly_mvtec|hazelnut|dinov2_s|coreset_knn|64|1,p0_anomaly_mvtec,hazelnut,dinov2_s,391,110,70,1024,30.32248612500007,2,Tesla T4,coreset_knn,64,1,22.25048828125,0.16600239500007774,2699.3359375,64.0,0.9342857142857143,"{""crack"": 0.9736111111111111, ""cut"": 0.8691176470588236, ""hole"": 0.952777777777778, ""print"": 0.9382352941176471}",0.9887663891776703,790.8125,4.553611423999882,2699.3359375,
p0_anomaly_mvtec|hazelnut|dinov2_s|coreset_knn|256|1,p0_anomaly_mvtec,hazelnut,dinov2_s,391,110,70,1024,30.32248612500007,2,Tesla T4,coreset_knn,256,1,28.5322265625,0.1231614640000771,2699.3359375,256.0,0.9803571428571429,"{""crack"": 0.9958333333333333, ""cut"": 0.9779411764705882, ""hole"": 0.9888888888888889, ""print"": 0.9573529411764706}",0.9910649635612993,790.8125,4.553611423999882,2699.3359375,
p0_anomaly_mvtec|hazelnut|dinov2_s|coreset_knn|1024|1,p0_anomaly_mvtec,hazelnut,dinov2_s,391,110,70,1024,30.32248612500007,2,Tesla T4,coreset_knn,1024,1,63.66015625,0.15726771099980397,2699.3359375,1024.0,0.9939285714285714,"{""crack"": 1.0, ""cut"": 0.9823529411764705, ""hole"": 0.9986111111111111, ""print"": 0.9941176470588234}",0.9946598693688673,790.8125,4.553611423999882,2699.3359375,
p0_anomaly_mvtec|hazelnut|dinov2_s|random_knn|64|1,p0_anomaly_mvtec,hazelnut,dinov2_s,391,110,70,1024,30.32248612500007,2,Tesla T4,random_knn,64,1,22.25048828125,0.13163028899998608,2699.3359375,64.0,0.750357142857143,"{""crack"": 0.8763888888888889, ""cut"": 0.4632352941176471, ""hole"": 0.8916666666666666, ""print"": 0.7544117647058823}",0.9925438005000458,,,,
p0_anomaly_mvtec|hazelnut|dinov2_s|random_knn|256|1,p0_anomaly_mvtec,hazelnut,dinov2_s,391,110,70,1024,30.32248612500007,2,Tesla T4,random_knn,256,1,28.5322265625,0.124290412000164,2699.3359375,256.0,0.9742857142857143,"{""crack"": 0.9958333333333333, ""cut"": 0.9102941176470588, ""hole"": 1.0, ""print"": 0.9882352941176471}",0.9954409541656968,,,,
p0_anomaly_mvtec|hazelnut|dinov2_s|random_knn|1024|1,p0_anomaly_mvtec,hazelnut,dinov2_s,391,110,70,1024,30.32248612500007,2,Tesla T4,random_knn,1024,1,63.66015625,0.1932567649998873,2699.3359375,1024.0,0.9696428571428571,"{""crack"": 0.9944444444444445, ""cut"": 0.9647058823529412, ""hole"": 0.9986111111111111, ""print"": 0.9176470588235295}",0.9952723718460682,,,,
p0_anomaly_mvtec|hazelnut|dinov2_s|coreset_knn|64|2,p0_anomaly_mvtec,hazelnut,dinov2_s,391,110,70,1024,30.32248612500007,2,Tesla T4,coreset_knn,64,2,22.25048828125,0.11303152100003899,2699.3359375,64.0,0.9221428571428572,"{""crack"": 0.9916666666666666, ""cut"": 0.838235294117647, ""hole"": 0.95, ""print"": 0.9029411764705882}",0.9915837444339078,790.8125,4.528054948999852,2699.3359375,
p0_anomaly_mvtec|hazelnut|dinov2_s|coreset_knn|256|2,p0_anomaly_mvtec,hazelnut,dinov2_s,391,110,70,1024,30.32248612500007,2,Tesla T4,coreset_knn,256,2,28.5322265625,0.13114816000006613,2699.3359375,256.0,0.9882142857142857,"{""crack"": 1.0, ""cut"": 0.9764705882352942, ""hole"": 1.0, ""print"": 0.9750000000000001}",0.994740868587557,790.8125,4.528054948999852,2699.3359375,
p0_anomaly_mvtec|hazelnut|dinov2_s|coreset_knn|1024|2,p0_anomaly_mvtec,hazelnut,dinov2_s,391,110,70,1024,30.32248612500007,2,Tesla T4,coreset_knn,1024,2,63.66015625,0.21120189599992045,2699.3359375,1024.0,1.0,"{""crack"": 1.0, ""cut"": 1.0, ""hole"": 1.0, ""print"": 1.0}",0.9958161049354605,790.8125,4.528054948999852,2699.3359375,
p0_anomaly_mvtec|hazelnut|dinov2_s|random_knn|64|2,p0_anomaly_mvtec,hazelnut,dinov2_s,391,110,70,1024,30.32248612500007,2,Tesla T4,random_knn,64,2,22.25048828125,0.11809673700008716,2699.3359375,64.0,0.8903571428571428,"{""crack"": 0.9652777777777778, ""cut"": 0.6397058823529411, ""hole"": 0.9916666666666667, ""print"": 0.9544117647058823}",0.9929843000667261,,,,
p0_anomaly_mvtec|hazelnut|dinov2_s|random_knn|256|2,p0_anomaly_mvtec,hazelnut,dinov2_s,391,110,70,1024,30.32248612500007,2,Tesla T4,random_knn,256,2,28.5322265625,0.12236314000006132,2699.3359375,256.0,0.9457142857142857,"{""crack"": 0.9819444444444444, ""cut"": 0.8426470588235293, ""hole"": 0.9722222222222222, ""print"": 0.9823529411764707}",0.994733756427755,,,,
p0_anomaly_mvtec|hazelnut|dinov2_s|random_knn|1024|2,p0_anomaly_mvtec,hazelnut,dinov2_s,391,110,70,1024,30.32248612500007,2,Tesla T4,random_knn,1024,2,63.66015625,0.15492853899991132,2700.984375,1024.0,0.9625,"{""crack"": 0.986111111111111, ""cut"": 0.9382352941176471, ""hole"": 0.9986111111111111, ""print"": 0.9235294117647058}",0.9956907493626654,,,,
p0_anomaly_mvtec|hazelnut|dense_sift|coreset_knn|64|0,p0_anomaly_mvtec,hazelnut,dense_sift,391,110,70,729,120.51861994000092,2,Tesla T4,coreset_knn,64,0,14.18798828125,0.08822432700003446,2700.984375,64.0,0.7232142857142857,"{""crack"": 0.7861111111111111, ""cut"": 0.5705882352941176, ""hole"": 0.5875, ""print"": 0.9529411764705882}",0.8644514886772311,429.21240234375,3.1829693399999996,2700.984375,
p0_anomaly_mvtec|hazelnut|dense_sift|coreset_knn|256|0,p0_anomaly_mvtec,hazelnut,dense_sift,391,110,70,729,120.51861994000092,2,Tesla T4,coreset_knn,256,0,22.2822265625,0.09240294799997173,2700.984375,256.0,0.8814285714285715,"{""crack"": 0.8625, ""cut"": 0.8323529411764705, ""hole"": 0.8666666666666667, ""print"": 0.9661764705882353}",0.9055955594654087,429.21240234375,3.1829693399999996,2700.984375,
p0_anomaly_mvtec|hazelnut|dense_sift|coreset_knn|1024|0,p0_anomaly_mvtec,hazelnut,dense_sift,391,110,70,729,120.51861994000092,2,Tesla T4,coreset_knn,1024,0,58.66015625,0.16156841400015765,2700.984375,1024.0,0.8946428571428572,"{""crack"": 0.8708333333333333, ""cut"": 0.8426470588235293, ""hole"": 0.8888888888888888, ""print"": 0.9779411764705882}",0.9335822366526658,429.21240234375,3.1829693399999996,2700.984375,
p0_anomaly_mvtec|hazelnut|dense_sift|random_knn|64|0,p0_anomaly_mvtec,hazelnut,dense_sift,391,110,70,729,120.51861994000092,2,Tesla T4,random_knn,64,0,14.18798828125,0.124750357000039,2700.984375,64.0,0.4732142857142857,"{""crack"": 0.5083333333333333, ""cut"": 0.44117647058823534, ""hole"": 0.4361111111111111, ""print"": 0.5073529411764707}",0.7233459730404415,,,,
p0_anomaly_mvtec|hazelnut|dense_sift|random_knn|256|0,p0_anomaly_mvtec,hazelnut,dense_sift,391,110,70,729,120.51861994000092,2,Tesla T4,random_knn,256,0,22.2822265625,0.09040204100006122,2700.984375,256.0,0.7007142857142856,"{""crack"": 0.8472222222222222, ""cut"": 0.5676470588235294, ""hole"": 0.5222222222222223, ""print"": 0.8676470588235294}",0.8937555109179459,,,,
p0_anomaly_mvtec|hazelnut|dense_sift|random_knn|1024|0,p0_anomaly_mvtec,hazelnut,dense_sift,391,110,70,729,120.51861994000092,2,Tesla T4,random_knn,1024,0,58.66015625,0.10548297700006515,2700.984375,1024.0,0.8025,"{""crack"": 0.798611111111111, ""cut"": 0.7102941176470587, ""hole"": 0.7444444444444445, ""print"": 0.9602941176470589}",0.9331030393409956,,,,
p0_anomaly_mvtec|hazelnut|dense_sift|coreset_knn|64|1,p0_anomaly_mvtec,hazelnut,dense_sift,391,110,70,729,120.51861994000092,2,Tesla T4,coreset_knn,64,1,14.18798828125,0.13005571500002588,2700.984375,64.0,0.84,"{""crack"": 0.8986111111111111, ""cut"": 0.7514705882352941, ""hole"": 0.7416666666666667, ""print"": 0.9705882352941178}",0.8734376475132972,429.21240234375,3.184238850000156,2700.984375,
p0_anomaly_mvtec|hazelnut|dense_sift|coreset_knn|256|1,p0_anomaly_mvtec,hazelnut,dense_sift,391,110,70,729,120.51861994000092,2,Tesla T4,coreset_knn,256,1,22.2822265625,0.1420730470001672,2700.984375,256.0,0.8442857142857143,"{""crack"": 0.8416666666666667, ""cut"": 0.726470588235294, ""hole"": 0.8472222222222222, ""print"": 0.9617647058823529}",0.9078469008672457,429.21240234375,3.184238850000156,2700.984375,
p0_anomaly_mvtec|hazelnut|dense_sift|coreset_knn|1024|1,p0_anomaly_mvtec,hazelnut,dense_sift,391,110,70,729,120.51861994000092,2,Tesla T4,coreset_knn,1024,1,58.66015625,0.10356807700009085,2700.984375,1024.0,0.9064285714285714,"{""crack"": 0.8611111111111112, ""cut"": 0.8455882352941176, ""hole"": 0.9249999999999999, ""print"": 0.9955882352941177}",0.9347761832672399,429.21240234375,3.184238850000156,2700.984375,
p0_anomaly_mvtec|hazelnut|dense_sift|random_knn|64|1,p0_anomaly_mvtec,hazelnut,dense_sift,391,110,70,729,120.51861994000092,2,Tesla T4,random_knn,64,1,14.18798828125,0.09831886799997847,2700.984375,64.0,0.5839285714285714,"{""crack"": 0.5972222222222222, ""cut"": 0.47058823529411764, ""hole"": 0.5875, ""print"": 0.6794117647058824}",0.7921084852518044,,,,
p0_anomaly_mvtec|hazelnut|dense_sift|random_knn|256|1,p0_anomaly_mvtec,hazelnut,dense_sift,391,110,70,729,120.51861994000092,2,Tesla T4,random_knn,256,1,22.2822265625,0.09426975200017296,2700.984375,256.0,0.6635714285714286,"{""crack"": 0.8069444444444445, ""cut"": 0.47058823529411764, ""hole"": 0.5305555555555556, ""print"": 0.8455882352941176}",0.886471992644628,,,,
p0_anomaly_mvtec|hazelnut|dense_sift|random_knn|1024|1,p0_anomaly_mvtec,hazelnut,dense_sift,391,110,70,729,120.51861994000092,2,Tesla T4,random_knn,1024,1,58.66015625,0.14162047599984362,2700.984375,1024.0,0.7710714285714286,"{""crack"": 0.7666666666666667, ""cut"": 0.6705882352941176, ""hole"": 0.7347222222222222, ""print"": 0.9147058823529411}",0.9336223463855761,,,,
p0_anomaly_mvtec|hazelnut|dense_sift|coreset_knn|64|2,p0_anomaly_mvtec,hazelnut,dense_sift,391,110,70,729,120.51861994000092,2,Tesla T4,coreset_knn,64,2,14.18798828125,0.0872421320000285,2700.984375,64.0,0.7085714285714286,"{""crack"": 0.8930555555555555, ""cut"": 0.48235294117647065, ""hole"": 0.5416666666666666, ""print"": 0.9161764705882353}",0.8826434382828832,429.21240234375,3.184665320000022,2700.984375,
p0_anomaly_mvtec|hazelnut|dense_sift|coreset_knn|256|2,p0_anomaly_mvtec,hazelnut,dense_sift,391,110,70,729,120.51861994000092,2,Tesla T4,coreset_knn,256,2,22.2822265625,0.09560538499999893,2700.984375,256.0,0.8632142857142857,"{""crack"": 0.8541666666666666, ""cut"": 0.7926470588235295, ""hole"": 0.8333333333333334, ""print"": 0.975}",0.9147169184794531,429.21240234375,3.184665320000022,2700.984375,
p0_anomaly_mvtec|hazelnut|dense_sift|coreset_knn|1024|2,p0_anomaly_mvtec,hazelnut,dense_sift,391,110,70,729,120.51861994000092,2,Tesla T4,coreset_knn,1024,2,58.66015625,0.12566470100000515,2700.984375,1024.0,0.8914285714285715,"{""crack"": 0.8875, ""cut"": 0.8073529411764706, ""hole"": 0.8916666666666666, ""print"": 0.9794117647058824}",0.9410561137151625,429.21240234375,3.184665320000022,2700.984375,
p0_anomaly_mvtec|hazelnut|dense_sift|random_knn|64|2,p0_anomaly_mvtec,hazelnut,dense_sift,391,110,70,729,120.51861994000092,2,Tesla T4,random_knn,64,2,14.18798828125,0.11571320500002003,2700.984375,64.0,0.587857142857143,"{""crack"": 0.7027777777777778, ""cut"": 0.5249999999999999, ""hole"": 0.4361111111111111, ""print"": 0.6897058823529412}",0.8338080750477839,,,,
p0_anomaly_mvtec|hazelnut|dense_sift|random_knn|256|2,p0_anomaly_mvtec,hazelnut,dense_sift,391,110,70,729,120.51861994000092,2,Tesla T4,random_knn,256,2,22.2822265625,0.09807213299995965,2700.984375,256.0,0.7407142857142858,"{""crack"": 0.7819444444444444, ""cut"": 0.6647058823529413, ""hole"": 0.6277777777777778, ""print"": 0.8926470588235293}",0.8970114621527568,,,,
p0_anomaly_mvtec|hazelnut|dense_sift|random_knn|1024|2,p0_anomaly_mvtec,hazelnut,dense_sift,391,110,70,729,120.51861994000092,2,Tesla T4,random_knn,1024,2,58.66015625,0.10659952300011355,2700.984375,1024.0,0.8189285714285713,"{""crack"": 0.7861111111111112, ""cut"": 0.7338235294117648, ""hole"": 0.8277777777777778, ""print"": 0.9294117647058824}",0.9329040634152939,,,,
p0_anomaly_mvtec|leather|dinov2_s|coreset_knn|64|0,p0_anomaly_mvtec,leather,dinov2_s,245,124,92,1024,20.056968901999426,2,Tesla T4,coreset_knn,64,0,22.25048828125,0.12910849100012456,2700.984375,64.0,1.0,"{""color"": 1.0, ""cut"": 1.0, ""fold"": 1.0, ""glue"": 1.0, ""poke"": 1.0}",0.9889357999057029,498.8125,2.8683649069998864,2700.984375,
p0_anomaly_mvtec|leather|dinov2_s|coreset_knn|256|0,p0_anomaly_mvtec,leather,dinov2_s,245,124,92,1024,20.056968901999426,2,Tesla T4,coreset_knn,256,0,28.5322265625,0.18339495700001862,2700.984375,256.0,1.0,"{""color"": 1.0, ""cut"": 1.0, ""fold"": 1.0, ""glue"": 1.0, ""poke"": 1.0}",0.9900990061279986,498.8125,2.8683649069998864,2700.984375,
p0_anomaly_mvtec|leather|dinov2_s|coreset_knn|1024|0,p0_anomaly_mvtec,leather,dinov2_s,245,124,92,1024,20.056968901999426,2,Tesla T4,coreset_knn,1024,0,63.66015625,0.17822400099998958,2700.984375,1024.0,1.0,"{""color"": 1.0, ""cut"": 1.0, ""fold"": 1.0, ""glue"": 1.0, ""poke"": 1.0}",0.9902948540551025,498.8125,2.8683649069998864,2700.984375,
p0_anomaly_mvtec|leather|dinov2_s|random_knn|64|0,p0_anomaly_mvtec,leather,dinov2_s,245,124,92,1024,20.056968901999426,2,Tesla T4,random_knn,64,0,22.25048828125,0.13153570300005413,2700.984375,64.0,0.990828804347826,"{""color"": 0.9819078947368421, ""cut"": 0.9950657894736842, ""fold"": 0.9797794117647058, ""glue"": 0.9983552631578947, ""poke"": 0.9982638888888888}",0.9929770395586809,,,,
p0_anomaly_mvtec|leather|dinov2_s|random_knn|256|0,p0_anomaly_mvtec,leather,dinov2_s,245,124,92,1024,20.056968901999426,2,Tesla T4,random_knn,256,0,28.5322265625,0.1450376629998118,2700.984375,256.0,1.0,"{""color"": 1.0, ""cut"": 1.0, ""fold"": 1.0, ""glue"": 1.0, ""poke"": 1.0}",0.9931404916112269,,,,
p0_anomaly_mvtec|leather|dinov2_s|random_knn|1024|0,p0_anomaly_mvtec,leather,dinov2_s,245,124,92,1024,20.056968901999426,2,Tesla T4,random_knn,1024,0,63.66015625,0.23752202000014222,2700.984375,1024.0,1.0,"{""color"": 1.0, ""cut"": 1.0, ""fold"": 1.0, ""glue"": 1.0, ""poke"": 1.0}",0.9926826108811565,,,,
p0_anomaly_mvtec|leather|dinov2_s|coreset_knn|64|1,p0_anomaly_mvtec,leather,dinov2_s,245,124,92,1024,20.056968901999426,2,Tesla T4,coreset_knn,64,1,22.25048828125,0.12699756400002116,2700.984375,64.0,1.0,"{""color"": 1.0, ""cut"": 1.0, ""fold"": 1.0, ""glue"": 1.0, ""poke"": 1.0}",0.9880558316219703,498.8125,2.883822452000004,2700.984375,
p0_anomaly_mvtec|leather|dinov2_s|coreset_knn|256|1,p0_anomaly_mvtec,leather,dinov2_s,245,124,92,1024,20.056968901999426,2,Tesla T4,coreset_knn,256,1,28.5322265625,0.1538745299999391,2700.984375,256.0,1.0,"{""color"": 1.0, ""cut"": 1.0, ""fold"": 1.0, ""glue"": 1.0, ""poke"": 1.0}",0.9899053740763374,498.8125,2.883822452000004,2700.984375,
p0_anomaly_mvtec|leather|dinov2_s|coreset_knn|1024|1,p0_anomaly_mvtec,leather,dinov2_s,245,124,92,1024,20.056968901999426,2,Tesla T4,coreset_knn,1024,1,63.66015625,0.21454594600004384,2700.984375,1024.0,1.0,"{""color"": 1.0, ""cut"": 1.0, ""fold"": 1.0, ""glue"": 1.0, ""poke"": 1.0}",0.9904398395494844,498.8125,2.883822452000004,2700.984375,
p0_anomaly_mvtec|leather|dinov2_s|random_knn|64|1,p0_anomaly_mvtec,leather,dinov2_s,245,124,92,1024,20.056968901999426,2,Tesla T4,random_knn,64,1,22.25048828125,0.1291657760000362,2700.984375,64.0,0.9833559782608695,"{""color"": 0.9851973684210527, ""cut"": 0.993421052631579, ""fold"": 0.9430147058823529, ""glue"": 0.9917763157894737, ""poke"": 1.0}",0.9929455682379501,,,,
p0_anomaly_mvtec|leather|dinov2_s|random_knn|256|1,p0_anomaly_mvtec,leather,dinov2_s,245,124,92,1024,20.056968901999426,2,Tesla T4,random_knn,256,1,28.5322265625,0.14247449999993478,2700.984375,256.0,0.9969429347826086,"{""color"": 1.0, ""cut"": 0.9983552631578947, ""fold"": 0.9852941176470589, ""glue"": 1.0, ""poke"": 1.0}",0.9928995074039879,,,,
p0_anomaly_mvtec|leather|dinov2_s|random_knn|1024|1,p0_anomaly_mvtec,leather,dinov2_s,245,124,92,1024,20.056968901999426,2,Tesla T4,random_knn,1024,1,63.66015625,0.17663541399997484,2700.984375,1024.0,0.998641304347826,"{""color"": 0.9983552631578947, ""cut"": 1.0, ""fold"": 0.9944852941176471, ""glue"": 1.0, ""poke"": 1.0}",0.9927405509326686,,,,
p0_anomaly_mvtec|leather|dinov2_s|coreset_knn|64|2,p0_anomaly_mvtec,leather,dinov2_s,245,124,92,1024,20.056968901999426,2,Tesla T4,coreset_knn,64,2,22.25048828125,0.17014916900006938,2700.984375,64.0,1.0,"{""color"": 1.0, ""cut"": 1.0, ""fold"": 1.0, ""glue"": 1.0, ""poke"": 1.0}",0.9897515320553621,498.8125,2.9501380630001677,2700.984375,
p0_anomaly_mvtec|leather|dinov2_s|coreset_knn|256|2,p0_anomaly_mvtec,leather,dinov2_s,245,124,92,1024,20.056968901999426,2,Tesla T4,coreset_knn,256,2,28.5322265625,0.13915664200021638,2700.984375,256.0,1.0,"{""color"": 1.0, ""cut"": 1.0, ""fold"": 1.0, ""glue"": 1.0, ""poke"": 1.0}",0.9905702338888632,498.8125,2.9501380630001677,2700.984375,
p0_anomaly_mvtec|leather|dinov2_s|coreset_knn|1024|2,p0_anomaly_mvtec,leather,dinov2_s,245,124,92,1024,20.056968901999426,2,Tesla T4,coreset_knn,1024,2,63.66015625,0.17509279799992328,2700.984375,1024.0,1.0,"{""color"": 1.0, ""cut"": 1.0, ""fold"": 1.0, ""glue"": 1.0, ""poke"": 1.0}",0.9908549537521452,498.8125,2.9501380630001677,2700.984375,
p0_anomaly_mvtec|leather|dinov2_s|random_knn|64|2,p0_anomaly_mvtec,leather,dinov2_s,245,124,92,1024,20.056968901999426,2,Tesla T4,random_knn,64,2,22.25048828125,0.12545297099995878,2700.984375,64.0,0.9762228260869565,"{""color"": 0.962171052631579, ""cut"": 0.9901315789473684, ""fold"": 0.9356617647058824, ""glue"": 0.9901315789473684, ""poke"": 1.0}",0.9934108758948985,,,,
p0_anomaly_mvtec|leather|dinov2_s|random_knn|256|2,p0_anomaly_mvtec,leather,dinov2_s,245,124,92,1024,20.056968901999426,2,Tesla T4,random_knn,256,2,28.5322265625,0.1929372490001242,2700.984375,256.0,0.9921875,"{""color"": 0.9868421052631579, ""cut"": 0.9950657894736842, ""fold"": 0.9779411764705882, ""glue"": 1.0, ""poke"": 1.0}",0.9932894915124951,,,,
p0_anomaly_mvtec|leather|dinov2_s|random_knn|1024|2,p0_anomaly_mvtec,leather,dinov2_s,245,124,92,1024,20.056968901999426,2,Tesla T4,random_knn,1024,2,63.66015625,0.17712914499998078,2700.984375,1024.0,1.0,"{""color"": 1.0, ""cut"": 1.0, ""fold"": 1.0, ""glue"": 1.0, ""poke"": 1.0}",0.9929006116506631,,,,
p0_anomaly_mvtec|leather|dense_sift|coreset_knn|64|0,p0_anomaly_mvtec,leather,dense_sift,245,124,92,729,86.10666924099951,2,Tesla T4,coreset_knn,64,0,14.18798828125,0.15020920300003127,2700.984375,64.0,0.8682065217391304,"{""color"": 0.644736842105263, ""cut"": 0.8519736842105263, ""fold"": 1.0, ""glue"": 0.8963815789473684, ""poke"": 0.9670138888888888}",0.9135293591299938,272.806640625,2.060352641999998,2700.984375,
p0_anomaly_mvtec|leather|dense_sift|coreset_knn|256|0,p0_anomaly_mvtec,leather,dense_sift,245,124,92,729,86.10666924099951,2,Tesla T4,coreset_knn,256,0,22.2822265625,0.1065828060000058,2700.984375,256.0,0.899796195652174,"{""color"": 0.6365131578947368, ""cut"": 0.9654605263157895, ""fold"": 1.0, ""glue"": 0.9292763157894737, ""poke"": 0.9826388888888888}",0.9176539412051756,272.806640625,2.060352641999998,2700.984375,
p0_anomaly_mvtec|leather|dense_sift|coreset_knn|1024|0,p0_anomaly_mvtec,leather,dense_sift,245,124,92,729,86.10666924099951,2,Tesla T4,coreset_knn,1024,0,58.66015625,0.12135000600005696,2700.984375,1024.0,0.9307065217391305,"{""color"": 0.7171052631578947, ""cut"": 0.9802631578947368, ""fold"": 1.0, ""glue"": 0.9736842105263157, ""poke"": 0.9930555555555556}",0.9279876816474748,272.806640625,2.060352641999998,2700.984375,
p0_anomaly_mvtec|leather|dense_sift|random_knn|64|0,p0_anomaly_mvtec,leather,dense_sift,245,124,92,729,86.10666924099951,2,Tesla T4,random_knn,64,0,14.18798828125,0.09970355900009054,2700.984375,64.0,0.6514945652173912,"{""color"": 0.7121710526315789, ""cut"": 0.5888157894736842, ""fold"": 0.6323529411764706, ""glue"": 0.5608552631578947, ""poke"": 0.7673611111111112}",0.8330654855578546,,,,
p0_anomaly_mvtec|leather|dense_sift|random_knn|256|0,p0_anomaly_mvtec,leather,dense_sift,245,124,92,729,86.10666924099951,2,Tesla T4,random_knn,256,0,22.2822265625,0.10405439700002717,2700.984375,256.0,0.6501358695652175,"{""color"": 0.49835526315789475, ""cut"": 0.65625, ""fold"": 0.7279411764705882, ""glue"": 0.6907894736842105, ""poke"": 0.6875}",0.879943547384808,,,,
p0_anomaly_mvtec|leather|dense_sift|random_knn|1024|0,p0_anomaly_mvtec,leather,dense_sift,245,124,92,729,86.10666924099951,2,Tesla T4,random_knn,1024,0,58.66015625,0.1671258249998573,2700.984375,1024.0,0.764266304347826,"{""color"": 0.4276315789473684, ""cut"": 0.875, ""fold"": 0.9466911764705882, ""glue"": 0.7796052631578948, ""poke"": 0.8142361111111112}",0.9031513319867558,,,,
p0_anomaly_mvtec|leather|dense_sift|coreset_knn|64|1,p0_anomaly_mvtec,leather,dense_sift,245,124,92,729,86.10666924099951,2,Tesla T4,coreset_knn,64,1,14.18798828125,0.0988027589999092,2700.984375,64.0,0.8583559782608696,"{""color"": 0.5559210526315789, ""cut"": 0.8947368421052632, ""fold"": 1.0, ""glue"": 0.9046052631578947, ""poke"": 0.9565972222222222}",0.8902981299288882,272.806640625,2.028994308999927,2700.984375,
p0_anomaly_mvtec|leather|dense_sift|coreset_knn|256|1,p0_anomaly_mvtec,leather,dense_sift,245,124,92,729,86.10666924099951,2,Tesla T4,coreset_knn,256,1,22.2822265625,0.10447813500013581,2700.984375,256.0,0.9167798913043478,"{""color"": 0.7171052631578947, ""cut"": 0.9457236842105263, ""fold"": 1.0, ""glue"": 0.9490131578947368, ""poke"": 0.984375}",0.9184639342491876,272.806640625,2.028994308999927,2700.984375,
p0_anomaly_mvtec|leather|dense_sift|coreset_knn|1024|1,p0_anomaly_mvtec,leather,dense_sift,245,124,92,729,86.10666924099951,2,Tesla T4,coreset_knn,1024,1,58.66015625,0.12303906300007839,2700.984375,1024.0,0.9249320652173912,"{""color"": 0.7203947368421053, ""cut"": 0.9654605263157895, ""fold"": 1.0, ""glue"": 0.9654605263157894, ""poke"": 0.984375}",0.922425564640543,272.806640625,2.028994308999927,2700.984375,
p0_anomaly_mvtec|leather|dense_sift|random_knn|64|1,p0_anomaly_mvtec,leather,dense_sift,245,124,92,729,86.10666924099951,2,Tesla T4,random_knn,64,1,14.18798828125,0.1404046320001271,2700.984375,64.0,0.6684782608695652,"{""color"": 0.6924342105263158, ""cut"": 0.625, ""fold"": 0.5294117647058824, ""glue"": 0.7960526315789473, ""poke"": 0.6857638888888888}",0.8591546806336258,,,,
p0_anomaly_mvtec|leather|dense_sift|random_knn|256|1,p0_anomaly_mvtec,leather,dense_sift,245,124,92,729,86.10666924099951,2,Tesla T4,random_knn,256,1,22.2822265625,0.10309886999993978,2700.984375,256.0,0.5533288043478262,"{""color"": 0.600328947368421, ""cut"": 0.5016447368421053, ""fold"": 0.48161764705882354, ""glue"": 0.49671052631578944, ""poke"": 0.6857638888888888}",0.8801917197587548,,,,
p0_anomaly_mvtec|leather|dense_sift|random_knn|1024|1,p0_anomaly_mvtec,leather,dense_sift,245,124,92,729,86.10666924099951,2,Tesla T4,random_knn,1024,1,58.66015625,0.11818437599981735,2700.984375,1024.0,0.7309782608695652,"{""color"": 0.4161184210526315, ""cut"": 0.7648026315789473, ""fold"": 0.911764705882353, ""glue"": 0.799342105263158, ""poke"": 0.7847222222222222}",0.9026186930327902,,,,
p0_anomaly_mvtec|leather|dense_sift|coreset_knn|64|2,p0_anomaly_mvtec,leather,dense_sift,245,124,92,729,86.10666924099951,2,Tesla T4,coreset_knn,64,2,14.18798828125,0.10556773700000122,2700.984375,64.0,0.8383152173913042,"{""color"": 0.5904605263157895, ""cut"": 0.863486842105263, ""fold"": 0.9797794117647058, ""glue"": 0.8519736842105262, ""poke"": 0.9253472222222222}",0.8623449549646128,272.806640625,2.027344630000016,2700.984375,
p0_anomaly_mvtec|leather|dense_sift|coreset_knn|256|2,p0_anomaly_mvtec,leather,dense_sift,245,124,92,729,86.10666924099951,2,Tesla T4,coreset_knn,256,2,22.2822265625,0.13269144300011249,2700.984375,256.0,0.9266304347826086,"{""color"": 0.75, ""cut"": 0.9539473684210527, ""fold"": 1.0, ""glue"": 0.9523026315789473, ""poke"": 0.9878472222222222}",0.9098346775622047,272.806640625,2.027344630000016,2700.984375,
p0_anomaly_mvtec|leather|dense_sift|coreset_knn|1024|2,p0_anomaly_mvtec,leather,dense_sift,245,124,92,729,86.10666924099951,2,Tesla T4,coreset_knn,1024,2,58.66015625,0.11671716499995455,2700.984375,1024.0,0.9334239130434783,"{""color"": 0.7483552631578947, ""cut"": 0.9703947368421053, ""fold"": 1.0, ""glue"": 0.962171052631579, ""poke"": 0.9965277777777778}",0.9258108755059185,272.806640625,2.027344630000016,2700.984375,
p0_anomaly_mvtec|leather|dense_sift|random_knn|64|2,p0_anomaly_mvtec,leather,dense_sift,245,124,92,729,86.10666924099951,2,Tesla T4,random_knn,64,2,14.18798828125,0.10142933399993126,2700.984375,64.0,0.7445652173913044,"{""color"": 0.6677631578947368, ""cut"": 0.7911184210526316, ""fold"": 0.6691176470588235, ""glue"": 0.8141447368421053, ""poke"": 0.7743055555555556}",0.8306884484892845,,,,
p0_anomaly_mvtec|leather|dense_sift|random_knn|256|2,p0_anomaly_mvtec,leather,dense_sift,245,124,92,729,86.10666924099951,2,Tesla T4,random_knn,256,2,22.2822265625,0.12466365400018731,2700.984375,256.0,0.6589673913043478,"{""color"": 0.38815789473684204, ""cut"": 0.8930921052631579, ""fold"": 0.6746323529411765, ""glue"": 0.7203947368421052, ""poke"": 0.6180555555555556}",0.8796508846467379,,,,
p0_anomaly_mvtec|leather|dense_sift|random_knn|1024|2,p0_anomaly_mvtec,leather,dense_sift,245,124,92,729,86.10666924099951,2,Tesla T4,random_knn,1024,2,58.66015625,0.16422936000003574,2700.984375,1024.0,0.7802309782608695,"{""color"": 0.5098684210526316, ""cut"": 0.8125, ""fold"": 0.9338235294117647, ""glue"": 0.8667763157894737, ""poke"": 0.7951388888888888}",0.902697248126476,,,,
p0_anomaly_mvtec|metal_nut|dinov2_s|coreset_knn|64|0,p0_anomaly_mvtec,metal_nut,dinov2_s,220,115,93,1024,10.55649128999903,2,Tesla T4,coreset_knn,64,0,22.25048828125,0.11701796199986347,2700.984375,64.0,0.9853372434017595,"{""bent"": 1.0, ""color"": 0.9524793388429752, ""flip"": 1.0, ""scratch"": 0.9861660079051384}",0.9191589353831677,448.3125,2.599552784000025,2700.984375,
p0_anomaly_mvtec|metal_nut|dinov2_s|coreset_knn|256|0,p0_anomaly_mvtec,metal_nut,dinov2_s,220,115,93,1024,10.55649128999903,2,Tesla T4,coreset_knn,256,0,28.5322265625,0.12721197499990922,2700.984375,256.0,1.0,"{""bent"": 1.0, ""color"": 1.0, ""flip"": 1.0, ""scratch"": 1.0}",0.9665985520510942,448.3125,2.599552784000025,2700.984375,
p0_anomaly_mvtec|metal_nut|dinov2_s|coreset_knn|1024|0,p0_anomaly_mvtec,metal_nut,dinov2_s,220,115,93,1024,10.55649128999903,2,Tesla T4,coreset_knn,1024,0,63.66015625,0.16316429700009394,2700.984375,1024.0,1.0,"{""bent"": 1.0, ""color"": 1.0, ""flip"": 1.0, ""scratch"": 1.0}",0.9819087836442649,448.3125,2.599552784000025,2700.984375,
p0_anomaly_mvtec|metal_nut|dinov2_s|random_knn|64|0,p0_anomaly_mvtec,metal_nut,dinov2_s,220,115,93,1024,10.55649128999903,2,Tesla T4,random_knn,64,0,22.25048828125,0.1745627070001774,2700.984375,64.0,0.8802541544477028,"{""bent"": 0.8072727272727273, ""color"": 0.8264462809917356, ""flip"": 1.0, ""scratch"": 0.8913043478260869}",0.8994070989705402,,,,
p0_anomaly_mvtec|metal_nut|dinov2_s|random_knn|256|0,p0_anomaly_mvtec,metal_nut,dinov2_s,220,115,93,1024,10.55649128999903,2,Tesla T4,random_knn,256,0,28.5322265625,0.13136774100007642,2700.984375,256.0,0.8900293255131965,"{""bent"": 0.9, ""color"": 0.9111570247933884, ""flip"": 0.8162055335968379, ""scratch"": 0.9328063241106719}",0.9562897698171815,,,,
p0_anomaly_mvtec|metal_nut|dinov2_s|random_knn|1024|0,p0_anomaly_mvtec,metal_nut,dinov2_s,220,115,93,1024,10.55649128999903,2,Tesla T4,random_knn,1024,0,63.66015625,0.16722353499994824,2700.984375,1024.0,0.9046920821114369,"{""bent"": 0.8945454545454545, ""color"": 0.921487603305785, ""flip"": 0.8853754940711462, ""scratch"": 0.9189723320158103}",0.9736613617785721,,,,
p0_anomaly_mvtec|metal_nut|dinov2_s|coreset_knn|64|1,p0_anomaly_mvtec,metal_nut,dinov2_s,220,115,93,1024,10.55649128999903,2,Tesla T4,coreset_knn,64,1,22.25048828125,0.15515185200001724,2700.984375,64.0,0.9789833822091887,"{""bent"": 0.9836363636363636, ""color"": 0.9504132231404958, ""flip"": 1.0, ""scratch"": 0.9802371541501976}",0.9573948377924427,448.3125,2.61568826000007,2700.984375,
p0_anomaly_mvtec|metal_nut|dinov2_s|coreset_knn|256|1,p0_anomaly_mvtec,metal_nut,dinov2_s,220,115,93,1024,10.55649128999903,2,Tesla T4,coreset_knn,256,1,28.5322265625,0.13425191999999697,2700.984375,256.0,1.0,"{""bent"": 1.0, ""color"": 1.0, ""flip"": 1.0, ""scratch"": 1.0}",0.9657851628912648,448.3125,2.61568826000007,2700.984375,
p0_anomaly_mvtec|metal_nut|dinov2_s|coreset_knn|1024|1,p0_anomaly_mvtec,metal_nut,dinov2_s,220,115,93,1024,10.55649128999903,2,Tesla T4,coreset_knn,1024,1,63.66015625,0.15927422200002184,2700.984375,1024.0,1.0,"{""bent"": 1.0, ""color"": 1.0, ""flip"": 1.0, ""scratch"": 1.0}",0.9797072108738657,448.3125,2.61568826000007,2700.984375,
p0_anomaly_mvtec|metal_nut|dinov2_s|random_knn|64|1,p0_anomaly_mvtec,metal_nut,dinov2_s,220,115,93,1024,10.55649128999903,2,Tesla T4,random_knn,64,1,22.25048828125,0.11846442299997761,2700.984375,64.0,0.5860215053763441,"{""bent"": 0.5418181818181818, ""color"": 0.7045454545454546, ""flip"": 0.5237154150197629, ""scratch"": 0.5830039525691699}",0.8705726902800398,,,,
p0_anomaly_mvtec|metal_nut|dinov2_s|random_knn|256|1,p0_anomaly_mvtec,metal_nut,dinov2_s,220,115,93,1024,10.55649128999903,2,Tesla T4,random_knn,256,1,28.5322265625,0.13053832900004636,2700.984375,256.0,0.8719452590420332,"{""bent"": 0.8872727272727273, ""color"": 0.8739669421487604, ""flip"": 0.8122529644268776, ""scratch"": 0.9130434782608696}",0.9582787060262528,,,,
p0_anomaly_mvtec|metal_nut|dinov2_s|random_knn|1024|1,p0_anomaly_mvtec,metal_nut,dinov2_s,220,115,93,1024,10.55649128999903,2,Tesla T4,random_knn,1024,1,63.66015625,0.22664019300009386,2700.984375,1024.0,0.8631476050830889,"{""bent"": 0.8799999999999999, ""color"": 0.859504132231405, ""flip"": 0.7845849802371542, ""scratch"": 0.9268774703557312}",0.9713704638252543,,,,
p0_anomaly_mvtec|metal_nut|dinov2_s|coreset_knn|64|2,p0_anomaly_mvtec,metal_nut,dinov2_s,220,115,93,1024,10.55649128999903,2,Tesla T4,coreset_knn,64,2,22.25048828125,0.11677503000009892,2700.984375,64.0,0.9814271749755621,"{""bent"": 0.9618181818181818, ""color"": 0.9648760330578512, ""flip"": 1.0, ""scratch"": 1.0}",0.9597319468658382,448.3125,2.5950761269998566,2700.984375,
p0_anomaly_mvtec|metal_nut|dinov2_s|coreset_knn|256|2,p0_anomaly_mvtec,metal_nut,dinov2_s,220,115,93,1024,10.55649128999903,2,Tesla T4,coreset_knn,256,2,28.5322265625,0.13024008299998968,2700.984375,256.0,0.9921798631476051,"{""bent"": 0.9945454545454545, ""color"": 0.9731404958677686, ""flip"": 1.0, ""scratch"": 1.0}",0.9718693343070794,448.3125,2.5950761269998566,2700.984375,
p0_anomaly_mvtec|metal_nut|dinov2_s|coreset_knn|1024|2,p0_anomaly_mvtec,metal_nut,dinov2_s,220,115,93,1024,10.55649128999903,2,Tesla T4,coreset_knn,1024,2,63.66015625,0.15964809799993418,2700.984375,1024.0,1.0,"{""bent"": 1.0, ""color"": 1.0, ""flip"": 1.0, ""scratch"": 1.0}",0.9818387864228334,448.3125,2.5950761269998566,2700.984375,
p0_anomaly_mvtec|metal_nut|dinov2_s|random_knn|64|2,p0_anomaly_mvtec,metal_nut,dinov2_s,220,115,93,1024,10.55649128999903,2,Tesla T4,random_knn,64,2,22.25048828125,0.15834813499986922,2700.984375,64.0,0.8831867057673509,"{""bent"": 0.869090909090909, ""color"": 0.890495867768595, ""flip"": 0.8774703557312253, ""scratch"": 0.8972332015810276}",0.9211147178426575,,,,
p0_anomaly_mvtec|metal_nut|dinov2_s|random_knn|256|2,p0_anomaly_mvtec,metal_nut,dinov2_s,220,115,93,1024,10.55649128999903,2,Tesla T4,random_knn,256,2,28.5322265625,0.12748350099991512,2700.984375,256.0,0.8958944281524927,"{""bent"": 0.9054545454545454, ""color"": 0.8884297520661157, ""flip"": 0.8636363636363636, ""scratch"": 0.9249011857707511}",0.9592637589182129,,,,
p0_anomaly_mvtec|metal_nut|dinov2_s|random_knn|1024|2,p0_anomaly_mvtec,metal_nut,dinov2_s,220,115,93,1024,10.55649128999903,2,Tesla T4,random_knn,1024,2,63.66015625,0.1651809239999693,2700.984375,1024.0,0.9897360703812317,"{""bent"": 0.9909090909090909, ""color"": 0.9731404958677685, ""flip"": 1.0, ""scratch"": 0.9940711462450593}",0.972803435972743,,,,
p0_anomaly_mvtec|metal_nut|dense_sift|coreset_knn|64|0,p0_anomaly_mvtec,metal_nut,dense_sift,220,115,93,729,78.77802950599926,2,Tesla T4,coreset_knn,64,0,14.18798828125,0.09558813499984353,2700.984375,64.0,0.6578690127077224,"{""bent"": 0.5090909090909091, ""color"": 0.6632231404958677, ""flip"": 0.9209486166007905, ""scratch"": 0.5513833992094862}",0.686365669788637,243.66845703125,1.8353732329999275,2700.984375,
p0_anomaly_mvtec|metal_nut|dense_sift|coreset_knn|256|0,p0_anomaly_mvtec,metal_nut,dense_sift,220,115,93,729,78.77802950599926,2,Tesla T4,coreset_knn,256,0,22.2822265625,0.09693100399999821,2700.984375,256.0,0.7331378299120235,"{""bent"": 0.5872727272727273, ""color"": 0.6487603305785123, ""flip"": 1.0, ""scratch"": 0.7055335968379446}",0.838829509537236,243.66845703125,1.8353732329999275,2700.984375,
p0_anomaly_mvtec|metal_nut|dense_sift|coreset_knn|1024|0,p0_anomaly_mvtec,metal_nut,dense_sift,220,115,93,729,78.77802950599926,2,Tesla T4,coreset_knn,1024,0,58.66015625,0.1143154249998588,2700.984375,1024.0,0.8641251221896383,"{""bent"": 0.8145454545454546, ""color"": 0.7789256198347108, ""flip"": 1.0, ""scratch"": 0.8636363636363635}",0.8857139094871579,243.66845703125,1.8353732329999275,2700.984375,
p0_anomaly_mvtec|metal_nut|dense_sift|random_knn|64|0,p0_anomaly_mvtec,metal_nut,dense_sift,220,115,93,729,78.77802950599926,2,Tesla T4,random_knn,64,0,14.18798828125,0.15666880200001287,2700.984375,64.0,0.34995112414467255,"{""bent"": 0.2581818181818182, ""color"": 0.39462809917355374, ""flip"": 0.4288537549407115, ""scratch"": 0.32806324110671936}",0.5813707606858003,,,,
p0_anomaly_mvtec|metal_nut|dense_sift|random_knn|256|0,p0_anomaly_mvtec,metal_nut,dense_sift,220,115,93,729,78.77802950599926,2,Tesla T4,random_knn,256,0,22.2822265625,0.10297466999986682,2700.984375,256.0,0.5083088954056696,"{""bent"": 0.3327272727272727, ""color"": 0.45041322314049587, ""flip"": 0.808300395256917, ""scratch"": 0.4545454545454546}",0.7227050566202247,,,,
p0_anomaly_mvtec|metal_nut|dense_sift|random_knn|1024|0,p0_anomaly_mvtec,metal_nut,dense_sift,220,115,93,729,78.77802950599926,2,Tesla T4,random_knn,1024,0,58.66015625,0.1297318769998128,2700.984375,1024.0,0.6304985337243402,"{""bent"": 0.4272727272727273, ""color"": 0.5247933884297521, ""flip"": 0.942687747035573, ""scratch"": 0.6403162055335968}",0.8440375923642722,,,,
p0_anomaly_mvtec|metal_nut|dense_sift|coreset_knn|64|1,p0_anomaly_mvtec,metal_nut,dense_sift,220,115,93,729,78.77802950599926,2,Tesla T4,coreset_knn,64,1,14.18798828125,0.09563863600010336,2700.984375,64.0,0.7673509286412512,"{""bent"": 0.5981818181818181, ""color"": 0.7458677685950413, ""flip"": 0.9565217391304348, ""scratch"": 0.7826086956521738}",0.6722607136325861,243.66845703125,1.831141382999931,2700.984375,
p0_anomaly_mvtec|metal_nut|dense_sift|coreset_knn|256|1,p0_anomaly_mvtec,metal_nut,dense_sift,220,115,93,729,78.77802950599926,2,Tesla T4,coreset_knn,256,1,22.2822265625,0.15086578999989797,2700.984375,256.0,0.727761485826002,"{""bent"": 0.5854545454545454, ""color"": 0.6466942148760331, ""flip"": 1.0, ""scratch"": 0.6877470355731226}",0.8344053261053339,243.66845703125,1.831141382999931,2700.984375,
p0_anomaly_mvtec|metal_nut|dense_sift|coreset_knn|1024|1,p0_anomaly_mvtec,metal_nut,dense_sift,220,115,93,729,78.77802950599926,2,Tesla T4,coreset_knn,1024,1,58.66015625,0.11332111199999417,2700.984375,1024.0,0.7849462365591398,"{""bent"": 0.749090909090909, ""color"": 0.5909090909090909, ""flip"": 1.0, ""scratch"": 0.7944664031620553}",0.8861314566823452,243.66845703125,1.831141382999931,2700.984375,
p0_anomaly_mvtec|metal_nut|dense_sift|random_knn|64|1,p0_anomaly_mvtec,metal_nut,dense_sift,220,115,93,729,78.77802950599926,2,Tesla T4,random_knn,64,1,14.18798828125,0.10238604100004522,2700.984375,64.0,0.34408602150537637,"{""bent"": 0.3218181818181818, ""color"": 0.39462809917355374, ""flip"": 0.3241106719367589, ""scratch"": 0.33992094861660077}",0.5470379853993138,,,,
p0_anomaly_mvtec|metal_nut|dense_sift|random_knn|256|1,p0_anomaly_mvtec,metal_nut,dense_sift,220,115,93,729,78.77802950599926,2,Tesla T4,random_knn,256,1,22.2822265625,0.10007373200005532,2700.984375,256.0,0.333822091886608,"{""bent"": 0.17636363636363633, ""color"": 0.3657024793388429, ""flip"": 0.3695652173913043, ""scratch"": 0.43873517786561267}",0.7168135941252397,,,,
p0_anomaly_mvtec|metal_nut|dense_sift|random_knn|1024|1,p0_anomaly_mvtec,metal_nut,dense_sift,220,115,93,729,78.77802950599926,2,Tesla T4,random_knn,1024,1,58.66015625,0.12911528299991915,2700.984375,1024.0,0.5669599217986315,"{""bent"": 0.39636363636363636, ""color"": 0.39462809917355374, ""flip"": 0.9920948616600791, ""scratch"": 0.4920948616600791}",0.84133449283635,,,,
p0_anomaly_mvtec|metal_nut|dense_sift|coreset_knn|64|2,p0_anomaly_mvtec,metal_nut,dense_sift,220,115,93,729,78.77802950599926,2,Tesla T4,coreset_knn,64,2,14.18798828125,0.11290551100000812,2700.984375,64.0,0.7033235581622679,"{""bent"": 0.62, ""color"": 0.5702479338842975, ""flip"": 0.9703557312252964, ""scratch"": 0.6541501976284585}",0.6533728228616825,243.66845703125,1.9021257290000904,2700.984375,
p0_anomaly_mvtec|metal_nut|dense_sift|coreset_knn|256|2,p0_anomaly_mvtec,metal_nut,dense_sift,220,115,93,729,78.77802950599926,2,Tesla T4,coreset_knn,256,2,22.2822265625,0.0988398499998766,2700.984375,256.0,0.7238514173998044,"{""bent"": 0.5127272727272727, ""color"": 0.6900826446280992, ""flip"": 1.0, ""scratch"": 0.709486166007905}",0.8410688116118599,243.66845703125,1.9021257290000904,2700.984375,
p0_anomaly_mvtec|metal_nut|dense_sift|coreset_knn|1024|2,p0_anomaly_mvtec,metal_nut,dense_sift,220,115,93,729,78.77802950599926,2,Tesla T4,coreset_knn,1024,2,58.66015625,0.11328010099987296,2700.984375,1024.0,0.79227761485826,"{""bent"": 0.7381818181818182, ""color"": 0.6384297520661157, ""flip"": 1.0, ""scratch"": 0.790513833992095}",0.8869614276894311,243.66845703125,1.9021257290000904,2700.984375,
p0_anomaly_mvtec|metal_nut|dense_sift|random_knn|64|2,p0_anomaly_mvtec,metal_nut,dense_sift,220,115,93,729,78.77802950599926,2,Tesla T4,random_knn,64,2,14.18798828125,0.09344076000002133,2700.984375,64.0,0.40909090909090906,"{""bent"": 0.3527272727272727, ""color"": 0.43388429752066116, ""flip"": 0.39328063241106714, ""scratch"": 0.4624505928853755}",0.5493214285605966,,,,
p0_anomaly_mvtec|metal_nut|dense_sift|random_knn|256|2,p0_anomaly_mvtec,metal_nut,dense_sift,220,115,93,729,78.77802950599926,2,Tesla T4,random_knn,256,2,22.2822265625,0.14436152399980529,2700.984375,256.0,0.5190615835777126,"{""bent"": 0.3836363636363636, ""color"": 0.5578512396694215, ""flip"": 0.6581027667984191, ""scratch"": 0.4901185770750988}",0.7004832933447666,,,,
p0_anomaly_mvtec|metal_nut|dense_sift|random_knn|1024|2,p0_anomaly_mvtec,metal_nut,dense_sift,220,115,93,729,78.77802950599926,2,Tesla T4,random_knn,1024,2,58.66015625,0.1110037989999455,2700.984375,1024.0,0.5532746823069404,"{""bent"": 0.3472727272727273, ""color"": 0.5227272727272727, ""flip"": 0.8893280632411067, ""scratch"": 0.47035573122529645}",0.8393471187629852,,,,
p0_anomaly_mvtec|pill|dinov2_s|coreset_knn|64|0,p0_anomaly_mvtec,pill,dinov2_s,267,167,141,1024,17.555453615999795,2,Tesla T4,coreset_knn,64,0,22.25048828125,0.1709982540000965,2700.984375,64.0,0.894708128750682,"{""color"": 0.8492307692307692, ""combined"": 0.9796380090497738, ""contamination"": 0.9743589743589743, ""crack"": 0.8032544378698225, ""faulty_imprint"": 0.9008097165991902, ""pill_type"": 1.0, ""scratch"": 0.8669871794871795}",0.8787921629985401,542.8125,3.116017753000051,2700.984375,
p0_anomaly_mvtec|pill|dinov2_s|coreset_knn|256|0,p0_anomaly_mvtec,pill,dinov2_s,267,167,141,1024,17.555453615999795,2,Tesla T4,coreset_knn,256,0,28.5322265625,0.2915184410001075,2700.984375,256.0,0.9601745771958538,"{""color"": 0.9246153846153846, ""combined"": 0.997737556561086, ""contamination"": 0.9945054945054945, ""crack"": 0.900887573964497, ""faulty_imprint"": 0.9736842105263158, ""pill_type"": 1.0, ""scratch"": 0.9791666666666667}",0.9495544424733108,542.8125,3.116017753000051,2700.984375,
p0_anomaly_mvtec|pill|dinov2_s|coreset_knn|1024|0,p0_anomaly_mvtec,pill,dinov2_s,267,167,141,1024,17.555453615999795,2,Tesla T4,coreset_knn,1024,0,63.66015625,0.24103671600005327,2700.984375,1024.0,0.9918166939443536,"{""color"": 1.0, ""combined"": 1.0, ""contamination"": 1.0, ""crack"": 0.9585798816568047, ""faulty_imprint"": 0.9979757085020243, ""pill_type"": 1.0, ""scratch"": 0.9983974358974359}",0.9734799168631069,542.8125,3.116017753000051,2700.984375,
p0_anomaly_mvtec|pill|dinov2_s|random_knn|64|0,p0_anomaly_mvtec,pill,dinov2_s,267,167,141,1024,17.555453615999795,2,Tesla T4,random_knn,64,0,22.25048828125,0.17344510999987506,2700.984375,64.0,0.721494817239498,"{""color"": 0.6923076923076923, ""combined"": 0.8054298642533937, ""contamination"": 0.6391941391941391, ""crack"": 0.7174556213017752, ""faulty_imprint"": 0.7530364372469636, ""pill_type"": 0.811965811965812, ""scratch"": 0.7099358974358974}",0.9283935849325673,,,,
p0_anomaly_mvtec|pill|dinov2_s|random_knn|256|0,p0_anomaly_mvtec,pill,dinov2_s,267,167,141,1024,17.555453615999795,2,Tesla T4,random_knn,256,0,28.5322265625,0.27543322299993633,2714.83203125,256.0,0.874795417348609,"{""color"": 0.7615384615384615, ""combined"": 0.9434389140271493, ""contamination"": 0.9798534798534799, ""crack"": 0.8402366863905325, ""faulty_imprint"": 0.8319838056680162, ""pill_type"": 0.9743589743589745, ""scratch"": 0.8862179487179487}",0.956714030838096,,,,
p0_anomaly_mvtec|pill|dinov2_s|random_knn|1024|0,p0_anomaly_mvtec,pill,dinov2_s,267,167,141,1024,17.555453615999795,2,Tesla T4,random_knn,1024,0,63.66015625,0.24523652199991375,2720.2421875,1024.0,0.9127114020731042,"{""color"": 0.7676923076923077, ""combined"": 0.9796380090497738, ""contamination"": 0.9853479853479854, ""crack"": 0.9112426035502958, ""faulty_imprint"": 0.8805668016194332, ""pill_type"": 0.9914529914529915, ""scratch"": 0.9503205128205129}",0.9676016539204245,,,,
p0_anomaly_mvtec|pill|dinov2_s|coreset_knn|64|1,p0_anomaly_mvtec,pill,dinov2_s,267,167,141,1024,17.555453615999795,2,Tesla T4,coreset_knn,64,1,22.25048828125,0.26330602500001987,2720.2421875,64.0,0.9252591380250954,"{""color"": 0.8969230769230769, ""combined"": 1.0, ""contamination"": 0.9926739926739927, ""crack"": 0.8727810650887574, ""faulty_imprint"": 0.825910931174089, ""pill_type"": 1.0, ""scratch"": 0.9503205128205129}",0.8895284271685285,542.8125,3.1629750279998916,2720.2421875,
p0_anomaly_mvtec|pill|dinov2_s|coreset_knn|256|1,p0_anomaly_mvtec,pill,dinov2_s,267,167,141,1024,17.555453615999795,2,Tesla T4,coreset_knn,256,1,28.5322265625,0.1870179630000166,2720.2421875,256.0,0.9743589743589743,"{""color"": 0.9723076923076923, ""combined"": 1.0, ""contamination"": 0.9853479853479854, ""crack"": 0.9437869822485208, ""faulty_imprint"": 0.9777327935222673, ""pill_type"": 1.0, ""scratch"": 0.969551282051282}",0.9505395100224647,542.8125,3.1629750279998916,2720.2421875,
p0_anomaly_mvtec|pill|dinov2_s|coreset_knn|1024|1,p0_anomaly_mvtec,pill,dinov2_s,267,167,141,1024,17.555453615999795,2,Tesla T4,coreset_knn,1024,1,63.66015625,0.24316842300004282,2720.2421875,1024.0,0.993998908892526,"{""color"": 0.9923076923076923, ""combined"": 1.0, ""contamination"": 1.0, ""crack"": 0.9748520710059172, ""faulty_imprint"": 1.0, ""pill_type"": 1.0, ""scratch"": 1.0}",0.9727703462668079,542.8125,3.1629750279998916,2720.2421875,
p0_anomaly_mvtec|pill|dinov2_s|random_knn|64|1,p0_anomaly_mvtec,pill,dinov2_s,267,167,141,1024,17.555453615999795,2,Tesla T4,random_knn,64,1,22.25048828125,0.24224764199993842,2720.2421875,64.0,0.6268412438625205,"{""color"": 0.54, ""combined"": 0.755656108597285, ""contamination"": 0.4652014652014652, ""crack"": 0.5221893491124261, ""faulty_imprint"": 0.7489878542510122, ""pill_type"": 0.8205128205128205, ""scratch"": 0.7115384615384616}",0.9458866634194265,,,,
p0_anomaly_mvtec|pill|dinov2_s|random_knn|256|1,p0_anomaly_mvtec,pill,dinov2_s,267,167,141,1024,17.555453615999795,2,Tesla T4,random_knn,256,1,28.5322265625,0.1868407130000378,2720.2421875,256.0,0.8846153846153846,"{""color"": 0.7415384615384616, ""combined"": 0.9570135746606335, ""contamination"": 0.9560439560439562, ""crack"": 0.8846153846153846, ""faulty_imprint"": 0.8461538461538461, ""pill_type"": 0.9786324786324787, ""scratch"": 0.9150641025641025}",0.9593437357368123,,,,
p0_anomaly_mvtec|pill|dinov2_s|random_knn|1024|1,p0_anomaly_mvtec,pill,dinov2_s,267,167,141,1024,17.555453615999795,2,Tesla T4,random_knn,1024,1,63.66015625,0.24376788499989743,2721.171875,1024.0,0.9208947081287507,"{""color"": 0.8384615384615385, ""combined"": 0.9773755656108598, ""contamination"": 0.9908424908424909, ""crack"": 0.9023668639053254, ""faulty_imprint"": 0.902834008097166, ""pill_type"": 0.9786324786324787, ""scratch"": 0.9182692307692308}",0.9702372225732266,,,,
p0_anomaly_mvtec|pill|dinov2_s|coreset_knn|64|2,p0_anomaly_mvtec,pill,dinov2_s,267,167,141,1024,17.555453615999795,2,Tesla T4,coreset_knn,64,2,22.25048828125,0.26789264700005333,2721.171875,64.0,0.8496999454446263,"{""color"": 0.803076923076923, ""combined"": 0.9751131221719458, ""contamination"": 0.9468864468864469, ""crack"": 0.7292899408284024, ""faulty_imprint"": 0.7834008097165992, ""pill_type"": 1.0, ""scratch"": 0.8509615384615384}",0.8758612403980207,542.8125,3.1888231550001365,2721.171875,
p0_anomaly_mvtec|pill|dinov2_s|coreset_knn|256|2,p0_anomaly_mvtec,pill,dinov2_s,267,167,141,1024,17.555453615999795,2,Tesla T4,coreset_knn,256,2,28.5322265625,0.18818863299998156,2721.171875,256.0,0.9549918166939443,"{""color"": 0.94, ""combined"": 0.9932126696832579, ""contamination"": 0.9963369963369964, ""crack"": 0.9245562130177515, ""faulty_imprint"": 0.9251012145748988, ""pill_type"": 1.0, ""scratch"": 0.9471153846153846}",0.9370761750562121,542.8125,3.1888231550001365,2721.171875,
p0_anomaly_mvtec|pill|dinov2_s|coreset_knn|1024|2,p0_anomaly_mvtec,pill,dinov2_s,267,167,141,1024,17.555453615999795,2,Tesla T4,coreset_knn,1024,2,63.66015625,0.23879535500009297,2721.171875,1024.0,0.9909983633387889,"{""color"": 0.9907692307692308, ""combined"": 1.0, ""contamination"": 1.0, ""crack"": 0.9659763313609468, ""faulty_imprint"": 0.9959514170040487, ""pill_type"": 1.0, ""scratch"": 0.9967948717948718}",0.9672993240954986,542.8125,3.1888231550001365,2721.171875,
p0_anomaly_mvtec|pill|dinov2_s|random_knn|64|2,p0_anomaly_mvtec,pill,dinov2_s,267,167,141,1024,17.555453615999795,2,Tesla T4,random_knn,64,2,22.25048828125,0.2396035499998561,2721.171875,64.0,0.7956901254773595,"{""color"": 0.6153846153846154, ""combined"": 0.9230769230769231, ""contamination"": 0.9377289377289377, ""crack"": 0.8461538461538461, ""faulty_imprint"": 0.6720647773279352, ""pill_type"": 0.9017094017094017, ""scratch"": 0.7724358974358974}",0.9216456432009644,,,,
p0_anomaly_mvtec|pill|dinov2_s|random_knn|256|2,p0_anomaly_mvtec,pill,dinov2_s,267,167,141,1024,17.555453615999795,2,Tesla T4,random_knn,256,2,28.5322265625,0.19340989200009062,2721.171875,256.0,0.8491543917075831,"{""color"": 0.5938461538461538, ""combined"": 1.0, ""contamination"": 0.9853479853479854, ""crack"": 0.856508875739645, ""faulty_imprint"": 0.805668016194332, ""pill_type"": 0.8717948717948717, ""scratch"": 0.907051282051282}",0.9548334498465936,,,,
p0_anomaly_mvtec|pill|dinov2_s|random_knn|1024|2,p0_anomaly_mvtec,pill,dinov2_s,267,167,141,1024,17.555453615999795,2,Tesla T4,random_knn,1024,2,63.66015625,0.24680982700010645,2721.91015625,1024.0,0.886797599563557,"{""color"": 0.7769230769230769, ""combined"": 0.9751131221719457, ""contamination"": 0.956043956043956, ""crack"": 0.8047337278106509, ""faulty_imprint"": 0.8906882591093117, ""pill_type"": 0.9743589743589743, ""scratch"": 0.9310897435897436}",0.9684065528206459,,,,
p0_anomaly_mvtec|pill|dense_sift|coreset_knn|64|0,p0_anomaly_mvtec,pill,dense_sift,267,167,141,729,97.15488522300075,2,Tesla T4,coreset_knn,64,0,14.18798828125,0.13392330400006358,2721.91015625,64.0,0.48581560283687947,"{""color"": 0.40153846153846157, ""combined"": 0.7239819004524887, ""contamination"": 0.5677655677655677, ""crack"": 0.4970414201183432, ""faulty_imprint"": 0.2935222672064777, ""pill_type"": 0.4871794871794871, ""scratch"": 0.47275641025641024}",0.6703502876718866,296.86767578125,2.2063701179999953,2721.91015625,
p0_anomaly_mvtec|pill|dense_sift|coreset_knn|256|0,p0_anomaly_mvtec,pill,dense_sift,267,167,141,729,97.15488522300075,2,Tesla T4,coreset_knn,256,0,22.2822265625,0.2075140569997984,2721.91015625,256.0,0.5804691762138571,"{""color"": 0.4307692307692308, ""combined"": 0.9321266968325792, ""contamination"": 0.6593406593406593, ""crack"": 0.5843195266272189, ""faulty_imprint"": 0.40485829959514164, ""pill_type"": 0.5042735042735043, ""scratch"": 0.5817307692307693}",0.6782877260996659,296.86767578125,2.2063701179999953,2721.91015625,
p0_anomaly_mvtec|pill|dense_sift|coreset_knn|1024|0,p0_anomaly_mvtec,pill,dense_sift,267,167,141,729,97.15488522300075,2,Tesla T4,coreset_knn,1024,0,58.66015625,0.18143493200000194,2721.91015625,1024.0,0.6617566830332788,"{""color"": 0.5261538461538462, ""combined"": 0.9457013574660633, ""contamination"": 0.7582417582417582, ""crack"": 0.6834319526627219, ""faulty_imprint"": 0.5465587044534413, ""pill_type"": 0.5256410256410257, ""scratch"": 0.6362179487179487}",0.6963216778797571,296.86767578125,2.2063701179999953,2721.91015625,
p0_anomaly_mvtec|pill|dense_sift|random_knn|64|0,p0_anomaly_mvtec,pill,dense_sift,267,167,141,729,97.15488522300075,2,Tesla T4,random_knn,64,0,14.18798828125,0.15000327600000674,2721.91015625,64.0,0.369885433715221,"{""color"": 0.3292307692307692, ""combined"": 0.5248868778280542, ""contamination"": 0.2948717948717948, ""crack"": 0.4230769230769231, ""faulty_imprint"": 0.30364372469635625, ""pill_type"": 0.4914529914529915, ""scratch"": 0.3173076923076923}",0.5394120952977779,,,,
p0_anomaly_mvtec|pill|dense_sift|random_knn|256|0,p0_anomaly_mvtec,pill,dense_sift,267,167,141,729,97.15488522300075,2,Tesla T4,random_knn,256,0,22.2822265625,0.15940256899989436,2721.91015625,256.0,0.41134751773049644,"{""color"": 0.37076923076923074, ""combined"": 0.6561085972850679, ""contamination"": 0.39377289377289376, ""crack"": 0.34911242603550297, ""faulty_imprint"": 0.3340080971659919, ""pill_type"": 0.6196581196581196, ""scratch"": 0.34615384615384615}",0.6241448872059308,,,,
p0_anomaly_mvtec|pill|dense_sift|random_knn|1024|0,p0_anomaly_mvtec,pill,dense_sift,267,167,141,729,97.15488522300075,2,Tesla T4,random_knn,1024,0,58.66015625,0.17878113799997664,2721.91015625,1024.0,0.5180032733224222,"{""color"": 0.3569230769230769, ""combined"": 0.6493212669683258, ""contamination"": 0.5860805860805861, ""crack"": 0.5251479289940828, ""faulty_imprint"": 0.44939271255060725, ""pill_type"": 0.764957264957265, ""scratch"": 0.48717948717948717}",0.706414319593175,,,,
p0_anomaly_mvtec|pill|dense_sift|coreset_knn|64|1,p0_anomaly_mvtec,pill,dense_sift,267,167,141,729,97.15488522300075,2,Tesla T4,coreset_knn,64,1,14.18798828125,0.1414825419999488,2721.91015625,64.0,0.5079105291871249,"{""color"": 0.5261538461538462, ""combined"": 0.6380090497737556, ""contamination"": 0.5622710622710623, ""crack"": 0.43639053254437876, ""faulty_imprint"": 0.4170040485829959, ""pill_type"": 0.5042735042735043, ""scratch"": 0.5}",0.6123146813922814,296.86767578125,2.20237033300009,2721.91015625,
p0_anomaly_mvtec|pill|dense_sift|coreset_knn|256|1,p0_anomaly_mvtec,pill,dense_sift,267,167,141,729,97.15488522300075,2,Tesla T4,coreset_knn,256,1,22.2822265625,0.21971010000015667,2721.91015625,256.0,0.5676486633933443,"{""color"": 0.45999999999999996, ""combined"": 0.7805429864253394, ""contamination"": 0.7032967032967032, ""crack"": 0.5428994082840237, ""faulty_imprint"": 0.47368421052631576, ""pill_type"": 0.4444444444444444, ""scratch"": 0.5576923076923077}",0.66926129698599,296.86767578125,2.20237033300009,2721.91015625,
p0_anomaly_mvtec|pill|dense_sift|coreset_knn|1024|1,p0_anomaly_mvtec,pill,dense_sift,267,167,141,729,97.15488522300075,2,Tesla T4,coreset_knn,1024,1,58.66015625,0.16340825499992206,2721.91015625,1024.0,0.6123840698308783,"{""color"": 0.4707692307692307, ""combined"": 0.9027149321266968, ""contamination"": 0.6923076923076923, ""crack"": 0.6538461538461539, ""faulty_imprint"": 0.4352226720647774, ""pill_type"": 0.49572649572649574, ""scratch"": 0.6233974358974359}",0.7118093293834249,296.86767578125,2.20237033300009,2721.91015625,
p0_anomaly_mvtec|pill|dense_sift|random_knn|64|1,p0_anomaly_mvtec,pill,dense_sift,267,167,141,729,97.15488522300075,2,Tesla T4,random_knn,64,1,14.18798828125,0.1463986459998523,2721.91015625,64.0,0.44408074195308245,"{""color"": 0.5323076923076923, ""combined"": 0.3054298642533937, ""contamination"": 0.47435897435897434, ""crack"": 0.46893491124260356, ""faulty_imprint"": 0.4352226720647773, ""pill_type"": 0.34615384615384615, ""scratch"": 0.4407051282051282}",0.5057387874912964,,,,
p0_anomaly_mvtec|pill|dense_sift|random_knn|256|1,p0_anomaly_mvtec,pill,dense_sift,267,167,141,729,97.15488522300075,2,Tesla T4,random_knn,256,1,22.2822265625,0.19419802400011577,2721.91015625,256.0,0.5616475722858701,"{""color"": 0.5938461538461539, ""combined"": 0.7647058823529411, ""contamination"": 0.4835164835164835, ""crack"": 0.485207100591716, ""faulty_imprint"": 0.45546558704453444, ""pill_type"": 0.6837606837606838, ""scratch"": 0.5737179487179488}",0.6487159274560047,,,,
p0_anomaly_mvtec|pill|dense_sift|random_knn|1024|1,p0_anomaly_mvtec,pill,dense_sift,267,167,141,729,97.15488522300075,2,Tesla T4,random_knn,1024,1,58.66015625,0.1673414390002108,2721.91015625,1024.0,0.591380250954719,"{""color"": 0.34615384615384615, ""combined"": 0.8619909502262444, ""contamination"": 0.7362637362637362, ""crack"": 0.606508875739645, ""faulty_imprint"": 0.4068825910931174, ""pill_type"": 0.5726495726495727, ""scratch"": 0.6650641025641025}",0.7124319928960674,,,,
p0_anomaly_mvtec|pill|dense_sift|coreset_knn|64|2,p0_anomaly_mvtec,pill,dense_sift,267,167,141,729,97.15488522300075,2,Tesla T4,coreset_knn,64,2,14.18798828125,0.139364728000146,2721.91015625,64.0,0.4593562465902891,"{""color"": 0.38153846153846155, ""combined"": 0.6018099547511313, ""contamination"": 0.41208791208791207, ""crack"": 0.5044378698224852, ""faulty_imprint"": 0.3825910931174089, ""pill_type"": 0.5085470085470085, ""scratch"": 0.47435897435897434}",0.6129429932057833,296.86767578125,2.2029749440000614,2721.91015625,
p0_anomaly_mvtec|pill|dense_sift|coreset_knn|256|2,p0_anomaly_mvtec,pill,dense_sift,267,167,141,729,97.15488522300075,2,Tesla T4,coreset_knn,256,2,22.2822265625,0.20363952000002428,2721.91015625,256.0,0.5818330605564649,"{""color"": 0.4815384615384615, ""combined"": 0.8416289592760182, ""contamination"": 0.7582417582417582, ""crack"": 0.5532544378698225, ""faulty_imprint"": 0.44939271255060725, ""pill_type"": 0.47008547008547, ""scratch"": 0.5256410256410257}",0.6774377926067197,296.86767578125,2.2029749440000614,2721.91015625,
p0_anomaly_mvtec|pill|dense_sift|coreset_knn|1024|2,p0_anomaly_mvtec,pill,dense_sift,267,167,141,729,97.15488522300075,2,Tesla T4,coreset_knn,1024,2,58.66015625,0.16214391800008343,2721.91015625,1024.0,0.5649208947081287,"{""color"": 0.43538461538461537, ""combined"": 0.843891402714932, ""contamination"": 0.6703296703296703, ""crack"": 0.5636094674556213, ""faulty_imprint"": 0.4190283400809717, ""pill_type"": 0.4700854700854701, ""scratch"": 0.5625}",0.7096049130067517,296.86767578125,2.2029749440000614,2721.91015625,
p0_anomaly_mvtec|pill|dense_sift|random_knn|64|2,p0_anomaly_mvtec,pill,dense_sift,267,167,141,729,97.15488522300075,2,Tesla T4,random_knn,64,2,14.18798828125,0.1430335389998163,2721.91015625,64.0,0.369885433715221,"{""color"": 0.4, ""combined"": 0.20588235294117643, ""contamination"": 0.3772893772893773, ""crack"": 0.37278106508875736, ""faulty_imprint"": 0.4777327935222672, ""pill_type"": 0.21794871794871792, ""scratch"": 0.41666666666666663}",0.5154758108229119,,,,
p0_anomaly_mvtec|pill|dense_sift|random_knn|256|2,p0_anomaly_mvtec,pill,dense_sift,267,167,141,729,97.15488522300075,2,Tesla T4,random_knn,256,2,22.2822265625,0.19951338700002452,2721.91015625,256.0,0.3903436988543371,"{""color"": 0.2769230769230769, ""combined"": 0.5814479638009049, ""contamination"": 0.46336996336996333, ""crack"": 0.3653846153846153, ""faulty_imprint"": 0.4149797570850202, ""pill_type"": 0.6581196581196581, ""scratch"": 0.21634615384615385}",0.6276530494182486,,,,
p0_anomaly_mvtec|pill|dense_sift|random_knn|1024|2,p0_anomaly_mvtec,pill,dense_sift,267,167,141,729,97.15488522300075,2,Tesla T4,random_knn,1024,2,58.66015625,0.1682638780000616,2721.91015625,1024.0,0.5242771412984178,"{""color"": 0.4369230769230769, ""combined"": 0.7601809954751131, ""contamination"": 0.5805860805860806, ""crack"": 0.48668639053254437, ""faulty_imprint"": 0.42914979757085026, ""pill_type"": 0.5042735042735043, ""scratch"": 0.5224358974358975}",0.717746271708673,,,,
p0_anomaly_mvtec|screw|dinov2_s|coreset_knn|64|0,p0_anomaly_mvtec,screw,dinov2_s,320,160,119,1024,17.0737839049998,2,Tesla T4,coreset_knn,64,0,22.25048828125,0.17336752800019894,2721.91015625,64.0,0.6400901824144292,"{""manipulated_front"": 0.5172764227642277, ""scratch_head"": 0.6626016260162602, ""scratch_neck"": 0.6634146341463415, ""thread_side"": 0.6489925768822906, ""thread_top"": 0.7104984093319194}",0.7575737745956004,648.3125,3.7737592769999537,2721.91015625,
p0_anomaly_mvtec|screw|dinov2_s|coreset_knn|256|0,p0_anomaly_mvtec,screw,dinov2_s,320,160,119,1024,17.0737839049998,2,Tesla T4,coreset_knn,256,0,28.5322265625,0.18180996199998845,2748.5703125,256.0,0.8141012502562001,"{""manipulated_front"": 0.7184959349593496, ""scratch_head"": 0.9034552845528456, ""scratch_neck"": 0.8868292682926829, ""thread_side"": 0.7189819724284199, ""thread_top"": 0.8366914103923648}",0.885443227425911,648.3125,3.7737592769999537,2721.91015625,
p0_anomaly_mvtec|screw|dinov2_s|coreset_knn|1024|0,p0_anomaly_mvtec,screw,dinov2_s,320,160,119,1024,17.0737839049998,2,Tesla T4,coreset_knn,1024,0,63.66015625,0.22933522599987555,2749.7109375,1024.0,0.8667759786841567,"{""manipulated_front"": 0.8363821138211381, ""scratch_head"": 0.899390243902439, ""scratch_neck"": 0.9385365853658537, ""thread_side"": 0.7168610816542949, ""thread_top"": 0.9363732767762459}",0.9454418030870272,648.3125,3.7737592769999537,2721.91015625,
p0_anomaly_mvtec|screw|dinov2_s|random_knn|64|0,p0_anomaly_mvtec,screw,dinov2_s,320,160,119,1024,17.0737839049998,2,Tesla T4,random_knn,64,0,22.25048828125,0.26693351900007656,2749.7109375,64.0,0.5988932158229144,"{""manipulated_front"": 0.5335365853658536, ""scratch_head"": 0.46747967479674796, ""scratch_neck"": 0.7551219512195122, ""thread_side"": 0.5768822905620361, ""thread_top"": 0.6564156945917285}",0.9169431810604965,,,,
p0_anomaly_mvtec|screw|dinov2_s|random_knn|256|0,p0_anomaly_mvtec,screw,dinov2_s,320,160,119,1024,17.0737839049998,2,Tesla T4,random_knn,256,0,28.5322265625,0.1883408319999944,2767.171875,256.0,0.7817175650748103,"{""manipulated_front"": 0.858739837398374, ""scratch_head"": 0.7113821138211381, ""scratch_neck"": 0.808780487804878, ""thread_side"": 0.7476139978791092, ""thread_top"": 0.7794273594909862}",0.9504076443843666,,,,
p0_anomaly_mvtec|screw|dinov2_s|random_knn|1024|0,p0_anomaly_mvtec,screw,dinov2_s,320,160,119,1024,17.0737839049998,2,Tesla T4,random_knn,1024,0,63.66015625,0.24313862400003927,2790.3515625,1024.0,0.8124615699938511,"{""manipulated_front"": 0.7245934959349594, ""scratch_head"": 0.8201219512195121, ""scratch_neck"": 0.8946341463414634, ""thread_side"": 0.8112407211028632, ""thread_top"": 0.8080593849416755}",0.9576915324226274,,,,
p0_anomaly_mvtec|screw|dinov2_s|coreset_knn|64|1,p0_anomaly_mvtec,screw,dinov2_s,320,160,119,1024,17.0737839049998,2,Tesla T4,coreset_knn,64,1,22.25048828125,0.1723740759998691,2791.15625,64.0,0.6243082598893217,"{""manipulated_front"": 0.684959349593496, ""scratch_head"": 0.5558943089430894, ""scratch_neck"": 0.6302439024390244, ""thread_side"": 0.5514316012725344, ""thread_top"": 0.6988335100742312}",0.8037801338774515,648.3125,3.7566813859998547,2791.15625,
p0_anomaly_mvtec|screw|dinov2_s|coreset_knn|256|1,p0_anomaly_mvtec,screw,dinov2_s,320,160,119,1024,17.0737839049998,2,Tesla T4,coreset_knn,256,1,28.5322265625,0.1781911159998799,2791.15625,256.0,0.8555031768805083,"{""manipulated_front"": 0.709349593495935, ""scratch_head"": 0.8790650406504065, ""scratch_neck"": 0.9239024390243903, ""thread_side"": 0.8494167550371156, ""thread_top"": 0.9151643690349947}",0.9074247326705084,648.3125,3.7566813859998547,2791.15625,
p0_anomaly_mvtec|screw|dinov2_s|coreset_knn|1024|1,p0_anomaly_mvtec,screw,dinov2_s,320,160,119,1024,17.0737839049998,2,Tesla T4,coreset_knn,1024,1,63.66015625,0.2312782070000594,2791.15625,1024.0,0.8680057388809181,"{""manipulated_front"": 0.8180894308943089, ""scratch_head"": 0.9237804878048781, ""scratch_neck"": 0.926829268292683, ""thread_side"": 0.7433722163308589, ""thread_top"": 0.9225874867444327}",0.9419691591740497,648.3125,3.7566813859998547,2791.15625,
p0_anomaly_mvtec|screw|dinov2_s|random_knn|64|1,p0_anomaly_mvtec,screw,dinov2_s,320,160,119,1024,17.0737839049998,2,Tesla T4,random_knn,64,1,22.25048828125,0.1737194659999659,2791.15625,64.0,0.6038122566099611,"{""manipulated_front"": 0.5111788617886179, ""scratch_head"": 0.5670731707317074, ""scratch_neck"": 0.7492682926829268, ""thread_side"": 0.5768822905620361, ""thread_top"": 0.6076352067868506}",0.9270930066180151,,,,
p0_anomaly_mvtec|screw|dinov2_s|random_knn|256|1,p0_anomaly_mvtec,screw,dinov2_s,320,160,119,1024,17.0737839049998,2,Tesla T4,random_knn,256,1,28.5322265625,0.1784561520000807,2791.15625,256.0,0.7890961262553802,"{""manipulated_front"": 0.7977642276422764, ""scratch_head"": 0.7052845528455285, ""scratch_neck"": 0.8751219512195123, ""thread_side"": 0.7667020148462353, ""thread_top"": 0.7963944856839873}",0.9383830774109161,,,,
p0_anomaly_mvtec|screw|dinov2_s|random_knn|1024|1,p0_anomaly_mvtec,screw,dinov2_s,320,160,119,1024,17.0737839049998,2,Tesla T4,random_knn,1024,1,63.66015625,0.22952921899991452,2791.15625,1024.0,0.8714900594384095,"{""manipulated_front"": 0.8404471544715447, ""scratch_head"": 0.8363821138211383, ""scratch_neck"": 0.9560975609756098, ""thread_side"": 0.8345705196182396, ""thread_top"": 0.8854718981972429}",0.9598965058361895,,,,
p0_anomaly_mvtec|screw|dinov2_s|coreset_knn|64|2,p0_anomaly_mvtec,screw,dinov2_s,320,160,119,1024,17.0737839049998,2,Tesla T4,coreset_knn,64,2,22.25048828125,0.17353624199995465,2791.15625,64.0,0.585160893625743,"{""manipulated_front"": 0.5762195121951219, ""scratch_head"": 0.49288617886178865, ""scratch_neck"": 0.5756097560975609, ""thread_side"": 0.6320254506892895, ""thread_top"": 0.6542948038176034}",0.8412824318591887,648.3125,3.7535733109998546,2791.15625,
p0_anomaly_mvtec|screw|dinov2_s|coreset_knn|256|2,p0_anomaly_mvtec,screw,dinov2_s,320,160,119,1024,17.0737839049998,2,Tesla T4,coreset_knn,256,2,28.5322265625,0.18171278499994514,2791.15625,256.0,0.8081574093051854,"{""manipulated_front"": 0.6747967479674797, ""scratch_head"": 0.8252032520325203, ""scratch_neck"": 0.9512195121951219, ""thread_side"": 0.6765641569459173, ""thread_top"": 0.9056203605514316}",0.9169831614397447,648.3125,3.7535733109998546,2791.15625,
p0_anomaly_mvtec|screw|dinov2_s|coreset_knn|1024|2,p0_anomaly_mvtec,screw,dinov2_s,320,160,119,1024,17.0737839049998,2,Tesla T4,coreset_knn,1024,2,63.66015625,0.28379431899998053,2791.15625,1024.0,0.9018241442918631,"{""manipulated_front"": 0.8851626016260163, ""scratch_head"": 0.9471544715447153, ""scratch_neck"": 0.9434146341463415, ""thread_side"": 0.7974549310710498, ""thread_top"": 0.9310710498409333}",0.9450759649946879,648.3125,3.7535733109998546,2791.15625,
p0_anomaly_mvtec|screw|dinov2_s|random_knn|64|2,p0_anomaly_mvtec,screw,dinov2_s,320,160,119,1024,17.0737839049998,2,Tesla T4,random_knn,64,2,22.25048828125,0.1701240909999342,2791.15625,64.0,0.5017421602787457,"{""manipulated_front"": 0.4979674796747967, ""scratch_head"": 0.3678861788617886, ""scratch_neck"": 0.6741463414634147, ""thread_side"": 0.41569459172852596, ""thread_top"": 0.5440084835630965}",0.9116729608282093,,,,
p0_anomaly_mvtec|screw|dinov2_s|random_knn|256|2,p0_anomaly_mvtec,screw,dinov2_s,320,160,119,1024,17.0737839049998,2,Tesla T4,random_knn,256,2,28.5322265625,0.1760479290001058,2791.15625,256.0,0.7864316458290633,"{""manipulated_front"": 0.769308943089431, ""scratch_head"": 0.7184959349593496, ""scratch_neck"": 0.9082926829268293, ""thread_side"": 0.7444326617179216, ""thread_top"": 0.784729586426299}",0.9418851661352412,,,,
p0_anomaly_mvtec|screw|dinov2_s|random_knn|1024|2,p0_anomaly_mvtec,screw,dinov2_s,320,160,119,1024,17.0737839049998,2,Tesla T4,random_knn,1024,2,63.66015625,0.22491111900012584,2791.15625,1024.0,0.8454601352736216,"{""manipulated_front"": 0.733739837398374, ""scratch_head"": 0.8363821138211383, ""scratch_neck"": 0.9600000000000001, ""thread_side"": 0.7985153764581123, ""thread_top"": 0.8939554612937435}",0.9631195773721328,,,,
p0_anomaly_mvtec|screw|dense_sift|coreset_knn|64|0,p0_anomaly_mvtec,screw,dense_sift,320,160,119,729,108.29526759499959,2,Tesla T4,coreset_knn,64,0,14.18798828125,0.1323621550000098,2791.6171875,64.0,0.5197786431645829,"{""manipulated_front"": 0.6260162601626016, ""scratch_head"": 0.41971544715447157, ""scratch_neck"": 0.42341463414634145, ""thread_side"": 0.5270413573700954, ""thread_top"": 0.6108165429480382}",0.5188929981718177,350.92138671875,2.6313910139999734,2791.6171875,
p0_anomaly_mvtec|screw|dense_sift|coreset_knn|256|0,p0_anomaly_mvtec,screw,dense_sift,320,160,119,729,108.29526759499959,2,Tesla T4,coreset_knn,256,0,22.2822265625,0.200953052000159,2791.6171875,256.0,0.5078909612625537,"{""manipulated_front"": 0.6920731707317074, ""scratch_head"": 0.4349593495934959, ""scratch_neck"": 0.32097560975609757, ""thread_side"": 0.5174973488865323, ""thread_top"": 0.5853658536585366}",0.46991319776299323,350.92138671875,2.6313910139999734,2791.6171875,
p0_anomaly_mvtec|screw|dense_sift|coreset_knn|1024|0,p0_anomaly_mvtec,screw,dense_sift,320,160,119,729,108.29526759499959,2,Tesla T4,coreset_knn,1024,0,58.66015625,0.162445734999892,2791.6171875,1024.0,0.6140602582496413,"{""manipulated_front"": 0.7266260162601627, ""scratch_head"": 0.5071138211382114, ""scratch_neck"": 0.6351219512195122, ""thread_side"": 0.5323435843054083, ""thread_top"": 0.6670201484623542}",0.5138132725701918,350.92138671875,2.6313910139999734,2791.6171875,
p0_anomaly_mvtec|screw|dense_sift|random_knn|64|0,p0_anomaly_mvtec,screw,dense_sift,320,160,119,729,108.29526759499959,2,Tesla T4,random_knn,64,0,14.18798828125,0.1354552740001509,2791.6171875,64.0,0.5154744824759172,"{""manipulated_front"": 0.5904471544715447, ""scratch_head"": 0.5193089430894309, ""scratch_neck"": 0.44390243902439025, ""thread_side"": 0.584305408271474, ""thread_top"": 0.44220572640509015}",0.7207052051804232,,,,
p0_anomaly_mvtec|screw|dense_sift|random_knn|256|0,p0_anomaly_mvtec,screw,dense_sift,320,160,119,729,108.29526759499959,2,Tesla T4,random_knn,256,0,22.2822265625,0.22041229499996007,2791.6171875,256.0,0.5747079319532691,"{""manipulated_front"": 0.6371951219512195, ""scratch_head"": 0.5579268292682926, ""scratch_neck"": 0.5395121951219513, ""thread_side"": 0.5652173913043478, ""thread_top"": 0.5747613997879109}",0.5824082058434057,,,,
p0_anomaly_mvtec|screw|dense_sift|random_knn|1024|0,p0_anomaly_mvtec,screw,dense_sift,320,160,119,729,108.29526759499959,2,Tesla T4,random_knn,1024,0,58.66015625,0.15877879000004214,2791.6171875,1024.0,0.5273621643779463,"{""manipulated_front"": 0.6138211382113821, ""scratch_head"": 0.45934959349593496, ""scratch_neck"": 0.4302439024390244, ""thread_side"": 0.5408271474019088, ""thread_top"": 0.6002120890774124}",0.5983832899032517,,,,
p0_anomaly_mvtec|screw|dense_sift|coreset_knn|64|1,p0_anomaly_mvtec,screw,dense_sift,320,160,119,729,108.29526759499959,2,Tesla T4,coreset_knn,64,1,14.18798828125,0.1356180889999905,2791.6171875,64.0,0.5839311334289813,"{""manipulated_front"": 0.7195121951219513, ""scratch_head"": 0.5538617886178862, ""scratch_neck"": 0.49073170731707316, ""thread_side"": 0.5503711558854719, ""thread_top"": 0.6086956521739131}",0.5079217497479714,351.01513671875,2.618691247000015,2791.6171875,
p0_anomaly_mvtec|screw|dense_sift|coreset_knn|256|1,p0_anomaly_mvtec,screw,dense_sift,320,160,119,729,108.29526759499959,2,Tesla T4,coreset_knn,256,1,22.2822265625,0.18049713799996425,2791.6171875,256.0,0.44476327116212333,"{""manipulated_front"": 0.6067073170731707, ""scratch_head"": 0.3628048780487805, ""scratch_neck"": 0.36292682926829267, ""thread_side"": 0.4559915164369035, ""thread_top"": 0.43902439024390244}",0.4770033019903718,351.01513671875,2.618691247000015,2791.6171875,
p0_anomaly_mvtec|screw|dense_sift|coreset_knn|1024|1,p0_anomaly_mvtec,screw,dense_sift,320,160,119,729,108.29526759499959,2,Tesla T4,coreset_knn,1024,1,58.66015625,0.15895189000002574,2791.6171875,1024.0,0.5808567329370772,"{""manipulated_front"": 0.6565040650406504, ""scratch_head"": 0.5254065040650406, ""scratch_neck"": 0.6419512195121951, ""thread_side"": 0.4931071049840933, ""thread_top"": 0.5811240721102864}",0.4878959178774145,351.01513671875,2.618691247000015,2791.6171875,
p0_anomaly_mvtec|screw|dense_sift|random_knn|64|1,p0_anomaly_mvtec,screw,dense_sift,320,160,119,729,108.29526759499959,2,Tesla T4,random_knn,64,1,14.18798828125,0.13082572200005416,2791.6171875,64.0,0.49928263988522237,"{""manipulated_front"": 0.5284552845528454, ""scratch_head"": 0.5538617886178863, ""scratch_neck"": 0.36, ""thread_side"": 0.4920466595970307, ""thread_top"": 0.5705196182396606}",0.5737980419585615,,,,
p0_anomaly_mvtec|screw|dense_sift|random_knn|256|1,p0_anomaly_mvtec,screw,dense_sift,320,160,119,729,108.29526759499959,2,Tesla T4,random_knn,256,1,22.2822265625,0.20127279199982695,2791.6171875,256.0,0.5263373642139784,"{""manipulated_front"": 0.6565040650406504, ""scratch_head"": 0.5091463414634146, ""scratch_neck"": 0.37365853658536585, ""thread_side"": 0.5747613997879109, ""thread_top"": 0.5259809119830329}",0.615744497643034,,,,
p0_anomaly_mvtec|screw|dense_sift|random_knn|1024|1,p0_anomaly_mvtec,screw,dense_sift,320,160,119,729,108.29526759499959,2,Tesla T4,random_knn,1024,1,58.66015625,0.15812541099990085,2791.6171875,1024.0,0.4875999180159869,"{""manipulated_front"": 0.5752032520325203, ""scratch_head"": 0.5172764227642276, ""scratch_neck"": 0.35317073170731705, ""thread_side"": 0.48568398727465534, ""thread_top"": 0.5132555673382821}",0.6089692856352981,,,,
p0_anomaly_mvtec|screw|dense_sift|coreset_knn|64|2,p0_anomaly_mvtec,screw,dense_sift,320,160,119,729,108.29526759499959,2,Tesla T4,coreset_knn,64,2,14.18798828125,0.13459893600020223,2791.6171875,64.0,0.4898544783767166,"{""manipulated_front"": 0.5741869918699187, ""scratch_head"": 0.483739837398374, ""scratch_neck"": 0.32682926829268294, ""thread_side"": 0.4453870625662778, ""thread_top"": 0.6299045599151644}",0.5568444142257938,351.01513671875,2.623655625000083,2791.6171875,
p0_anomaly_mvtec|screw|dense_sift|coreset_knn|256|2,p0_anomaly_mvtec,screw,dense_sift,320,160,119,729,108.29526759499959,2,Tesla T4,coreset_knn,256,2,22.2822265625,0.1953178639998896,2791.6171875,256.0,0.43840951014552165,"{""manipulated_front"": 0.597560975609756, ""scratch_head"": 0.3465447154471545, ""scratch_neck"": 0.3463414634146341, ""thread_side"": 0.48250265111346763, ""thread_top"": 0.4241781548250265}",0.5150995465133339,351.01513671875,2.623655625000083,2791.6171875,
p0_anomaly_mvtec|screw|dense_sift|coreset_knn|1024|2,p0_anomaly_mvtec,screw,dense_sift,320,160,119,729,108.29526759499959,2,Tesla T4,coreset_knn,1024,2,58.66015625,0.1587143679998917,2791.6171875,1024.0,0.5392498462799754,"{""manipulated_front"": 0.584349593495935, ""scratch_head"": 0.5254065040650406, ""scratch_neck"": 0.504390243902439, ""thread_side"": 0.52067868504772, ""thread_top"": 0.5630965005302226}",0.5056878946643326,351.01513671875,2.623655625000083,2791.6171875,
p0_anomaly_mvtec|screw|dense_sift|random_knn|64|2,p0_anomaly_mvtec,screw,dense_sift,320,160,119,729,108.29526759499959,2,Tesla T4,random_knn,64,2,14.18798828125,0.1348739470001874,2791.6171875,64.0,0.4484525517524083,"{""manipulated_front"": 0.6046747967479675, ""scratch_head"": 0.39634146341463417, ""scratch_neck"": 0.29268292682926833, ""thread_side"": 0.4188759278897136, ""thread_top"": 0.5387062566277836}",0.763856688958337,,,,
p0_anomaly_mvtec|screw|dense_sift|random_knn|256|2,p0_anomaly_mvtec,screw,dense_sift,320,160,119,729,108.29526759499959,2,Tesla T4,random_knn,256,2,22.2822265625,0.20077828500006945,2791.6171875,256.0,0.4550112728018036,"{""manipulated_front"": 0.5802845528455285, ""scratch_head"": 0.4166666666666667, ""scratch_neck"": 0.2848780487804878, ""thread_side"": 0.5259809119830329, ""thread_top"": 0.47826086956521735}",0.6747785708382519,,,,
p0_anomaly_mvtec|screw|dense_sift|random_knn|1024|2,p0_anomaly_mvtec,screw,dense_sift,320,160,119,729,108.29526759499959,2,Tesla T4,random_knn,1024,2,58.66015625,0.15780562100007955,2791.6171875,1024.0,0.44250871080139376,"{""manipulated_front"": 0.4430894308943089, ""scratch_head"": 0.4105691056910569, ""scratch_neck"": 0.37951219512195117, ""thread_side"": 0.4803817603393425, ""thread_top"": 0.5058324496288442}",0.6633180754593062,,,,
p0_anomaly_mvtec|tile|dinov2_s|coreset_knn|64|0,p0_anomaly_mvtec,tile,dinov2_s,230,117,84,1024,15.497438329000943,2,Tesla T4,coreset_knn,64,0,22.25048828125,0.12568970799975432,2791.6171875,64.0,0.998917748917749,"{""crack"": 1.0, ""glue_strip"": 1.0, ""gray_stroke"": 0.9981060606060607, ""oil"": 1.0, ""rough"": 0.995959595959596}",0.9377690107639834,470.3125,2.7719078579998495,2791.6171875,
p0_anomaly_mvtec|tile|dinov2_s|coreset_knn|256|0,p0_anomaly_mvtec,tile,dinov2_s,230,117,84,1024,15.497438329000943,2,Tesla T4,coreset_knn,256,0,28.5322265625,0.13857708000023194,2791.6171875,256.0,0.9992784992784993,"{""crack"": 1.0, ""glue_strip"": 1.0, ""gray_stroke"": 1.0, ""oil"": 1.0, ""rough"": 0.995959595959596}",0.9465292226468499,470.3125,2.7719078579998495,2791.6171875,
p0_anomaly_mvtec|tile|dinov2_s|coreset_knn|1024|0,p0_anomaly_mvtec,tile,dinov2_s,230,117,84,1024,15.497438329000943,2,Tesla T4,coreset_knn,1024,0,63.66015625,0.1646984649996739,2791.6171875,1024.0,1.0,"{""crack"": 1.0, ""glue_strip"": 1.0, ""gray_stroke"": 1.0, ""oil"": 1.0, ""rough"": 1.0}",0.9487587367326525,470.3125,2.7719078579998495,2791.6171875,
p0_anomaly_mvtec|tile|dinov2_s|random_knn|64|0,p0_anomaly_mvtec,tile,dinov2_s,230,117,84,1024,15.497438329000943,2,Tesla T4,random_knn,64,0,22.25048828125,0.1449441830000069,2791.6171875,64.0,0.9105339105339106,"{""crack"": 0.9928698752228164, ""glue_strip"": 0.98989898989899, ""gray_stroke"": 0.7234848484848485, ""oil"": 0.9983164983164984, ""rough"": 0.8161616161616161}",0.9526837623731631,,,,
p0_anomaly_mvtec|tile|dinov2_s|random_knn|256|0,p0_anomaly_mvtec,tile,dinov2_s,230,117,84,1024,15.497438329000943,2,Tesla T4,random_knn,256,0,28.5322265625,0.18382313799975236,2791.6171875,256.0,0.9898989898989898,"{""crack"": 1.0, ""glue_strip"": 1.0, ""gray_stroke"": 0.9507575757575757, ""oil"": 1.0, ""rough"": 0.9959595959595959}",0.9563239169856758,,,,
p0_anomaly_mvtec|tile|dinov2_s|random_knn|1024|0,p0_anomaly_mvtec,tile,dinov2_s,230,117,84,1024,15.497438329000943,2,Tesla T4,random_knn,1024,0,63.66015625,0.1709908739999264,2791.6171875,1024.0,1.0,"{""crack"": 1.0, ""glue_strip"": 1.0, ""gray_stroke"": 1.0, ""oil"": 1.0, ""rough"": 1.0}",0.9558628225703536,,,,
p0_anomaly_mvtec|tile|dinov2_s|coreset_knn|64|1,p0_anomaly_mvtec,tile,dinov2_s,230,117,84,1024,15.497438329000943,2,Tesla T4,coreset_knn,64,1,22.25048828125,0.12429521300009583,2791.6171875,64.0,0.9992784992784993,"{""crack"": 1.0, ""glue_strip"": 1.0, ""gray_stroke"": 1.0, ""oil"": 1.0, ""rough"": 0.9959595959595959}",0.9411380432337512,470.3125,2.716343016999872,2791.6171875,
p0_anomaly_mvtec|tile|dinov2_s|coreset_knn|256|1,p0_anomaly_mvtec,tile,dinov2_s,230,117,84,1024,15.497438329000943,2,Tesla T4,coreset_knn,256,1,28.5322265625,0.13465017299995452,2791.6171875,256.0,0.9992784992784993,"{""crack"": 1.0, ""glue_strip"": 1.0, ""gray_stroke"": 1.0, ""oil"": 1.0, ""rough"": 0.9959595959595959}",0.9413395560520468,470.3125,2.716343016999872,2791.6171875,
p0_anomaly_mvtec|tile|dinov2_s|coreset_knn|1024|1,p0_anomaly_mvtec,tile,dinov2_s,230,117,84,1024,15.497438329000943,2,Tesla T4,coreset_knn,1024,1,63.66015625,0.2304589120003584,2791.6171875,1024.0,1.0,"{""crack"": 1.0, ""glue_strip"": 1.0, ""gray_stroke"": 1.0, ""oil"": 1.0, ""rough"": 1.0}",0.9452344500046002,470.3125,2.716343016999872,2791.6171875,
p0_anomaly_mvtec|tile|dinov2_s|random_knn|64|1,p0_anomaly_mvtec,tile,dinov2_s,230,117,84,1024,15.497438329000943,2,Tesla T4,random_knn,64,1,22.25048828125,0.1395365110001876,2791.6171875,64.0,0.9704184704184704,"{""crack"": 1.0, ""glue_strip"": 1.0, ""gray_stroke"": 0.8541666666666666, ""oil"": 1.0, ""rough"": 0.98989898989899}",0.9537866235707837,,,,
p0_anomaly_mvtec|tile|dinov2_s|random_knn|256|1,p0_anomaly_mvtec,tile,dinov2_s,230,117,84,1024,15.497438329000943,2,Tesla T4,random_knn,256,1,28.5322265625,0.1308370710003146,2791.6171875,256.0,0.981962481962482,"{""crack"": 1.0, ""glue_strip"": 1.0, ""gray_stroke"": 0.9090909090909092, ""oil"": 1.0, ""rough"": 0.9959595959595959}",0.9565788696905825,,,,
p0_anomaly_mvtec|tile|dinov2_s|random_knn|1024|1,p0_anomaly_mvtec,tile,dinov2_s,230,117,84,1024,15.497438329000943,2,Tesla T4,random_knn,1024,1,63.66015625,0.1658727330000147,2791.6171875,1024.0,0.9953102453102453,"{""crack"": 1.0, ""glue_strip"": 1.0, ""gray_stroke"": 0.9772727272727273, ""oil"": 1.0, ""rough"": 0.997979797979798}",0.9559767343424705,,,,
p0_anomaly_mvtec|tile|dinov2_s|coreset_knn|64|2,p0_anomaly_mvtec,tile,dinov2_s,230,117,84,1024,15.497438329000943,2,Tesla T4,coreset_knn,64,2,22.25048828125,0.15910028899997997,2791.6171875,64.0,1.0,"{""crack"": 1.0, ""glue_strip"": 1.0, ""gray_stroke"": 1.0, ""oil"": 1.0, ""rough"": 1.0}",0.9323920149513552,470.3125,2.747758587000135,2791.6171875,
p0_anomaly_mvtec|tile|dinov2_s|coreset_knn|256|2,p0_anomaly_mvtec,tile,dinov2_s,230,117,84,1024,15.497438329000943,2,Tesla T4,coreset_knn,256,2,28.5322265625,0.1360656600004404,2791.6171875,256.0,1.0,"{""crack"": 1.0, ""glue_strip"": 1.0, ""gray_stroke"": 1.0, ""oil"": 1.0, ""rough"": 1.0}",0.9468308823858417,470.3125,2.747758587000135,2791.6171875,
p0_anomaly_mvtec|tile|dinov2_s|coreset_knn|1024|2,p0_anomaly_mvtec,tile,dinov2_s,230,117,84,1024,15.497438329000943,2,Tesla T4,coreset_knn,1024,2,63.66015625,0.16583061899973472,2791.6171875,1024.0,1.0,"{""crack"": 1.0, ""glue_strip"": 1.0, ""gray_stroke"": 1.0, ""oil"": 1.0, ""rough"": 1.0}",0.9462533356611077,470.3125,2.747758587000135,2791.6171875,
p0_anomaly_mvtec|tile|dinov2_s|random_knn|64|2,p0_anomaly_mvtec,tile,dinov2_s,230,117,84,1024,15.497438329000943,2,Tesla T4,random_knn,64,2,22.25048828125,0.12613239699976475,2791.6171875,64.0,0.9101731601731602,"{""crack"": 0.9928698752228164, ""glue_strip"": 0.9966329966329966, ""gray_stroke"": 0.6856060606060607, ""oil"": 0.9932659932659933, ""rough"": 0.8525252525252525}",0.9523265136261808,,,,
p0_anomaly_mvtec|tile|dinov2_s|random_knn|256|2,p0_anomaly_mvtec,tile,dinov2_s,230,117,84,1024,15.497438329000943,2,Tesla T4,random_knn,256,2,28.5322265625,0.19185114699985206,2791.6171875,256.0,0.9985569985569985,"{""crack"": 1.0, ""glue_strip"": 1.0, ""gray_stroke"": 0.9924242424242424, ""oil"": 1.0, ""rough"": 1.0}",0.9571673680216353,,,,
p0_anomaly_mvtec|tile|dinov2_s|random_knn|1024|2,p0_anomaly_mvtec,tile,dinov2_s,230,117,84,1024,15.497438329000943,2,Tesla T4,random_knn,1024,2,63.66015625,0.17012016499984384,2791.6171875,1024.0,0.9938672438672439,"{""crack"": 1.0, ""glue_strip"": 1.0, ""gray_stroke"": 0.9696969696969697, ""oil"": 1.0, ""rough"": 0.997979797979798}",0.9574245502617477,,,,
p0_anomaly_mvtec|tile|dense_sift|coreset_knn|64|0,p0_anomaly_mvtec,tile,dense_sift,230,117,84,729,76.62339390099987,2,Tesla T4,coreset_knn,64,0,14.18798828125,0.14849548299980597,2791.6171875,64.0,0.7687590187590188,"{""crack"": 0.8128342245989306, ""glue_strip"": 0.8636363636363636, ""gray_stroke"": 0.8465909090909091, ""oil"": 0.5235690235690236, ""rough"": 0.8161616161616162}",0.5821361435578511,254.7646484375,1.9468419529998755,2791.6171875,
p0_anomaly_mvtec|tile|dense_sift|coreset_knn|256|0,p0_anomaly_mvtec,tile,dense_sift,230,117,84,729,76.62339390099987,2,Tesla T4,coreset_knn,256,0,22.2822265625,0.09409138399996664,2791.6171875,256.0,0.7727272727272727,"{""crack"": 0.8092691622103386, ""glue_strip"": 0.8737373737373737, ""gray_stroke"": 0.8882575757575758, ""oil"": 0.4646464646464647, ""rough"": 0.8565656565656565}",0.6629374139804564,254.7646484375,1.9468419529998755,2791.6171875,
p0_anomaly_mvtec|tile|dense_sift|coreset_knn|1024|0,p0_anomaly_mvtec,tile,dense_sift,230,117,84,729,76.62339390099987,2,Tesla T4,coreset_knn,1024,0,58.66015625,0.10873096800014537,2791.6171875,1024.0,0.8102453102453103,"{""crack"": 0.8074866310160428, ""glue_strip"": 0.9074074074074074, ""gray_stroke"": 0.9071969696969697, ""oil"": 0.5892255892255893, ""rough"": 0.8585858585858586}",0.7168186600537236,254.7646484375,1.9468419529998755,2791.6171875,
p0_anomaly_mvtec|tile|dense_sift|random_knn|64|0,p0_anomaly_mvtec,tile,dense_sift,230,117,84,729,76.62339390099987,2,Tesla T4,random_knn,64,0,14.18798828125,0.1026903429997219,2791.6171875,64.0,0.5288600288600289,"{""crack"": 0.5918003565062389, ""glue_strip"": 0.5791245791245792, ""gray_stroke"": 0.4507575757575758, ""oil"": 0.36363636363636365, ""rough"": 0.6787878787878788}",0.5681439157114809,,,,
p0_anomaly_mvtec|tile|dense_sift|random_knn|256|0,p0_anomaly_mvtec,tile,dense_sift,230,117,84,729,76.62339390099987,2,Tesla T4,random_knn,256,0,22.2822265625,0.10738351300005888,2791.6171875,256.0,0.5180375180375181,"{""crack"": 0.4688057040998218, ""glue_strip"": 0.6060606060606061, ""gray_stroke"": 0.3806818181818182, ""oil"": 0.43602693602693604, ""rough"": 0.7131313131313131}",0.6160519983690744,,,,
p0_anomaly_mvtec|tile|dense_sift|random_knn|1024|0,p0_anomaly_mvtec,tile,dense_sift,230,117,84,729,76.62339390099987,2,Tesla T4,random_knn,1024,0,58.66015625,0.1550639119996049,2791.6171875,1024.0,0.4906204906204906,"{""crack"": 0.44028520499108736, ""glue_strip"": 0.4983164983164983, ""gray_stroke"": 0.49810606060606055, ""oil"": 0.3686868686868686, ""rough"": 0.6767676767676768}",0.6414368997855112,,,,
p0_anomaly_mvtec|tile|dense_sift|coreset_knn|64|1,p0_anomaly_mvtec,tile,dense_sift,230,117,84,729,76.62339390099987,2,Tesla T4,coreset_knn,64,1,14.18798828125,0.09651203800012809,2791.6171875,64.0,0.772005772005772,"{""crack"": 0.8342245989304813, ""glue_strip"": 0.8367003367003366, ""gray_stroke"": 0.8579545454545455, ""oil"": 0.5336700336700337, ""rough"": 0.8181818181818182}",0.6484133783735787,254.7646484375,1.9137887220003904,2791.6171875,
p0_anomaly_mvtec|tile|dense_sift|coreset_knn|256|1,p0_anomaly_mvtec,tile,dense_sift,230,117,84,729,76.62339390099987,2,Tesla T4,coreset_knn,256,1,22.2822265625,0.09928646699972887,2791.6171875,256.0,0.7887806637806638,"{""crack"": 0.8288770053475935, ""glue_strip"": 0.9242424242424242, ""gray_stroke"": 0.8977272727272727, ""oil"": 0.4823232323232324, ""rough"": 0.8323232323232324}",0.7503935292643017,254.7646484375,1.9137887220003904,2791.6171875,
p0_anomaly_mvtec|tile|dense_sift|coreset_knn|1024|1,p0_anomaly_mvtec,tile,dense_sift,230,117,84,729,76.62339390099987,2,Tesla T4,coreset_knn,1024,1,58.66015625,0.11113027800001873,2791.6171875,1024.0,0.7806637806637806,"{""crack"": 0.8110516934046345, ""glue_strip"": 0.9191919191919192, ""gray_stroke"": 0.9185606060606061, ""oil"": 0.40404040404040403, ""rough"": 0.8848484848484849}",0.7695165825881118,254.7646484375,1.9137887220003904,2791.6171875,
p0_anomaly_mvtec|tile|dense_sift|random_knn|64|1,p0_anomaly_mvtec,tile,dense_sift,230,117,84,729,76.62339390099987,2,Tesla T4,random_knn,64,1,14.18798828125,0.1336536660001002,2791.6171875,64.0,0.5400432900432901,"{""crack"": 0.6131907308377897, ""glue_strip"": 0.4882154882154882, ""gray_stroke"": 0.5435606060606061, ""oil"": 0.4966329966329966, ""rough"": 0.5676767676767677}",0.5733511453890373,,,,
p0_anomaly_mvtec|tile|dense_sift|random_knn|256|1,p0_anomaly_mvtec,tile,dense_sift,230,117,84,729,76.62339390099987,2,Tesla T4,random_knn,256,1,22.2822265625,0.10091625699988072,2791.6171875,256.0,0.47763347763347763,"{""crack"": 0.5953654188948306, ""glue_strip"": 0.49158249158249157, ""gray_stroke"": 0.5018939393939393, ""oil"": 0.3434343434343434, ""rough"": 0.4626262626262626}",0.6098593380337289,,,,
p0_anomaly_mvtec|tile|dense_sift|random_knn|1024|1,p0_anomaly_mvtec,tile,dense_sift,230,117,84,729,76.62339390099987,2,Tesla T4,random_knn,1024,1,58.66015625,0.1089994230001139,2791.6171875,1024.0,0.5981240981240982,"{""crack"": 0.48306595365418903, ""glue_strip"": 0.6548821548821548, ""gray_stroke"": 0.5871212121212122, ""oil"": 0.5757575757575757, ""rough"": 0.698989898989899}",0.6399941033025763,,,,
p0_anomaly_mvtec|tile|dense_sift|coreset_knn|64|2,p0_anomaly_mvtec,tile,dense_sift,230,117,84,729,76.62339390099987,2,Tesla T4,coreset_knn,64,2,14.18798828125,0.09484715700000379,2791.6171875,64.0,0.7449494949494949,"{""crack"": 0.7522281639928698, ""glue_strip"": 0.7996632996632996, ""gray_stroke"": 0.7954545454545454, ""oil"": 0.5572390572390572, ""rough"": 0.8424242424242425}",0.5458847839303397,254.7646484375,1.9112854969998807,2791.6171875,
p0_anomaly_mvtec|tile|dense_sift|coreset_knn|256|2,p0_anomaly_mvtec,tile,dense_sift,230,117,84,729,76.62339390099987,2,Tesla T4,coreset_knn,256,2,22.2822265625,0.13311479100002543,2791.6171875,256.0,0.7124819624819625,"{""crack"": 0.7950089126559715, ""glue_strip"": 0.8148148148148148, ""gray_stroke"": 0.8143939393939393, ""oil"": 0.3653198653198653, ""rough"": 0.8040404040404041}",0.6174069813799915,254.7646484375,1.9112854969998807,2791.6171875,
p0_anomaly_mvtec|tile|dense_sift|coreset_knn|1024|2,p0_anomaly_mvtec,tile,dense_sift,230,117,84,729,76.62339390099987,2,Tesla T4,coreset_knn,1024,2,58.66015625,0.11044247900008486,2791.6171875,1024.0,0.7936507936507937,"{""crack"": 0.8003565062388592, ""glue_strip"": 0.9259259259259259, ""gray_stroke"": 0.9374999999999999, ""oil"": 0.4898989898989899, ""rough"": 0.8383838383838383}",0.6691870206447643,254.7646484375,1.9112854969998807,2791.6171875,
p0_anomaly_mvtec|tile|dense_sift|random_knn|64|2,p0_anomaly_mvtec,tile,dense_sift,230,117,84,729,76.62339390099987,2,Tesla T4,random_knn,64,2,14.18798828125,0.09922231899963663,2791.6171875,64.0,0.5165945165945166,"{""crack"": 0.6916221033868093, ""glue_strip"": 0.3939393939393939, ""gray_stroke"": 0.3125, ""oil"": 0.6161616161616161, ""rough"": 0.5636363636363636}",0.5892582890648397,,,,
p0_anomaly_mvtec|tile|dense_sift|random_knn|256|2,p0_anomaly_mvtec,tile,dense_sift,230,117,84,729,76.62339390099987,2,Tesla T4,random_knn,256,2,22.2822265625,0.10312664599996424,2791.6171875,256.0,0.5104617604617604,"{""crack"": 0.48484848484848486, ""glue_strip"": 0.4696969696969697, ""gray_stroke"": 0.4393939393939394, ""oil"": 0.4629629629629629, ""rough"": 0.7212121212121212}",0.6289037884929478,,,,
p0_anomaly_mvtec|tile|dense_sift|random_knn|1024|2,p0_anomaly_mvtec,tile,dense_sift,230,117,84,729,76.62339390099987,2,Tesla T4,random_knn,1024,2,58.66015625,0.10896120200004589,2791.6171875,1024.0,0.6266233766233766,"{""crack"": 0.6666666666666666, ""glue_strip"": 0.712121212121212, ""gray_stroke"": 0.6287878787878788, ""oil"": 0.42929292929292934, ""rough"": 0.7131313131313131}",0.6489221198520598,,,,
p0_anomaly_mvtec|toothbrush|dinov2_s|coreset_knn|64|0,p0_anomaly_mvtec,toothbrush,dinov2_s,60,42,30,1024,6.190173956000763,2,Tesla T4,coreset_knn,64,0,22.25048828125,0.04390776600030222,2791.6171875,64.0,0.9472222222222222,"{""defective"": 0.9472222222222222}",0.9874618546971594,128.3125,0.7922901719998663,2791.6171875,
p0_anomaly_mvtec|toothbrush|dinov2_s|coreset_knn|256|0,p0_anomaly_mvtec,toothbrush,dinov2_s,60,42,30,1024,6.190173956000763,2,Tesla T4,coreset_knn,256,0,28.5322265625,0.04505521100008991,2791.6171875,256.0,0.9277777777777778,"{""defective"": 0.9277777777777778}",0.9936539663713398,128.3125,0.7922901719998663,2791.6171875,
p0_anomaly_mvtec|toothbrush|dinov2_s|coreset_knn|1024|0,p0_anomaly_mvtec,toothbrush,dinov2_s,60,42,30,1024,6.190173956000763,2,Tesla T4,coreset_knn,1024,0,63.66015625,0.06038588699993852,2791.6171875,1024.0,0.9194444444444444,"{""defective"": 0.9194444444444444}",0.9941164976204154,128.3125,0.7922901719998663,2791.6171875,
p0_anomaly_mvtec|toothbrush|dinov2_s|random_knn|64|0,p0_anomaly_mvtec,toothbrush,dinov2_s,60,42,30,1024,6.190173956000763,2,Tesla T4,random_knn,64,0,22.25048828125,0.04525894700009303,2791.6171875,64.0,0.7722222222222221,"{""defective"": 0.7722222222222221}",0.9869691203597489,,,,
p0_anomaly_mvtec|toothbrush|dinov2_s|random_knn|256|0,p0_anomaly_mvtec,toothbrush,dinov2_s,60,42,30,1024,6.190173956000763,2,Tesla T4,random_knn,256,0,28.5322265625,0.04749555499984126,2791.6171875,256.0,0.8916666666666667,"{""defective"": 0.8916666666666667}",0.992940550918796,,,,
p0_anomaly_mvtec|toothbrush|dinov2_s|random_knn|1024|0,p0_anomaly_mvtec,toothbrush,dinov2_s,60,42,30,1024,6.190173956000763,2,Tesla T4,random_knn,1024,0,63.66015625,0.08548110599986103,2791.6171875,1024.0,0.9444444444444445,"{""defective"": 0.9444444444444445}",0.9937555741378021,,,,
p0_anomaly_mvtec|toothbrush|dinov2_s|coreset_knn|64|1,p0_anomaly_mvtec,toothbrush,dinov2_s,60,42,30,1024,6.190173956000763,2,Tesla T4,coreset_knn,64,1,22.25048828125,0.061636555999939446,2791.6171875,64.0,0.9416666666666667,"{""defective"": 0.9416666666666667}",0.9903118204489277,128.3125,0.8477213559999655,2791.6171875,
p0_anomaly_mvtec|toothbrush|dinov2_s|coreset_knn|256|1,p0_anomaly_mvtec,toothbrush,dinov2_s,60,42,30,1024,6.190173956000763,2,Tesla T4,coreset_knn,256,1,28.5322265625,0.06242019399996934,2791.6171875,256.0,0.9083333333333333,"{""defective"": 0.9083333333333333}",0.9931666282770996,128.3125,0.8477213559999655,2791.6171875,
p0_anomaly_mvtec|toothbrush|dinov2_s|coreset_knn|1024|1,p0_anomaly_mvtec,toothbrush,dinov2_s,60,42,30,1024,6.190173956000763,2,Tesla T4,coreset_knn,1024,1,63.66015625,0.06882215799987534,2791.6171875,1024.0,0.9166666666666666,"{""defective"": 0.9166666666666666}",0.9940473521380865,128.3125,0.8477213559999655,2791.6171875,
p0_anomaly_mvtec|toothbrush|dinov2_s|random_knn|64|1,p0_anomaly_mvtec,toothbrush,dinov2_s,60,42,30,1024,6.190173956000763,2,Tesla T4,random_knn,64,1,22.25048828125,0.0428414910002175,2791.6171875,64.0,0.638888888888889,"{""defective"": 0.638888888888889}",0.9889046339245277,,,,
p0_anomaly_mvtec|toothbrush|dinov2_s|random_knn|256|1,p0_anomaly_mvtec,toothbrush,dinov2_s,60,42,30,1024,6.190173956000763,2,Tesla T4,random_knn,256,1,28.5322265625,0.04738656900008209,2791.6171875,256.0,0.9388888888888889,"{""defective"": 0.9388888888888889}",0.9935856521961526,,,,
p0_anomaly_mvtec|toothbrush|dinov2_s|random_knn|1024|1,p0_anomaly_mvtec,toothbrush,dinov2_s,60,42,30,1024,6.190173956000763,2,Tesla T4,random_knn,1024,1,63.66015625,0.061410150999563484,2791.6171875,1024.0,0.9333333333333333,"{""defective"": 0.9333333333333333}",0.9942058456264444,,,,
p0_anomaly_mvtec|toothbrush|dinov2_s|coreset_knn|64|2,p0_anomaly_mvtec,toothbrush,dinov2_s,60,42,30,1024,6.190173956000763,2,Tesla T4,coreset_knn,64,2,22.25048828125,0.042856284999743366,2791.6171875,64.0,0.9861111111111112,"{""defective"": 0.9861111111111112}",0.9891021775819874,128.3125,0.7899355600002309,2791.6171875,
p0_anomaly_mvtec|toothbrush|dinov2_s|coreset_knn|256|2,p0_anomaly_mvtec,toothbrush,dinov2_s,60,42,30,1024,6.190173956000763,2,Tesla T4,coreset_knn,256,2,28.5322265625,0.04706312100006471,2791.6171875,256.0,0.9361111111111111,"{""defective"": 0.9361111111111111}",0.993536551533572,128.3125,0.7899355600002309,2791.6171875,
p0_anomaly_mvtec|toothbrush|dinov2_s|coreset_knn|1024|2,p0_anomaly_mvtec,toothbrush,dinov2_s,60,42,30,1024,6.190173956000763,2,Tesla T4,coreset_knn,1024,2,63.66015625,0.08022130000017569,2791.6171875,1024.0,0.9166666666666667,"{""defective"": 0.9166666666666667}",0.9938486549134633,128.3125,0.7899355600002309,2791.6171875,
p0_anomaly_mvtec|toothbrush|dinov2_s|random_knn|64|2,p0_anomaly_mvtec,toothbrush,dinov2_s,60,42,30,1024,6.190173956000763,2,Tesla T4,random_knn,64,2,22.25048828125,0.04821882899977936,2791.6171875,64.0,0.9888888888888889,"{""defective"": 0.9888888888888889}",0.9904219611157604,,,,
p0_anomaly_mvtec|toothbrush|dinov2_s|random_knn|256|2,p0_anomaly_mvtec,toothbrush,dinov2_s,60,42,30,1024,6.190173956000763,2,Tesla T4,random_knn,256,2,28.5322265625,0.05738305600016247,2791.6171875,256.0,0.9833333333333334,"{""defective"": 0.9833333333333334}",0.9937430868764972,,,,
p0_anomaly_mvtec|toothbrush|dinov2_s|random_knn|1024|2,p0_anomaly_mvtec,toothbrush,dinov2_s,60,42,30,1024,6.190173956000763,2,Tesla T4,random_knn,1024,2,63.66015625,0.06406780299994352,2791.6171875,1024.0,0.9583333333333335,"{""defective"": 0.9583333333333335}",0.9943766556123592,,,,
p0_anomaly_mvtec|toothbrush|dense_sift|coreset_knn|64|0,p0_anomaly_mvtec,toothbrush,dense_sift,60,42,30,729,21.180537460999403,2,Tesla T4,coreset_knn,64,0,14.18798828125,0.03698978800002806,2791.6171875,64.0,0.7666666666666667,"{""defective"": 0.7666666666666667}",0.6802411556126314,74.2919921875,0.5775014640003064,2791.6171875,
p0_anomaly_mvtec|toothbrush|dense_sift|coreset_knn|256|0,p0_anomaly_mvtec,toothbrush,dense_sift,60,42,30,729,21.180537460999403,2,Tesla T4,coreset_knn,256,0,22.2822265625,0.03825688300003094,2791.6171875,256.0,0.8333333333333334,"{""defective"": 0.8333333333333334}",0.8591865850691524,74.2919921875,0.5775014640003064,2791.6171875,
p0_anomaly_mvtec|toothbrush|dense_sift|coreset_knn|1024|0,p0_anomaly_mvtec,toothbrush,dense_sift,60,42,30,729,21.180537460999403,2,Tesla T4,coreset_knn,1024,0,58.66015625,0.040051329000107216,2791.6171875,1024.0,0.7888888888888889,"{""defective"": 0.7888888888888889}",0.8754237555450413,74.2919921875,0.5775014640003064,2791.6171875,
p0_anomaly_mvtec|toothbrush|dense_sift|random_knn|64|0,p0_anomaly_mvtec,toothbrush,dense_sift,60,42,30,729,21.180537460999403,2,Tesla T4,random_knn,64,0,14.18798828125,0.03531614699977581,2791.6171875,64.0,0.42500000000000004,"{""defective"": 0.42500000000000004}",0.5186935844449836,,,,
p0_anomaly_mvtec|toothbrush|dense_sift|random_knn|256|0,p0_anomaly_mvtec,toothbrush,dense_sift,60,42,30,729,21.180537460999403,2,Tesla T4,random_knn,256,0,22.2822265625,0.039616862000002584,2791.6171875,256.0,0.47222222222222227,"{""defective"": 0.47222222222222227}",0.7324267168669153,,,,
p0_anomaly_mvtec|toothbrush|dense_sift|random_knn|1024|0,p0_anomaly_mvtec,toothbrush,dense_sift,60,42,30,729,21.180537460999403,2,Tesla T4,random_knn,1024,0,58.66015625,0.04483524200031752,2791.6171875,1024.0,0.861111111111111,"{""defective"": 0.861111111111111}",0.8212138119211153,,,,
p0_anomaly_mvtec|toothbrush|dense_sift|coreset_knn|64|1,p0_anomaly_mvtec,toothbrush,dense_sift,60,42,30,729,21.180537460999403,2,Tesla T4,coreset_knn,64,1,14.18798828125,0.03567344199973377,2791.6171875,64.0,0.8388888888888889,"{""defective"": 0.8388888888888889}",0.6880913914857585,74.2919921875,0.5791843809997772,2791.6171875,
p0_anomaly_mvtec|toothbrush|dense_sift|coreset_knn|256|1,p0_anomaly_mvtec,toothbrush,dense_sift,60,42,30,729,21.180537460999403,2,Tesla T4,coreset_knn,256,1,22.2822265625,0.06165275200010001,2791.6171875,256.0,0.9,"{""defective"": 0.9}",0.8397972522929347,74.2919921875,0.5791843809997772,2791.6171875,
p0_anomaly_mvtec|toothbrush|dense_sift|coreset_knn|1024|1,p0_anomaly_mvtec,toothbrush,dense_sift,60,42,30,729,21.180537460999403,2,Tesla T4,coreset_knn,1024,1,58.66015625,0.059368176000134554,2791.6171875,1024.0,0.7888888888888889,"{""defective"": 0.7888888888888889}",0.8725233177950336,74.2919921875,0.5791843809997772,2791.6171875,
p0_anomaly_mvtec|toothbrush|dense_sift|random_knn|64|1,p0_anomaly_mvtec,toothbrush,dense_sift,60,42,30,729,21.180537460999403,2,Tesla T4,random_knn,64,1,14.18798828125,0.04803423899966219,2791.6171875,64.0,0.625,"{""defective"": 0.625}",0.5747278801414134,,,,
p0_anomaly_mvtec|toothbrush|dense_sift|random_knn|256|1,p0_anomaly_mvtec,toothbrush,dense_sift,60,42,30,729,21.180537460999403,2,Tesla T4,random_knn,256,1,22.2822265625,0.05770351099999971,2791.6171875,256.0,0.7111111111111111,"{""defective"": 0.7111111111111111}",0.724420017766804,,,,
p0_anomaly_mvtec|toothbrush|dense_sift|random_knn|1024|1,p0_anomaly_mvtec,toothbrush,dense_sift,60,42,30,729,21.180537460999403,2,Tesla T4,random_knn,1024,1,58.66015625,0.042943289000049845,2791.6171875,1024.0,0.6583333333333332,"{""defective"": 0.6583333333333332}",0.8178423393415413,,,,
p0_anomaly_mvtec|toothbrush|dense_sift|coreset_knn|64|2,p0_anomaly_mvtec,toothbrush,dense_sift,60,42,30,729,21.180537460999403,2,Tesla T4,coreset_knn,64,2,14.18798828125,0.04925418999982867,2791.6171875,64.0,0.9027777777777777,"{""defective"": 0.9027777777777777}",0.6961528370876167,74.2919921875,0.5704767109996283,2791.6171875,
p0_anomaly_mvtec|toothbrush|dense_sift|coreset_knn|256|2,p0_anomaly_mvtec,toothbrush,dense_sift,60,42,30,729,21.180537460999403,2,Tesla T4,coreset_knn,256,2,22.2822265625,0.03637358400010271,2791.6171875,256.0,0.7972222222222223,"{""defective"": 0.7972222222222223}",0.8578008858122664,74.2919921875,0.5704767109996283,2791.6171875,
p0_anomaly_mvtec|toothbrush|dense_sift|coreset_knn|1024|2,p0_anomaly_mvtec,toothbrush,dense_sift,60,42,30,729,21.180537460999403,2,Tesla T4,coreset_knn,1024,2,58.66015625,0.04333709899992755,2791.6171875,1024.0,0.7944444444444445,"{""defective"": 0.7944444444444445}",0.8634269928182132,74.2919921875,0.5704767109996283,2791.6171875,
p0_anomaly_mvtec|toothbrush|dense_sift|random_knn|64|2,p0_anomaly_mvtec,toothbrush,dense_sift,60,42,30,729,21.180537460999403,2,Tesla T4,random_knn,64,2,14.18798828125,0.03641504699999132,2791.6171875,64.0,0.7222222222222222,"{""defective"": 0.7222222222222222}",0.5604039229060455,,,,
p0_anomaly_mvtec|toothbrush|dense_sift|random_knn|256|2,p0_anomaly_mvtec,toothbrush,dense_sift,60,42,30,729,21.180537460999403,2,Tesla T4,random_knn,256,2,22.2822265625,0.03846568399967509,2791.6171875,256.0,0.6611111111111111,"{""defective"": 0.6611111111111111}",0.7356755532282964,,,,
p0_anomaly_mvtec|toothbrush|dense_sift|random_knn|1024|2,p0_anomaly_mvtec,toothbrush,dense_sift,60,42,30,729,21.180537460999403,2,Tesla T4,random_knn,1024,2,58.66015625,0.046783679999862215,2791.6171875,1024.0,0.7666666666666667,"{""defective"": 0.7666666666666667}",0.8171323430525309,,,,
p0_anomaly_mvtec|transistor|dinov2_s|coreset_knn|64|0,p0_anomaly_mvtec,transistor,dinov2_s,213,100,40,1024,19.017880432999846,2,Tesla T4,coreset_knn,64,0,22.25048828125,0.1209697919998689,2791.6171875,64.0,0.91,"{""bent_lead"": 0.8550000000000001, ""cut_lead"": 0.905, ""damaged_case"": 0.9349999999999999, ""misplaced"": 0.9450000000000001}",0.7939797817077887,434.8125,2.5079001030003383,2791.6171875,
p0_anomaly_mvtec|transistor|dinov2_s|coreset_knn|256|0,p0_anomaly_mvtec,transistor,dinov2_s,213,100,40,1024,19.017880432999846,2,Tesla T4,coreset_knn,256,0,28.5322265625,0.15298750700003438,2791.6171875,256.0,0.9804166666666666,"{""bent_lead"": 0.9533333333333333, ""cut_lead"": 0.9966666666666666, ""damaged_case"": 0.9733333333333334, ""misplaced"": 0.9983333333333333}",0.8887065328319251,434.8125,2.5079001030003383,2791.6171875,
p0_anomaly_mvtec|transistor|dinov2_s|coreset_knn|1024|0,p0_anomaly_mvtec,transistor,dinov2_s,213,100,40,1024,19.017880432999846,2,Tesla T4,coreset_knn,1024,0,63.66015625,0.14295420500002365,2791.6171875,1024.0,0.9966666666666667,"{""bent_lead"": 0.9933333333333334, ""cut_lead"": 0.995, ""damaged_case"": 1.0, ""misplaced"": 0.9983333333333333}",0.9284780400079156,434.8125,2.5079001030003383,2791.6171875,
p0_anomaly_mvtec|transistor|dinov2_s|random_knn|64|0,p0_anomaly_mvtec,transistor,dinov2_s,213,100,40,1024,19.017880432999846,2,Tesla T4,random_knn,64,0,22.25048828125,0.11060274100009337,2791.6171875,64.0,0.7070833333333334,"{""bent_lead"": 0.5499999999999999, ""cut_lead"": 0.72, ""damaged_case"": 0.6916666666666667, ""misplaced"": 0.8666666666666667}",0.8394166748198099,,,,
p0_anomaly_mvtec|transistor|dinov2_s|random_knn|256|0,p0_anomaly_mvtec,transistor,dinov2_s,213,100,40,1024,19.017880432999846,2,Tesla T4,random_knn,256,0,28.5322265625,0.10795267200001035,2791.6171875,256.0,0.755,"{""bent_lead"": 0.71, ""cut_lead"": 0.5083333333333333, ""damaged_case"": 0.9466666666666667, ""misplaced"": 0.855}",0.9003356305641373,,,,
p0_anomaly_mvtec|transistor|dinov2_s|random_knn|1024|0,p0_anomaly_mvtec,transistor,dinov2_s,213,100,40,1024,19.017880432999846,2,Tesla T4,random_knn,1024,0,63.66015625,0.14128765399982512,2791.6171875,1024.0,0.8945833333333333,"{""bent_lead"": 0.895, ""cut_lead"": 0.8300000000000001, ""damaged_case"": 0.98, ""misplaced"": 0.8733333333333333}",0.9292683697857906,,,,
p0_anomaly_mvtec|transistor|dinov2_s|coreset_knn|64|1,p0_anomaly_mvtec,transistor,dinov2_s,213,100,40,1024,19.017880432999846,2,Tesla T4,coreset_knn,64,1,22.25048828125,0.13181414400014546,2791.6171875,64.0,0.9362499999999999,"{""bent_lead"": 0.9533333333333334, ""cut_lead"": 0.8466666666666667, ""damaged_case"": 0.9516666666666667, ""misplaced"": 0.9933333333333334}",0.8029345873376919,434.8125,2.5534322990001783,2791.6171875,
p0_anomaly_mvtec|transistor|dinov2_s|coreset_knn|256|1,p0_anomaly_mvtec,transistor,dinov2_s,213,100,40,1024,19.017880432999846,2,Tesla T4,coreset_knn,256,1,28.5322265625,0.12206388300000981,2791.6171875,256.0,0.9754166666666666,"{""bent_lead"": 0.9816666666666667, ""cut_lead"": 0.9383333333333334, ""damaged_case"": 0.995, ""misplaced"": 0.9866666666666666}",0.8910336439402371,434.8125,2.5534322990001783,2791.6171875,
p0_anomaly_mvtec|transistor|dinov2_s|coreset_knn|1024|1,p0_anomaly_mvtec,transistor,dinov2_s,213,100,40,1024,19.017880432999846,2,Tesla T4,coreset_knn,1024,1,63.66015625,0.14142377300004227,2791.6171875,1024.0,0.9695833333333332,"{""bent_lead"": 0.9616666666666667, ""cut_lead"": 0.9433333333333334, ""damaged_case"": 0.9983333333333333, ""misplaced"": 0.9750000000000001}",0.9321017162790411,434.8125,2.5534322990001783,2791.6171875,
p0_anomaly_mvtec|transistor|dinov2_s|random_knn|64|1,p0_anomaly_mvtec,transistor,dinov2_s,213,100,40,1024,19.017880432999846,2,Tesla T4,random_knn,64,1,22.25048828125,0.1048756959999082,2791.6171875,64.0,0.6166666666666667,"{""bent_lead"": 0.6016666666666667, ""cut_lead"": 0.46166666666666667, ""damaged_case"": 0.7533333333333333, ""misplaced"": 0.65}",0.8534814937045384,,,,
p0_anomaly_mvtec|transistor|dinov2_s|random_knn|256|1,p0_anomaly_mvtec,transistor,dinov2_s,213,100,40,1024,19.017880432999846,2,Tesla T4,random_knn,256,1,28.5322265625,0.12234140000009575,2791.6171875,256.0,0.7675,"{""bent_lead"": 0.775, ""cut_lead"": 0.6266666666666667, ""damaged_case"": 0.9383333333333335, ""misplaced"": 0.73}",0.8896407820777122,,,,
p0_anomaly_mvtec|transistor|dinov2_s|random_knn|1024|1,p0_anomaly_mvtec,transistor,dinov2_s,213,100,40,1024,19.017880432999846,2,Tesla T4,random_knn,1024,1,63.66015625,0.18556120499988538,2791.6171875,1024.0,0.9125,"{""bent_lead"": 0.9216666666666666, ""cut_lead"": 0.8333333333333333, ""damaged_case"": 0.9766666666666667, ""misplaced"": 0.9183333333333333}",0.9310609152506659,,,,
p0_anomaly_mvtec|transistor|dinov2_s|coreset_knn|64|2,p0_anomaly_mvtec,transistor,dinov2_s,213,100,40,1024,19.017880432999846,2,Tesla T4,coreset_knn,64,2,22.25048828125,0.10044591499990929,2791.6171875,64.0,0.8983333333333333,"{""bent_lead"": 0.8466666666666667, ""cut_lead"": 0.8366666666666667, ""damaged_case"": 0.9149999999999999, ""misplaced"": 0.995}",0.7228543558581058,434.8125,2.516861851000158,2791.6171875,
p0_anomaly_mvtec|transistor|dinov2_s|coreset_knn|256|2,p0_anomaly_mvtec,transistor,dinov2_s,213,100,40,1024,19.017880432999846,2,Tesla T4,coreset_knn,256,2,28.5322265625,0.11616053199986709,2791.6171875,256.0,0.9441666666666667,"{""bent_lead"": 0.9333333333333333, ""cut_lead"": 0.87, ""damaged_case"": 0.9966666666666666, ""misplaced"": 0.9766666666666667}",0.8562382780967404,434.8125,2.516861851000158,2791.6171875,
p0_anomaly_mvtec|transistor|dinov2_s|coreset_knn|1024|2,p0_anomaly_mvtec,transistor,dinov2_s,213,100,40,1024,19.017880432999846,2,Tesla T4,coreset_knn,1024,2,63.66015625,0.14272361999974237,2791.6171875,1024.0,0.97875,"{""bent_lead"": 0.975, ""cut_lead"": 0.9683333333333333, ""damaged_case"": 0.995, ""misplaced"": 0.9766666666666666}",0.923885151793147,434.8125,2.516861851000158,2791.6171875,
p0_anomaly_mvtec|transistor|dinov2_s|random_knn|64|2,p0_anomaly_mvtec,transistor,dinov2_s,213,100,40,1024,19.017880432999846,2,Tesla T4,random_knn,64,2,22.25048828125,0.12695160400016903,2791.6171875,64.0,0.6216666666666667,"{""bent_lead"": 0.6116666666666667, ""cut_lead"": 0.49666666666666665, ""damaged_case"": 0.5616666666666666, ""misplaced"": 0.8166666666666667}",0.8225275837005587,,,,
p0_anomaly_mvtec|transistor|dinov2_s|random_knn|256|2,p0_anomaly_mvtec,transistor,dinov2_s,213,100,40,1024,19.017880432999846,2,Tesla T4,random_knn,256,2,28.5322265625,0.11486885199974495,2791.6171875,256.0,0.8741666666666666,"{""bent_lead"": 0.8400000000000001, ""cut_lead"": 0.765, ""damaged_case"": 0.9633333333333333, ""misplaced"": 0.9283333333333335}",0.8814087785498931,,,,
p0_anomaly_mvtec|transistor|dinov2_s|random_knn|1024|2,p0_anomaly_mvtec,transistor,dinov2_s,213,100,40,1024,19.017880432999846,2,Tesla T4,random_knn,1024,2,63.66015625,0.15963194799996927,2791.6171875,1024.0,0.9333333333333333,"{""bent_lead"": 0.9666666666666667, ""cut_lead"": 0.8616666666666666, ""damaged_case"": 0.9966666666666667, ""misplaced"": 0.9083333333333333}",0.9251772550108297,,,,
p0_anomaly_mvtec|transistor|dense_sift|coreset_knn|64|0,p0_anomaly_mvtec,transistor,dense_sift,213,100,40,729,66.05681677900066,2,Tesla T4,coreset_knn,64,0,14.18798828125,0.12511623299997154,2791.6171875,64.0,0.8049999999999999,"{""bent_lead"": 0.7833333333333333, ""cut_lead"": 0.71, ""damaged_case"": 0.7333333333333333, ""misplaced"": 0.9933333333333333}",0.8795677944886634,236.7177734375,1.8247084090003227,2791.6171875,
p0_anomaly_mvtec|transistor|dense_sift|coreset_knn|256|0,p0_anomaly_mvtec,transistor,dense_sift,213,100,40,729,66.05681677900066,2,Tesla T4,coreset_knn,256,0,22.2822265625,0.08533465600021373,2791.6171875,256.0,0.91375,"{""bent_lead"": 0.8183333333333334, ""cut_lead"": 0.9333333333333333, ""damaged_case"": 0.9033333333333333, ""misplaced"": 1.0}",0.9375274221389288,236.7177734375,1.8247084090003227,2791.6171875,
p0_anomaly_mvtec|transistor|dense_sift|coreset_knn|1024|0,p0_anomaly_mvtec,transistor,dense_sift,213,100,40,729,66.05681677900066,2,Tesla T4,coreset_knn,1024,0,58.66015625,0.12010333599982914,2791.6171875,1024.0,0.9358333333333334,"{""bent_lead"": 0.9483333333333334, ""cut_lead"": 0.8816666666666667, ""damaged_case"": 0.9133333333333334, ""misplaced"": 1.0}",0.9685947103615486,236.7177734375,1.8247084090003227,2791.6171875,
p0_anomaly_mvtec|transistor|dense_sift|random_knn|64|0,p0_anomaly_mvtec,transistor,dense_sift,213,100,40,729,66.05681677900066,2,Tesla T4,random_knn,64,0,14.18798828125,0.08198506899998392,2791.6171875,64.0,0.5883333333333334,"{""bent_lead"": 0.6383333333333334, ""cut_lead"": 0.5700000000000001, ""damaged_case"": 0.4583333333333333, ""misplaced"": 0.6866666666666666}",0.7405718211418978,,,,
p0_anomaly_mvtec|transistor|dense_sift|random_knn|256|0,p0_anomaly_mvtec,transistor,dense_sift,213,100,40,729,66.05681677900066,2,Tesla T4,random_knn,256,0,22.2822265625,0.08760380300009274,2791.6171875,256.0,0.4920833333333333,"{""bent_lead"": 0.2733333333333333, ""cut_lead"": 0.5216666666666667, ""damaged_case"": 0.635, ""misplaced"": 0.5383333333333333}",0.8674306104066095,,,,
p0_anomaly_mvtec|transistor|dense_sift|random_knn|1024|0,p0_anomaly_mvtec,transistor,dense_sift,213,100,40,729,66.05681677900066,2,Tesla T4,random_knn,1024,0,58.66015625,0.12937095999996018,2791.6171875,1024.0,0.82875,"{""bent_lead"": 0.8333333333333334, ""cut_lead"": 0.715, ""damaged_case"": 0.8083333333333333, ""misplaced"": 0.9583333333333333}",0.9478591468495713,,,,
p0_anomaly_mvtec|transistor|dense_sift|coreset_knn|64|1,p0_anomaly_mvtec,transistor,dense_sift,213,100,40,729,66.05681677900066,2,Tesla T4,coreset_knn,64,1,14.18798828125,0.08036694099973829,2791.6171875,64.0,0.7866666666666667,"{""bent_lead"": 0.8216666666666668, ""cut_lead"": 0.6616666666666666, ""damaged_case"": 0.745, ""misplaced"": 0.9183333333333333}",0.8483733759406364,236.7177734375,1.8161813950000578,2791.6171875,
p0_anomaly_mvtec|transistor|dense_sift|coreset_knn|256|1,p0_anomaly_mvtec,transistor,dense_sift,213,100,40,729,66.05681677900066,2,Tesla T4,coreset_knn,256,1,22.2822265625,0.08716160699987086,2791.6171875,256.0,0.9341666666666666,"{""bent_lead"": 0.9466666666666668, ""cut_lead"": 0.9216666666666666, ""damaged_case"": 0.8683333333333333, ""misplaced"": 1.0}",0.9374393101771579,236.7177734375,1.8161813950000578,2791.6171875,
p0_anomaly_mvtec|transistor|dense_sift|coreset_knn|1024|1,p0_anomaly_mvtec,transistor,dense_sift,213,100,40,729,66.05681677900066,2,Tesla T4,coreset_knn,1024,1,58.66015625,0.09838295999998081,2791.6171875,1024.0,0.9358333333333333,"{""bent_lead"": 0.9266666666666666, ""cut_lead"": 0.8866666666666667, ""damaged_case"": 0.93, ""misplaced"": 1.0}",0.9638688997600063,236.7177734375,1.8161813950000578,2791.6171875,
p0_anomaly_mvtec|transistor|dense_sift|random_knn|64|1,p0_anomaly_mvtec,transistor,dense_sift,213,100,40,729,66.05681677900066,2,Tesla T4,random_knn,64,1,14.18798828125,0.08358456500036482,2791.6171875,64.0,0.5304166666666668,"{""bent_lead"": 0.48333333333333334, ""cut_lead"": 0.5, ""damaged_case"": 0.42499999999999993, ""misplaced"": 0.7133333333333334}",0.7810955968041355,,,,
p0_anomaly_mvtec|transistor|dense_sift|random_knn|256|1,p0_anomaly_mvtec,transistor,dense_sift,213,100,40,729,66.05681677900066,2,Tesla T4,random_knn,256,1,22.2822265625,0.10697292200029551,2791.6171875,256.0,0.5716666666666667,"{""bent_lead"": 0.5549999999999999, ""cut_lead"": 0.6733333333333333, ""damaged_case"": 0.5633333333333334, ""misplaced"": 0.495}",0.882975903816002,,,,
p0_anomaly_mvtec|transistor|dense_sift|random_knn|1024|1,p0_anomaly_mvtec,transistor,dense_sift,213,100,40,729,66.05681677900066,2,Tesla T4,random_knn,1024,1,58.66015625,0.09914509899999757,2791.6171875,1024.0,0.7833333333333333,"{""bent_lead"": 0.8316666666666667, ""cut_lead"": 0.6816666666666666, ""damaged_case"": 0.6266666666666667, ""misplaced"": 0.9933333333333333}",0.947763528420743,,,,
p0_anomaly_mvtec|transistor|dense_sift|coreset_knn|64|2,p0_anomaly_mvtec,transistor,dense_sift,213,100,40,729,66.05681677900066,2,Tesla T4,coreset_knn,64,2,14.18798828125,0.08223295200014036,2791.6171875,64.0,0.79625,"{""bent_lead"": 0.7816666666666666, ""cut_lead"": 0.655, ""damaged_case"": 0.7833333333333333, ""misplaced"": 0.965}",0.857879413570036,236.7177734375,1.7822876609998275,2791.6171875,
p0_anomaly_mvtec|transistor|dense_sift|coreset_knn|256|2,p0_anomaly_mvtec,transistor,dense_sift,213,100,40,729,66.05681677900066,2,Tesla T4,coreset_knn,256,2,22.2822265625,0.08467312500033586,2791.6171875,256.0,0.9258333333333334,"{""bent_lead"": 0.925, ""cut_lead"": 0.8483333333333334, ""damaged_case"": 0.9299999999999999, ""misplaced"": 1.0}",0.9396390514627644,236.7177734375,1.7822876609998275,2791.6171875,
p0_anomaly_mvtec|transistor|dense_sift|coreset_knn|1024|2,p0_anomaly_mvtec,transistor,dense_sift,213,100,40,729,66.05681677900066,2,Tesla T4,coreset_knn,1024,2,58.66015625,0.10619111799996972,2791.6171875,1024.0,0.9183333333333333,"{""bent_lead"": 0.9199999999999999, ""cut_lead"": 0.8666666666666667, ""damaged_case"": 0.8866666666666667, ""misplaced"": 1.0}",0.9640527816023414,236.7177734375,1.7822876609998275,2791.6171875,
p0_anomaly_mvtec|transistor|dense_sift|random_knn|64|2,p0_anomaly_mvtec,transistor,dense_sift,213,100,40,729,66.05681677900066,2,Tesla T4,random_knn,64,2,14.18798828125,0.12159419499994328,2791.6171875,64.0,0.46958333333333335,"{""bent_lead"": 0.47500000000000003, ""cut_lead"": 0.35833333333333334, ""damaged_case"": 0.39499999999999996, ""misplaced"": 0.65}",0.7226192902725574,,,,
p0_anomaly_mvtec|transistor|dense_sift|random_knn|256|2,p0_anomaly_mvtec,transistor,dense_sift,213,100,40,729,66.05681677900066,2,Tesla T4,random_knn,256,2,22.2822265625,0.08603835699977935,2791.6171875,256.0,0.5687500000000001,"{""bent_lead"": 0.6366666666666666, ""cut_lead"": 0.3866666666666667, ""damaged_case"": 0.45666666666666667, ""misplaced"": 0.7949999999999999}",0.8571645086350372,,,,
p0_anomaly_mvtec|transistor|dense_sift|random_knn|1024|2,p0_anomaly_mvtec,transistor,dense_sift,213,100,40,729,66.05681677900066,2,Tesla T4,random_knn,1024,2,58.66015625,0.09603418300002886,2791.6171875,1024.0,0.7616666666666667,"{""bent_lead"": 0.76, ""cut_lead"": 0.6166666666666667, ""damaged_case"": 0.7283333333333333, ""misplaced"": 0.9416666666666667}",0.935241353459429,,,,
p0_anomaly_mvtec|wood|dinov2_s|coreset_knn|64|0,p0_anomaly_mvtec,wood,dinov2_s,247,79,60,1024,19.71069652499955,2,Tesla T4,coreset_knn,64,0,22.25048828125,0.0839191570003095,2791.6171875,64.0,0.9859649122807017,"{""color"": 0.993421052631579, ""combined"": 0.9808612440191388, ""hole"": 0.9842105263157894, ""liquid"": 1.0, ""scratch"": 0.9799498746867168}",0.9357306021457396,502.8125,2.8961903009999332,2791.6171875,
p0_anomaly_mvtec|wood|dinov2_s|coreset_knn|256|0,p0_anomaly_mvtec,wood,dinov2_s,247,79,60,1024,19.71069652499955,2,Tesla T4,coreset_knn,256,0,28.5322265625,0.08704191299966624,2791.6171875,256.0,0.9929824561403509,"{""color"": 1.0, ""combined"": 0.9952153110047848, ""hole"": 0.9842105263157894, ""liquid"": 1.0, ""scratch"": 0.9899749373433584}",0.9453409562629675,502.8125,2.8961903009999332,2791.6171875,
p0_anomaly_mvtec|wood|dinov2_s|coreset_knn|1024|0,p0_anomaly_mvtec,wood,dinov2_s,247,79,60,1024,19.71069652499955,2,Tesla T4,coreset_knn,1024,0,63.66015625,0.1379889350000667,2791.6171875,1024.0,0.9964912280701754,"{""color"": 1.0, ""combined"": 1.0, ""hole"": 1.0, ""liquid"": 1.0, ""scratch"": 0.9899749373433584}",0.9412750370505094,502.8125,2.8961903009999332,2791.6171875,
p0_anomaly_mvtec|wood|dinov2_s|random_knn|64|0,p0_anomaly_mvtec,wood,dinov2_s,247,79,60,1024,19.71069652499955,2,Tesla T4,random_knn,64,0,22.25048828125,0.12166382800023712,2791.6171875,64.0,0.9868421052631579,"{""color"": 1.0, ""combined"": 1.0, ""hole"": 1.0, ""liquid"": 1.0, ""scratch"": 0.9624060150375939}",0.9268607824027809,,,,
p0_anomaly_mvtec|wood|dinov2_s|random_knn|256|0,p0_anomaly_mvtec,wood,dinov2_s,247,79,60,1024,19.71069652499955,2,Tesla T4,random_knn,256,0,28.5322265625,0.09224744499988446,2791.6171875,256.0,0.9666666666666668,"{""color"": 1.0, ""combined"": 0.9760765550239234, ""hole"": 0.9105263157894736, ""liquid"": 1.0, ""scratch"": 0.9598997493734336}",0.9398037234005154,,,,
p0_anomaly_mvtec|wood|dinov2_s|random_knn|1024|0,p0_anomaly_mvtec,wood,dinov2_s,247,79,60,1024,19.71069652499955,2,Tesla T4,random_knn,1024,0,63.66015625,0.1138914329999352,2791.6171875,1024.0,0.9842105263157895,"{""color"": 1.0, ""combined"": 0.9856459330143541, ""hole"": 0.9842105263157894, ""liquid"": 1.0, ""scratch"": 0.9699248120300752}",0.9441228446378915,,,,
p0_anomaly_mvtec|wood|dinov2_s|coreset_knn|64|1,p0_anomaly_mvtec,wood,dinov2_s,247,79,60,1024,19.71069652499955,2,Tesla T4,coreset_knn,64,1,22.25048828125,0.08562538200021663,2791.6171875,64.0,0.9701754385964914,"{""color"": 1.0, ""combined"": 0.9856459330143541, ""hole"": 0.9263157894736843, ""liquid"": 1.0, ""scratch"": 0.9573934837092731}",0.9096852657714095,502.8125,2.909459896000044,2791.6171875,
p0_anomaly_mvtec|wood|dinov2_s|coreset_knn|256|1,p0_anomaly_mvtec,wood,dinov2_s,247,79,60,1024,19.71069652499955,2,Tesla T4,coreset_knn,256,1,28.5322265625,0.09309536800037677,2791.6171875,256.0,0.9964912280701754,"{""color"": 1.0, ""combined"": 1.0, ""hole"": 0.9947368421052633, ""liquid"": 1.0, ""scratch"": 0.9924812030075187}",0.9330541646336881,502.8125,2.909459896000044,2791.6171875,
p0_anomaly_mvtec|wood|dinov2_s|coreset_knn|1024|1,p0_anomaly_mvtec,wood,dinov2_s,247,79,60,1024,19.71069652499955,2,Tesla T4,coreset_knn,1024,1,63.66015625,0.14136073700001361,2791.6171875,1024.0,0.9947368421052631,"{""color"": 1.0, ""combined"": 1.0, ""hole"": 0.9894736842105263, ""liquid"": 1.0, ""scratch"": 0.9899749373433584}",0.9391962228545091,502.8125,2.909459896000044,2791.6171875,
p0_anomaly_mvtec|wood|dinov2_s|random_knn|64|1,p0_anomaly_mvtec,wood,dinov2_s,247,79,60,1024,19.71069652499955,2,Tesla T4,random_knn,64,1,22.25048828125,0.08109882000007929,2791.6171875,64.0,0.6078947368421053,"{""color"": 0.4078947368421053, ""combined"": 0.5263157894736842, ""hole"": 0.6684210526315789, ""liquid"": 0.7894736842105263, ""scratch"": 0.6115288220551378}",0.9338228359352918,,,,
p0_anomaly_mvtec|wood|dinov2_s|random_knn|256|1,p0_anomaly_mvtec,wood,dinov2_s,247,79,60,1024,19.71069652499955,2,Tesla T4,random_knn,256,1,28.5322265625,0.09000418799996623,2791.6171875,256.0,0.968421052631579,"{""color"": 0.9802631578947368, ""combined"": 0.9712918660287081, ""hole"": 0.9421052631578948, ""liquid"": 1.0, ""scratch"": 0.9598997493734336}",0.9454127577031222,,,,
p0_anomaly_mvtec|wood|dinov2_s|random_knn|1024|1,p0_anomaly_mvtec,wood,dinov2_s,247,79,60,1024,19.71069652499955,2,Tesla T4,random_knn,1024,1,63.66015625,0.10986778699998467,2791.6171875,1024.0,0.9903508771929824,"{""color"": 0.993421052631579, ""combined"": 1.0, ""hole"": 0.9894736842105264, ""liquid"": 1.0, ""scratch"": 0.9799498746867168}",0.9475822732104128,,,,
p0_anomaly_mvtec|wood|dinov2_s|coreset_knn|64|2,p0_anomaly_mvtec,wood,dinov2_s,247,79,60,1024,19.71069652499955,2,Tesla T4,coreset_knn,64,2,22.25048828125,0.08645700499982922,2791.6171875,64.0,0.9903508771929824,"{""color"": 0.986842105263158, ""combined"": 0.9904306220095694, ""hole"": 0.9789473684210526, ""liquid"": 1.0, ""scratch"": 0.9924812030075189}",0.9262576655622852,502.8125,2.9213936510000167,2791.6171875,
p0_anomaly_mvtec|wood|dinov2_s|coreset_knn|256|2,p0_anomaly_mvtec,wood,dinov2_s,247,79,60,1024,19.71069652499955,2,Tesla T4,coreset_knn,256,2,28.5322265625,0.10802539499991326,2791.6171875,256.0,0.9964912280701754,"{""color"": 1.0, ""combined"": 1.0, ""hole"": 0.9947368421052633, ""liquid"": 1.0, ""scratch"": 0.9924812030075187}",0.931814474198265,502.8125,2.9213936510000167,2791.6171875,
p0_anomaly_mvtec|wood|dinov2_s|coreset_knn|1024|2,p0_anomaly_mvtec,wood,dinov2_s,247,79,60,1024,19.71069652499955,2,Tesla T4,coreset_knn,1024,2,63.66015625,0.13937704099998882,2791.6171875,1024.0,0.993859649122807,"{""color"": 1.0, ""combined"": 1.0, ""hole"": 0.9947368421052633, ""liquid"": 1.0, ""scratch"": 0.9849624060150376}",0.9466657824406368,502.8125,2.9213936510000167,2791.6171875,
p0_anomaly_mvtec|wood|dinov2_s|random_knn|64|2,p0_anomaly_mvtec,wood,dinov2_s,247,79,60,1024,19.71069652499955,2,Tesla T4,random_knn,64,2,22.25048828125,0.08202666099987255,2791.6171875,64.0,0.9833333333333333,"{""color"": 0.9473684210526315, ""combined"": 1.0, ""hole"": 1.0, ""liquid"": 1.0, ""scratch"": 0.9724310776942355}",0.9288594069520534,,,,
p0_anomaly_mvtec|wood|dinov2_s|random_knn|256|2,p0_anomaly_mvtec,wood,dinov2_s,247,79,60,1024,19.71069652499955,2,Tesla T4,random_knn,256,2,28.5322265625,0.10991373700016993,2791.6171875,256.0,0.9780701754385964,"{""color"": 0.986842105263158, ""combined"": 0.9808612440191387, ""hole"": 0.9947368421052633, ""liquid"": 1.0, ""scratch"": 0.9548872180451128}",0.9391205481103793,,,,
p0_anomaly_mvtec|wood|dinov2_s|random_knn|1024|2,p0_anomaly_mvtec,wood,dinov2_s,247,79,60,1024,19.71069652499955,2,Tesla T4,random_knn,1024,2,63.66015625,0.11282202299980781,2791.6171875,1024.0,0.9754385964912281,"{""color"": 0.993421052631579, ""combined"": 0.9808612440191388, ""hole"": 0.9368421052631579, ""liquid"": 1.0, ""scratch"": 0.9724310776942355}",0.9455051800586357,,,,
p0_anomaly_mvtec|wood|dense_sift|coreset_knn|64|0,p0_anomaly_mvtec,wood,dense_sift,247,79,60,729,76.7232941960001,2,Tesla T4,coreset_knn,64,0,14.18798828125,0.09973261499999353,2791.6171875,64.0,0.6350877192982456,"{""color"": 0.5921052631578947, ""combined"": 0.8038277511961722, ""hole"": 0.6421052631578947, ""liquid"": 0.6421052631578947, ""scratch"": 0.556390977443609}",0.7170864283056945,272.81201171875,2.090561034000075,2791.6171875,
p0_anomaly_mvtec|wood|dense_sift|coreset_knn|256|0,p0_anomaly_mvtec,wood,dense_sift,247,79,60,729,76.7232941960001,2,Tesla T4,coreset_knn,256,0,22.2822265625,0.07036881500016534,2791.6171875,256.0,0.7114035087719298,"{""color"": 0.6973684210526316, ""combined"": 0.8564593301435407, ""hole"": 0.7157894736842105, ""liquid"": 0.7578947368421053, ""scratch"": 0.6165413533834586}",0.750476835320804,272.81201171875,2.090561034000075,2791.6171875,
p0_anomaly_mvtec|wood|dense_sift|coreset_knn|1024|0,p0_anomaly_mvtec,wood,dense_sift,247,79,60,729,76.7232941960001,2,Tesla T4,coreset_knn,1024,0,58.66015625,0.080148984999596,2791.6171875,1024.0,0.6964912280701755,"{""color"": 0.7039473684210527, ""combined"": 0.8373205741626795, ""hole"": 0.6789473684210526, ""liquid"": 0.7473684210526317, ""scratch"": 0.6040100250626567}",0.7972951805828513,272.81201171875,2.090561034000075,2791.6171875,
p0_anomaly_mvtec|wood|dense_sift|random_knn|64|0,p0_anomaly_mvtec,wood,dense_sift,247,79,60,729,76.7232941960001,2,Tesla T4,random_knn,64,0,14.18798828125,0.06750238200038439,2791.6171875,64.0,0.5798245614035088,"{""color"": 0.4539473684210526, ""combined"": 0.645933014354067, ""hole"": 0.3894736842105263, ""liquid"": 0.8631578947368421, ""scratch"": 0.5488721804511278}",0.6810295072306813,,,,
p0_anomaly_mvtec|wood|dense_sift|random_knn|256|0,p0_anomaly_mvtec,wood,dense_sift,247,79,60,729,76.7232941960001,2,Tesla T4,random_knn,256,0,22.2822265625,0.06749495800022487,2791.6171875,256.0,0.4570175438596491,"{""color"": 0.40789473684210525, ""combined"": 0.4497607655502392, ""hole"": 0.4, ""liquid"": 0.45263157894736844, ""scratch"": 0.5087719298245614}",0.7226084831940317,,,,
p0_anomaly_mvtec|wood|dense_sift|random_knn|1024|0,p0_anomaly_mvtec,wood,dense_sift,247,79,60,729,76.7232941960001,2,Tesla T4,random_knn,1024,0,58.66015625,0.07767835399999967,2791.6171875,1024.0,0.5982456140350877,"{""color"": 0.5921052631578947, ""combined"": 0.8038277511961722, ""hole"": 0.6105263157894737, ""liquid"": 0.5473684210526316, ""scratch"": 0.5112781954887218}",0.752068113854924,,,,
p0_anomaly_mvtec|wood|dense_sift|coreset_knn|64|1,p0_anomaly_mvtec,wood,dense_sift,247,79,60,729,76.7232941960001,2,Tesla T4,coreset_knn,64,1,14.18798828125,0.08979748299998391,2791.6171875,64.0,0.718421052631579,"{""color"": 0.7105263157894737, ""combined"": 0.9090909090909091, ""hole"": 0.6578947368421053, ""liquid"": 0.7684210526315789, ""scratch"": 0.6265664160401003}",0.754184401782023,272.81201171875,2.095213957999931,2791.6171875,
p0_anomaly_mvtec|wood|dense_sift|coreset_knn|256|1,p0_anomaly_mvtec,wood,dense_sift,247,79,60,729,76.7232941960001,2,Tesla T4,coreset_knn,256,1,22.2822265625,0.07158292600024652,2791.6171875,256.0,0.6929824561403509,"{""color"": 0.7039473684210527, ""combined"": 0.8660287081339713, ""hole"": 0.6578947368421053, ""liquid"": 0.7263157894736842, ""scratch"": 0.5989974937343359}",0.7691652539985857,272.81201171875,2.095213957999931,2791.6171875,
p0_anomaly_mvtec|wood|dense_sift|coreset_knn|1024|1,p0_anomaly_mvtec,wood,dense_sift,247,79,60,729,76.7232941960001,2,Tesla T4,coreset_knn,1024,1,58.66015625,0.0790755610000815,2791.6171875,1024.0,0.7543859649122807,"{""color"": 0.7302631578947368, ""combined"": 0.861244019138756, ""hole"": 0.768421052631579, ""liquid"": 0.8052631578947369, ""scratch"": 0.6766917293233082}",0.7978750454353906,272.81201171875,2.095213957999931,2791.6171875,
p0_anomaly_mvtec|wood|dense_sift|random_knn|64|1,p0_anomaly_mvtec,wood,dense_sift,247,79,60,729,76.7232941960001,2,Tesla T4,random_knn,64,1,14.18798828125,0.06439687199963373,2791.6171875,64.0,0.6412280701754386,"{""color"": 0.5526315789473684, ""combined"": 0.7894736842105263, ""hole"": 0.6000000000000001, ""liquid"": 0.7, ""scratch"": 0.5889724310776943}",0.6792208165637698,,,,
p0_anomaly_mvtec|wood|dense_sift|random_knn|256|1,p0_anomaly_mvtec,wood,dense_sift,247,79,60,729,76.7232941960001,2,Tesla T4,random_knn,256,1,22.2822265625,0.07060958000010942,2791.6171875,256.0,0.6333333333333333,"{""color"": 0.6710526315789473, ""combined"": 0.6842105263157895, ""hole"": 0.6947368421052632, ""liquid"": 0.6578947368421053, ""scratch"": 0.5513784461152882}",0.7315796685989601,,,,
p0_anomaly_mvtec|wood|dense_sift|random_knn|1024|1,p0_anomaly_mvtec,wood,dense_sift,247,79,60,729,76.7232941960001,2,Tesla T4,random_knn,1024,1,58.66015625,0.08320754099986516,2791.6171875,1024.0,0.6210526315789473,"{""color"": 0.5000000000000001, ""combined"": 0.7894736842105263, ""hole"": 0.5684210526315789, ""liquid"": 0.6473684210526316, ""scratch"": 0.5914786967418546}",0.7537852973982669,,,,
p0_anomaly_mvtec|wood|dense_sift|coreset_knn|64|2,p0_anomaly_mvtec,wood,dense_sift,247,79,60,729,76.7232941960001,2,Tesla T4,coreset_knn,64,2,14.18798828125,0.09825622199969075,2791.6171875,64.0,0.7210526315789474,"{""color"": 0.631578947368421, ""combined"": 0.8899521531100479, ""hole"": 0.6631578947368421, ""liquid"": 0.7736842105263159, ""scratch"": 0.6691729323308271}",0.7297038014482132,272.81201171875,2.081420097999853,2791.6171875,
p0_anomaly_mvtec|wood|dense_sift|coreset_knn|256|2,p0_anomaly_mvtec,wood,dense_sift,247,79,60,729,76.7232941960001,2,Tesla T4,coreset_knn,256,2,22.2822265625,0.11220198399996661,2791.6171875,256.0,0.7543859649122807,"{""color"": 0.7171052631578948, ""combined"": 0.861244019138756, ""hole"": 0.768421052631579, ""liquid"": 0.7947368421052631, ""scratch"": 0.6867167919799498}",0.7695644495596197,272.81201171875,2.081420097999853,2791.6171875,
p0_anomaly_mvtec|wood|dense_sift|coreset_knn|1024|2,p0_anomaly_mvtec,wood,dense_sift,247,79,60,729,76.7232941960001,2,Tesla T4,coreset_knn,1024,2,58.66015625,0.09818025499998839,2791.6171875,1024.0,0.7263157894736842,"{""color"": 0.6842105263157895, ""combined"": 0.8708133971291867, ""hole"": 0.7894736842105263, ""liquid"": 0.763157894736842, ""scratch"": 0.6190476190476191}",0.7921434880079521,272.81201171875,2.081420097999853,2791.6171875,
p0_anomaly_mvtec|wood|dense_sift|random_knn|64|2,p0_anomaly_mvtec,wood,dense_sift,247,79,60,729,76.7232941960001,2,Tesla T4,random_knn,64,2,14.18798828125,0.06520340699989902,2791.6171875,64.0,0.5798245614035088,"{""color"": 0.5197368421052632, ""combined"": 0.6028708133971292, ""hole"": 0.39473684210526316, ""liquid"": 0.8578947368421053, ""scratch"": 0.5463659147869675}",0.7079569097794491,,,,
p0_anomaly_mvtec|wood|dense_sift|random_knn|256|2,p0_anomaly_mvtec,wood,dense_sift,247,79,60,729,76.7232941960001,2,Tesla T4,random_knn,256,2,22.2822265625,0.07118289900017771,2791.6171875,256.0,0.5842105263157894,"{""color"": 0.5723684210526316, ""combined"": 0.6076555023923444, ""hole"": 0.6210526315789473, ""liquid"": 0.6, ""scratch"": 0.5513784461152882}",0.7232027747054671,,,,
p0_anomaly_mvtec|wood|dense_sift|random_knn|1024|2,p0_anomaly_mvtec,wood,dense_sift,247,79,60,729,76.7232941960001,2,Tesla T4,random_knn,1024,2,58.66015625,0.07672550300003422,2791.6171875,1024.0,0.6298245614035087,"{""color"": 0.6052631578947368, ""combined"": 0.8086124401913876, ""hole"": 0.5210526315789474, ""liquid"": 0.7157894736842105, ""scratch"": 0.556390977443609}",0.7535741546102022,,,,
p0_anomaly_mvtec|zipper|dinov2_s|coreset_knn|64|0,p0_anomaly_mvtec,zipper,dinov2_s,240,151,119,1024,13.428216547000375,2,Tesla T4,coreset_knn,64,0,22.25048828125,0.20078030500008026,2791.6171875,64.0,0.9451155462184873,"{""broken_teeth"": 0.9243421052631579, ""combined"": 0.984375, ""fabric_border"": 1.0, ""fabric_interior"": 0.990234375, ""rough"": 0.963235294117647, ""split_teeth"": 0.9010416666666666, ""squeezed_teeth"": 0.857421875}",0.8683884700368945,488.3125,2.838727016000121,2791.6171875,
p0_anomaly_mvtec|zipper|dinov2_s|coreset_knn|256|0,p0_anomaly_mvtec,zipper,dinov2_s,240,151,119,1024,13.428216547000375,2,Tesla T4,coreset_knn,256,0,28.5322265625,0.169527614999879,2791.6171875,256.0,0.9971113445378151,"{""broken_teeth"": 0.9967105263157895, ""combined"": 1.0, ""fabric_border"": 1.0, ""fabric_interior"": 1.0, ""rough"": 1.0, ""split_teeth"": 0.9965277777777778, ""squeezed_teeth"": 0.986328125}",0.9270227891375606,488.3125,2.838727016000121,2791.6171875,
p0_anomaly_mvtec|zipper|dinov2_s|coreset_knn|1024|0,p0_anomaly_mvtec,zipper,dinov2_s,240,151,119,1024,13.428216547000375,2,Tesla T4,coreset_knn,1024,0,63.66015625,0.22025277900002038,2791.6171875,1024.0,0.9971113445378151,"{""broken_teeth"": 1.0, ""combined"": 1.0, ""fabric_border"": 1.0, ""fabric_interior"": 1.0, ""rough"": 1.0, ""split_teeth"": 1.0, ""squeezed_teeth"": 0.978515625}",0.9551145629583521,488.3125,2.838727016000121,2791.6171875,
p0_anomaly_mvtec|zipper|dinov2_s|random_knn|64|0,p0_anomaly_mvtec,zipper,dinov2_s,240,151,119,1024,13.428216547000375,2,Tesla T4,random_knn,64,0,22.25048828125,0.16046500800030117,2791.6171875,64.0,0.39968487394957986,"{""broken_teeth"": 0.3700657894736842, ""combined"": 0.513671875, ""fabric_border"": 0.41544117647058826, ""fabric_interior"": 0.453125, ""rough"": 0.2757352941176471, ""split_teeth"": 0.28298611111111116, ""squeezed_teeth"": 0.513671875}",0.8248781607284901,,,,
p0_anomaly_mvtec|zipper|dinov2_s|random_knn|256|0,p0_anomaly_mvtec,zipper,dinov2_s,240,151,119,1024,13.428216547000375,2,Tesla T4,random_knn,256,0,28.5322265625,0.18498556499980623,2791.6171875,256.0,0.9451155462184874,"{""broken_teeth"": 0.9671052631578947, ""combined"": 0.9921875, ""fabric_border"": 1.0, ""fabric_interior"": 1.0, ""rough"": 0.9669117647058824, ""split_teeth"": 0.9340277777777777, ""squeezed_teeth"": 0.748046875}",0.9034381579259996,,,,
p0_anomaly_mvtec|zipper|dinov2_s|random_knn|1024|0,p0_anomaly_mvtec,zipper,dinov2_s,240,151,119,1024,13.428216547000375,2,Tesla T4,random_knn,1024,0,63.66015625,0.21872353900016606,2791.6171875,1024.0,0.9863445378151261,"{""broken_teeth"": 0.9950657894736842, ""combined"": 0.998046875, ""fabric_border"": 1.0, ""fabric_interior"": 1.0, ""rough"": 0.9981617647058824, ""split_teeth"": 0.9930555555555556, ""squeezed_teeth"": 0.916015625}",0.9311790438139559,,,,
p0_anomaly_mvtec|zipper|dinov2_s|coreset_knn|64|1,p0_anomaly_mvtec,zipper,dinov2_s,240,151,119,1024,13.428216547000375,2,Tesla T4,coreset_knn,64,1,22.25048828125,0.20383278899998913,2791.6171875,64.0,0.9721638655462185,"{""broken_teeth"": 0.9901315789473684, ""combined"": 0.998046875, ""fabric_border"": 1.0, ""fabric_interior"": 0.99609375, ""rough"": 0.9761029411764706, ""split_teeth"": 0.9270833333333333, ""squeezed_teeth"": 0.91796875}",0.8491040426655805,488.3125,2.8401162499999373,2791.6171875,
p0_anomaly_mvtec|zipper|dinov2_s|coreset_knn|256|1,p0_anomaly_mvtec,zipper,dinov2_s,240,151,119,1024,13.428216547000375,2,Tesla T4,coreset_knn,256,1,28.5322265625,0.17209948300023825,2791.6171875,256.0,0.9894957983193278,"{""broken_teeth"": 0.9802631578947368, ""combined"": 1.0, ""fabric_border"": 1.0, ""fabric_interior"": 1.0, ""rough"": 1.0, ""split_teeth"": 1.0, ""squeezed_teeth"": 0.9453125}",0.8959230984317423,488.3125,2.8401162499999373,2791.6171875,
p0_anomaly_mvtec|zipper|dinov2_s|coreset_knn|1024|1,p0_anomaly_mvtec,zipper,dinov2_s,240,151,119,1024,13.428216547000375,2,Tesla T4,coreset_knn,1024,1,63.66015625,0.21928851900020163,2791.6171875,1024.0,0.9957983193277311,"{""broken_teeth"": 1.0, ""combined"": 1.0, ""fabric_border"": 1.0, ""fabric_interior"": 1.0, ""rough"": 1.0, ""split_teeth"": 1.0, ""squeezed_teeth"": 0.96875}",0.9448452181632172,488.3125,2.8401162499999373,2791.6171875,
p0_anomaly_mvtec|zipper|dinov2_s|random_knn|64|1,p0_anomaly_mvtec,zipper,dinov2_s,240,151,119,1024,13.428216547000375,2,Tesla T4,random_knn,64,1,22.25048828125,0.16243294399964725,2791.6171875,64.0,0.63734243697479,"{""broken_teeth"": 0.5164473684210527, ""combined"": 0.7109375, ""fabric_border"": 0.9301470588235294, ""fabric_interior"": 0.81640625, ""rough"": 0.49080882352941185, ""split_teeth"": 0.4809027777777778, ""squeezed_teeth"": 0.548828125}",0.8297637442530523,,,,
p0_anomaly_mvtec|zipper|dinov2_s|random_knn|256|1,p0_anomaly_mvtec,zipper,dinov2_s,240,151,119,1024,13.428216547000375,2,Tesla T4,random_knn,256,1,28.5322265625,0.1772267279998232,2791.6171875,256.0,0.9663865546218487,"{""broken_teeth"": 0.981907894736842, ""combined"": 0.994140625, ""fabric_border"": 1.0, ""fabric_interior"": 1.0, ""rough"": 0.9981617647058824, ""split_teeth"": 0.9739583333333333, ""squeezed_teeth"": 0.80859375}",0.9009942473275435,,,,
p0_anomaly_mvtec|zipper|dinov2_s|random_knn|1024|1,p0_anomaly_mvtec,zipper,dinov2_s,240,151,119,1024,13.428216547000375,2,Tesla T4,random_knn,1024,1,63.66015625,0.21749072800002978,2791.6171875,1024.0,0.9732142857142857,"{""broken_teeth"": 0.9950657894736842, ""combined"": 0.986328125, ""fabric_border"": 1.0, ""fabric_interior"": 1.0, ""rough"": 1.0, ""split_teeth"": 0.9861111111111112, ""squeezed_teeth"": 0.8359375}",0.9310682063926826,,,,
p0_anomaly_mvtec|zipper|dinov2_s|coreset_knn|64|2,p0_anomaly_mvtec,zipper,dinov2_s,240,151,119,1024,13.428216547000375,2,Tesla T4,coreset_knn,64,2,22.25048828125,0.20026405899989186,2791.6171875,64.0,0.9726890756302521,"{""broken_teeth"": 0.9555921052631579, ""combined"": 1.0, ""fabric_border"": 1.0, ""fabric_interior"": 0.96875, ""rough"": 1.0, ""split_teeth"": 0.9548611111111112, ""squeezed_teeth"": 0.931640625}",0.9002129191600232,488.3125,2.8326038610002797,2791.6171875,
p0_anomaly_mvtec|zipper|dinov2_s|coreset_knn|256|2,p0_anomaly_mvtec,zipper,dinov2_s,240,151,119,1024,13.428216547000375,2,Tesla T4,coreset_knn,256,2,28.5322265625,0.17459411999971053,2791.6171875,256.0,0.990546218487395,"{""broken_teeth"": 0.9917763157894737, ""combined"": 1.0, ""fabric_border"": 1.0, ""fabric_interior"": 1.0, ""rough"": 1.0, ""split_teeth"": 1.0, ""squeezed_teeth"": 0.939453125}",0.9348168050883502,488.3125,2.8326038610002797,2791.6171875,
p0_anomaly_mvtec|zipper|dinov2_s|coreset_knn|1024|2,p0_anomaly_mvtec,zipper,dinov2_s,240,151,119,1024,13.428216547000375,2,Tesla T4,coreset_knn,1024,2,63.66015625,0.21782416800033388,2791.6171875,1024.0,0.9981617647058824,"{""broken_teeth"": 0.9967105263157895, ""combined"": 1.0, ""fabric_border"": 1.0, ""fabric_interior"": 1.0, ""rough"": 1.0, ""split_teeth"": 1.0, ""squeezed_teeth"": 0.990234375}",0.9582482009593275,488.3125,2.8326038610002797,2791.6171875,
p0_anomaly_mvtec|zipper|dinov2_s|random_knn|64|2,p0_anomaly_mvtec,zipper,dinov2_s,240,151,119,1024,13.428216547000375,2,Tesla T4,random_knn,64,2,22.25048828125,0.16160301899981278,2791.6171875,64.0,0.6519170168067226,"{""broken_teeth"": 0.5082236842105263, ""combined"": 0.751953125, ""fabric_border"": 0.9981617647058824, ""fabric_interior"": 0.802734375, ""rough"": 0.5, ""split_teeth"": 0.4539930555555556, ""squeezed_teeth"": 0.587890625}",0.8413744072371243,,,,
p0_anomaly_mvtec|zipper|dinov2_s|random_knn|256|2,p0_anomaly_mvtec,zipper,dinov2_s,240,151,119,1024,13.428216547000375,2,Tesla T4,random_knn,256,2,28.5322265625,0.23783354000033796,2791.6171875,256.0,0.9845063025210085,"{""broken_teeth"": 0.9983552631578947, ""combined"": 0.978515625, ""fabric_border"": 1.0, ""fabric_interior"": 1.0, ""rough"": 0.9981617647058824, ""split_teeth"": 0.9947916666666666, ""squeezed_teeth"": 0.916015625}",0.9056667663331244,,,,
p0_anomaly_mvtec|zipper|dinov2_s|random_knn|1024|2,p0_anomaly_mvtec,zipper,dinov2_s,240,151,119,1024,13.428216547000375,2,Tesla T4,random_knn,1024,2,63.66015625,0.21617994199959867,2791.6171875,1024.0,0.9894957983193278,"{""broken_teeth"": 0.9851973684210527, ""combined"": 0.98828125, ""fabric_border"": 1.0, ""fabric_interior"": 1.0, ""rough"": 1.0, ""split_teeth"": 1.0, ""squeezed_teeth"": 0.951171875}",0.9276904202177387,,,,
p0_anomaly_mvtec|zipper|dense_sift|coreset_knn|64|0,p0_anomaly_mvtec,zipper,dense_sift,240,151,119,729,93.20626081400042,2,Tesla T4,coreset_knn,64,0,14.18798828125,0.1269982959997833,2791.6171875,64.0,0.6785714285714286,"{""broken_teeth"": 0.6134868421052632, ""combined"": 0.833984375, ""fabric_border"": 0.9889705882352942, ""fabric_interior"": 0.390625, ""rough"": 0.5018382352941176, ""split_teeth"": 0.6666666666666667, ""squeezed_teeth"": 0.759765625}",0.5962592586057913,266.79248046875,2.0277878449996933,2791.6171875,
p0_anomaly_mvtec|zipper|dense_sift|coreset_knn|256|0,p0_anomaly_mvtec,zipper,dense_sift,240,151,119,729,93.20626081400042,2,Tesla T4,coreset_knn,256,0,22.2822265625,0.13703064999981507,2791.6171875,256.0,0.7988445378151261,"{""broken_teeth"": 0.7023026315789473, ""combined"": 0.9375, ""fabric_border"": 1.0, ""fabric_interior"": 0.673828125, ""rough"": 0.7555147058823529, ""split_teeth"": 0.7378472222222223, ""squeezed_teeth"": 0.80078125}",0.5996374211750607,266.79248046875,2.0277878449996933,2791.6171875,
p0_anomaly_mvtec|zipper|dense_sift|coreset_knn|1024|0,p0_anomaly_mvtec,zipper,dense_sift,240,151,119,729,93.20626081400042,2,Tesla T4,coreset_knn,1024,0,58.66015625,0.15114765799989982,2791.6171875,1024.0,0.8508403361344538,"{""broken_teeth"": 0.75, ""combined"": 0.953125, ""fabric_border"": 1.0, ""fabric_interior"": 0.76171875, ""rough"": 0.8363970588235294, ""split_teeth"": 0.84375, ""squeezed_teeth"": 0.822265625}",0.7475310053187223,266.79248046875,2.0277878449996933,2791.6171875,
p0_anomaly_mvtec|zipper|dense_sift|random_knn|64|0,p0_anomaly_mvtec,zipper,dense_sift,240,151,119,729,93.20626081400042,2,Tesla T4,random_knn,64,0,14.18798828125,0.17557966499998656,2791.6171875,64.0,0.6903886554621849,"{""broken_teeth"": 0.5098684210526315, ""combined"": 0.76171875, ""fabric_border"": 0.9301470588235294, ""fabric_interior"": 0.556640625, ""rough"": 0.6544117647058824, ""split_teeth"": 0.734375, ""squeezed_teeth"": 0.701171875}",0.5431678854468648,,,,
p0_anomaly_mvtec|zipper|dense_sift|random_knn|256|0,p0_anomaly_mvtec,zipper,dense_sift,240,151,119,729,93.20626081400042,2,Tesla T4,random_knn,256,0,22.2822265625,0.13521513900013815,2791.6171875,256.0,0.601890756302521,"{""broken_teeth"": 0.48519736842105265, ""combined"": 0.66796875, ""fabric_border"": 0.7867647058823529, ""fabric_interior"": 0.673828125, ""rough"": 0.5533088235294118, ""split_teeth"": 0.5625, ""squeezed_teeth"": 0.501953125}",0.6352325664852424,,,,
p0_anomaly_mvtec|zipper|dense_sift|random_knn|1024|0,p0_anomaly_mvtec,zipper,dense_sift,240,151,119,729,93.20626081400042,2,Tesla T4,random_knn,1024,0,58.66015625,0.15165520199980165,2791.6171875,1024.0,0.6386554621848739,"{""broken_teeth"": 0.44243421052631576, ""combined"": 0.751953125, ""fabric_border"": 0.9264705882352942, ""fabric_interior"": 0.564453125, ""rough"": 0.5147058823529411, ""split_teeth"": 0.6076388888888888, ""squeezed_teeth"": 0.693359375}",0.6778246857235114,,,,
p0_anomaly_mvtec|zipper|dense_sift|coreset_knn|64|1,p0_anomaly_mvtec,zipper,dense_sift,240,151,119,729,93.20626081400042,2,Tesla T4,coreset_knn,64,1,14.18798828125,0.16790348899985474,2791.6171875,64.0,0.7229516806722689,"{""broken_teeth"": 0.6924342105263158, ""combined"": 0.8671875, ""fabric_border"": 1.0, ""fabric_interior"": 0.427734375, ""rough"": 0.7463235294117647, ""split_teeth"": 0.6423611111111112, ""squeezed_teeth"": 0.681640625}",0.5468317654119766,266.79248046875,2.040150161999918,2791.6171875,
p0_anomaly_mvtec|zipper|dense_sift|coreset_knn|256|1,p0_anomaly_mvtec,zipper,dense_sift,240,151,119,729,93.20626081400042,2,Tesla T4,coreset_knn,256,1,22.2822265625,0.13315215499960686,2791.6171875,256.0,0.8017331932773109,"{""broken_teeth"": 0.6447368421052632, ""combined"": 0.953125, ""fabric_border"": 1.0, ""fabric_interior"": 0.6015625, ""rough"": 0.7408088235294117, ""split_teeth"": 0.875, ""squeezed_teeth"": 0.80859375}",0.6334114105899044,266.79248046875,2.040150161999918,2791.6171875,
p0_anomaly_mvtec|zipper|dense_sift|coreset_knn|1024|1,p0_anomaly_mvtec,zipper,dense_sift,240,151,119,729,93.20626081400042,2,Tesla T4,coreset_knn,1024,1,58.66015625,0.1488645220001672,2791.6171875,1024.0,0.8261554621848739,"{""broken_teeth"": 0.7450657894736843, ""combined"": 0.93359375, ""fabric_border"": 1.0, ""fabric_interior"": 0.75390625, ""rough"": 0.7610294117647058, ""split_teeth"": 0.7968749999999999, ""squeezed_teeth"": 0.8046875}",0.7696424610515044,266.79248046875,2.040150161999918,2791.6171875,
p0_anomaly_mvtec|zipper|dense_sift|random_knn|64|1,p0_anomaly_mvtec,zipper,dense_sift,240,151,119,729,93.20626081400042,2,Tesla T4,random_knn,64,1,14.18798828125,0.18653931099970578,2791.6171875,64.0,0.6436449579831933,"{""broken_teeth"": 0.475328947368421, ""combined"": 0.78515625, ""fabric_border"": 0.9099264705882353, ""fabric_interior"": 0.61328125, ""rough"": 0.645220588235294, ""split_teeth"": 0.5989583333333334, ""squeezed_teeth"": 0.498046875}",0.5863822200162554,,,,
p0_anomaly_mvtec|zipper|dense_sift|random_knn|256|1,p0_anomaly_mvtec,zipper,dense_sift,240,151,119,729,93.20626081400042,2,Tesla T4,random_knn,256,1,22.2822265625,0.129262682999979,2791.6171875,256.0,0.5877100840336134,"{""broken_teeth"": 0.5148026315789473, ""combined"": 0.708984375, ""fabric_border"": 0.7463235294117647, ""fabric_interior"": 0.552734375, ""rough"": 0.42830882352941174, ""split_teeth"": 0.53125, ""squeezed_teeth"": 0.65234375}",0.6083393711896568,,,,
p0_anomaly_mvtec|zipper|dense_sift|random_knn|1024|1,p0_anomaly_mvtec,zipper,dense_sift,240,151,119,729,93.20626081400042,2,Tesla T4,random_knn,1024,1,58.66015625,0.13955546200031677,2791.6171875,1024.0,0.7423844537815126,"{""broken_teeth"": 0.6611842105263157, ""combined"": 0.77734375, ""fabric_border"": 0.9393382352941176, ""fabric_interior"": 0.72265625, ""rough"": 0.6158088235294118, ""split_teeth"": 0.7447916666666666, ""squeezed_teeth"": 0.74609375}",0.6703470337535432,,,,
p0_anomaly_mvtec|zipper|dense_sift|coreset_knn|64|2,p0_anomaly_mvtec,zipper,dense_sift,240,151,119,729,93.20626081400042,2,Tesla T4,coreset_knn,64,2,14.18798828125,0.1740645320001022,2791.6171875,64.0,0.709296218487395,"{""broken_teeth"": 0.6052631578947367, ""combined"": 0.7578125, ""fabric_border"": 0.9871323529411764, ""fabric_interior"": 0.498046875, ""rough"": 0.7077205882352942, ""split_teeth"": 0.6857638888888888, ""squeezed_teeth"": 0.728515625}",0.5417656390914171,266.79248046875,2.0129363339997326,2791.6171875,
p0_anomaly_mvtec|zipper|dense_sift|coreset_knn|256|2,p0_anomaly_mvtec,zipper,dense_sift,240,151,119,729,93.20626081400042,2,Tesla T4,coreset_knn,256,2,22.2822265625,0.12425388899964673,2791.6171875,256.0,0.8295693277310925,"{""broken_teeth"": 0.7615131578947368, ""combined"": 0.92578125, ""fabric_border"": 1.0, ""fabric_interior"": 0.662109375, ""rough"": 0.7334558823529411, ""split_teeth"": 0.876736111111111, ""squeezed_teeth"": 0.849609375}",0.604180139573372,266.79248046875,2.0129363339997326,2791.6171875,
p0_anomaly_mvtec|zipper|dense_sift|coreset_knn|1024|2,p0_anomaly_mvtec,zipper,dense_sift,240,151,119,729,93.20626081400042,2,Tesla T4,coreset_knn,1024,2,58.66015625,0.14848674299992126,2791.6171875,1024.0,0.8579306722689076,"{""broken_teeth"": 0.7532894736842105, ""combined"": 0.94921875, ""fabric_border"": 1.0, ""fabric_interior"": 0.830078125, ""rough"": 0.8198529411764706, ""split_teeth"": 0.828125, ""squeezed_teeth"": 0.841796875}",0.7350316298756672,266.79248046875,2.0129363339997326,2791.6171875,
p0_anomaly_mvtec|zipper|dense_sift|random_knn|64|2,p0_anomaly_mvtec,zipper,dense_sift,240,151,119,729,93.20626081400042,2,Tesla T4,random_knn,64,2,14.18798828125,0.1266590609998275,2791.6171875,64.0,0.6483718487394958,"{""broken_teeth"": 0.53125, ""combined"": 0.689453125, ""fabric_border"": 0.8786764705882353, ""fabric_interior"": 0.55859375, ""rough"": 0.6176470588235293, ""split_teeth"": 0.7065972222222222, ""squeezed_teeth"": 0.55859375}",0.5171868425516215,,,,
p0_anomaly_mvtec|zipper|dense_sift|random_knn|256|2,p0_anomaly_mvtec,zipper,dense_sift,240,151,119,729,93.20626081400042,2,Tesla T4,random_knn,256,2,22.2822265625,0.18996590200003993,2791.6171875,256.0,0.6769957983193278,"{""broken_teeth"": 0.6151315789473684, ""combined"": 0.734375, ""fabric_border"": 0.8511029411764706, ""fabric_interior"": 0.572265625, ""rough"": 0.505514705882353, ""split_teeth"": 0.7013888888888888, ""squeezed_teeth"": 0.767578125}",0.6041816557889783,,,,
p0_anomaly_mvtec|zipper|dense_sift|random_knn|1024|2,p0_anomaly_mvtec,zipper,dense_sift,240,151,119,729,93.20626081400042,2,Tesla T4,random_knn,1024,2,58.66015625,0.15685668099968098,2791.6171875,1024.0,0.6688550420168067,"{""broken_teeth"": 0.506578947368421, ""combined"": 0.74609375, ""fabric_border"": 0.9117647058823529, ""fabric_interior"": 0.5546875, ""rough"": 0.542279411764706, ""split_teeth"": 0.734375, ""squeezed_teeth"": 0.701171875}",0.6669881183921813,,,,
