run_id,config,category,extractor,k,vocab_seed,setting,descriptor,algorithm,n_images,n_types,n_clusters,n_good_in_set,topk,nmi,nmi_std,ari,acc,nmi_chance,nmi_above_chance,n_cpu
p0_defect_discovery_mvtec|bottle|1024|0|oracle|topk_feat|kmeans,p0_defect_discovery_mvtec,bottle,dinov2_s,1024,0,oracle,topk_feat,kmeans,63,3,3,0,10,0.32461386632900385,0.07471376977023425,0.24830028377944607,0.5333333333333332,0.03605704046923526,0.2885568258597686,2
p0_defect_discovery_mvtec|bottle|1024|0|oracle|topk_feat|ward,p0_defect_discovery_mvtec,bottle,dinov2_s,1024,0,oracle,topk_feat,ward,63,3,3,0,10,0.4964641857501382,0.0,0.393999728494502,0.5873015873015873,0.03565607034657156,0.4608081154035666,2
p0_defect_discovery_mvtec|bottle|1024|0|oracle|topk_resid|kmeans,p0_defect_discovery_mvtec,bottle,dinov2_s,1024,0,oracle,topk_resid,kmeans,63,3,3,0,10,0.3329773175298669,0.017251470064564338,0.3058290462786283,0.7047619047619047,0.03491430455410566,0.29806301297576127,2
p0_defect_discovery_mvtec|bottle|1024|0|oracle|topk_resid|ward,p0_defect_discovery_mvtec,bottle,dinov2_s,1024,0,oracle,topk_resid,ward,63,3,3,0,10,0.4056838174659869,0.0,0.2680846694965358,0.5396825396825397,0.03457463607751982,0.3711091813884671,2
p0_defect_discovery_mvtec|bottle|1024|0|oracle|cls|kmeans,p0_defect_discovery_mvtec,bottle,dinov2_s,1024,0,oracle,cls,kmeans,63,3,3,0,10,0.6154815619004996,0.15103431239012538,0.5592257792109334,0.819047619047619,0.030536763478553514,0.5849447984219461,2
p0_defect_discovery_mvtec|bottle|1024|0|oracle|cls|ward,p0_defect_discovery_mvtec,bottle,dinov2_s,1024,0,oracle,cls,ward,63,3,3,0,10,0.4258631838335893,0.0,0.2516713218315469,0.6349206349206349,0.04528416958258844,0.3805790142510008,2
p0_defect_discovery_mvtec|bottle|1024|0|oracle|mask_feat|kmeans,p0_defect_discovery_mvtec,bottle,dinov2_s,1024,0,oracle,mask_feat,kmeans,63,3,3,0,10,0.48206874654294074,0.01781978419476529,0.31266872729464057,0.5587301587301587,0.03952244095588396,0.44254630558705677,2
p0_defect_discovery_mvtec|bottle|1024|0|oracle|mask_feat|ward,p0_defect_discovery_mvtec,bottle,dinov2_s,1024,0,oracle,mask_feat,ward,63,3,3,0,10,0.4949914664344572,0.0,0.3233981087788489,0.5555555555555556,0.03295345198417321,0.462038014450284,2
p0_defect_discovery_mvtec|bottle|1024|0|detected|topk_feat|kmeans,p0_defect_discovery_mvtec,bottle,dinov2_s,1024,0,detected,topk_feat,kmeans,63,3,4,0,10,0.3416229046624547,0.03462058911781353,0.2541081347077972,0.619047619047619,0.044296187553608514,0.2973267171088462,2
p0_defect_discovery_mvtec|bottle|1024|0|detected|topk_feat|ward,p0_defect_discovery_mvtec,bottle,dinov2_s,1024,0,detected,topk_feat,ward,63,3,4,0,10,0.46398747039347377,0.0,0.37526626015756154,0.6825396825396826,0.04460521159262343,0.41938225880085034,2
p0_defect_discovery_mvtec|bottle|1024|0|detected|topk_resid|kmeans,p0_defect_discovery_mvtec,bottle,dinov2_s,1024,0,detected,topk_resid,kmeans,63,3,4,0,10,0.34758664388325283,0.06462160383084671,0.27284161925896827,0.6253968253968254,0.04483919467671944,0.3027474492065334,2
p0_defect_discovery_mvtec|bottle|1024|0|detected|topk_resid|ward,p0_defect_discovery_mvtec,bottle,dinov2_s,1024,0,detected,topk_resid,ward,63,3,4,0,10,0.4268446331237668,0.0,0.3756176312911589,0.6984126984126984,0.04245935026670393,0.38438528285706286,2
p0_defect_discovery_mvtec|bottle|1024|0|detected|cls|kmeans,p0_defect_discovery_mvtec,bottle,dinov2_s,1024,0,detected,cls,kmeans,63,3,4,0,10,0.5536598787663259,0.06775101453474654,0.43296827835529655,0.7365079365079364,0.04816112734423217,0.5054987514220938,2
p0_defect_discovery_mvtec|bottle|1024|0|detected|cls|ward,p0_defect_discovery_mvtec,bottle,dinov2_s,1024,0,detected,cls,ward,63,3,4,0,10,0.6372371128906039,0.0,0.554066033358568,0.7936507936507936,0.04964415540222022,0.5875929574883837,2
p0_defect_discovery_mvtec|bottle|1024|0|detected|mask_feat|kmeans,p0_defect_discovery_mvtec,bottle,dinov2_s,1024,0,detected,mask_feat,kmeans,63,3,4,0,10,0.5062712234559166,0.037508090538458105,0.4366202406084582,0.7365079365079366,0.04606849753044975,0.46020272592546685,2
p0_defect_discovery_mvtec|bottle|1024|0|detected|mask_feat|ward,p0_defect_discovery_mvtec,bottle,dinov2_s,1024,0,detected,mask_feat,ward,63,3,4,0,10,0.523488212113354,0.0,0.4324331298633874,0.7301587301587301,0.046243641626011314,0.47724457048734265,2
p0_defect_discovery_mvtec|bottle|1024|1|oracle|topk_feat|kmeans,p0_defect_discovery_mvtec,bottle,dinov2_s,1024,1,oracle,topk_feat,kmeans,63,3,3,0,10,0.35079305057285237,0.06786762649266552,0.2764801511630733,0.5682539682539682,0.03541483358733224,0.31537821698552015,2
p0_defect_discovery_mvtec|bottle|1024|1|oracle|topk_feat|ward,p0_defect_discovery_mvtec,bottle,dinov2_s,1024,1,oracle,topk_feat,ward,63,3,3,0,10,0.3297022241680076,0.0,0.1464631205714188,0.47619047619047616,0.04242891304808967,0.28727331111991794,2
p0_defect_discovery_mvtec|bottle|1024|1|oracle|topk_resid|kmeans,p0_defect_discovery_mvtec,bottle,dinov2_s,1024,1,oracle,topk_resid,kmeans,63,3,3,0,10,0.25357564790948095,0.062476592297304484,0.15918861113178698,0.584126984126984,0.03899187220578425,0.2145837757036967,2
p0_defect_discovery_mvtec|bottle|1024|1|oracle|topk_resid|ward,p0_defect_discovery_mvtec,bottle,dinov2_s,1024,1,oracle,topk_resid,ward,63,3,3,0,10,0.48780811098831794,0.0,0.3049383896086993,0.5079365079365079,0.030640408260721175,0.45716770272759677,2
p0_defect_discovery_mvtec|bottle|1024|1|oracle|cls|kmeans,p0_defect_discovery_mvtec,bottle,dinov2_s,1024,1,oracle,cls,kmeans,63,3,3,0,10,0.6154815619004996,0.15103431239012538,0.5592257792109334,0.819047619047619,0.030536763478553514,0.5849447984219461,2
p0_defect_discovery_mvtec|bottle|1024|1|oracle|cls|ward,p0_defect_discovery_mvtec,bottle,dinov2_s,1024,1,oracle,cls,ward,63,3,3,0,10,0.4258631838335893,0.0,0.2516713218315469,0.6349206349206349,0.04528416958258844,0.3805790142510008,2
p0_defect_discovery_mvtec|bottle|1024|1|oracle|mask_feat|kmeans,p0_defect_discovery_mvtec,bottle,dinov2_s,1024,1,oracle,mask_feat,kmeans,63,3,3,0,10,0.48206874654294074,0.01781978419476529,0.31266872729464057,0.5587301587301587,0.03952244095588396,0.44254630558705677,2
p0_defect_discovery_mvtec|bottle|1024|1|oracle|mask_feat|ward,p0_defect_discovery_mvtec,bottle,dinov2_s,1024,1,oracle,mask_feat,ward,63,3,3,0,10,0.4949914664344572,0.0,0.3233981087788489,0.5555555555555556,0.03295345198417321,0.462038014450284,2
p0_defect_discovery_mvtec|bottle|1024|1|detected|topk_feat|kmeans,p0_defect_discovery_mvtec,bottle,dinov2_s,1024,1,detected,topk_feat,kmeans,63,3,4,0,10,0.3555895935793509,0.0464671653596566,0.24062442051255287,0.6031746031746031,0.04537101695263428,0.3102185766267166,2
p0_defect_discovery_mvtec|bottle|1024|1|detected|topk_feat|ward,p0_defect_discovery_mvtec,bottle,dinov2_s,1024,1,detected,topk_feat,ward,63,3,4,0,10,0.4391831748588734,0.0,0.31606482434533234,0.6666666666666666,0.04443185061982237,0.39475132423905107,2
p0_defect_discovery_mvtec|bottle|1024|1|detected|topk_resid|kmeans,p0_defect_discovery_mvtec,bottle,dinov2_s,1024,1,detected,topk_resid,kmeans,63,3,4,0,10,0.36068038381371814,0.042043563130431956,0.2611860886624913,0.5873015873015873,0.0464873925878876,0.31419299122583055,2
p0_defect_discovery_mvtec|bottle|1024|1|detected|topk_resid|ward,p0_defect_discovery_mvtec,bottle,dinov2_s,1024,1,detected,topk_resid,ward,63,3,4,0,10,0.470609587055701,0.0,0.3255171428231175,0.5714285714285714,0.03964316198485833,0.43096642507084265,2
p0_defect_discovery_mvtec|bottle|1024|1|detected|cls|kmeans,p0_defect_discovery_mvtec,bottle,dinov2_s,1024,1,detected,cls,kmeans,63,3,4,0,10,0.5546144220569131,0.0565483557304291,0.43756960365330666,0.7238095238095238,0.050282264161420176,0.5043321578954929,2
p0_defect_discovery_mvtec|bottle|1024|1|detected|cls|ward,p0_defect_discovery_mvtec,bottle,dinov2_s,1024,1,detected,cls,ward,63,3,4,0,10,0.6372371128906039,0.0,0.554066033358568,0.7936507936507936,0.036787867430420576,0.6004492454601833,2
p0_defect_discovery_mvtec|bottle|1024|1|detected|mask_feat|kmeans,p0_defect_discovery_mvtec,bottle,dinov2_s,1024,1,detected,mask_feat,kmeans,63,3,4,0,10,0.5209589532084166,0.04713306940316206,0.44986524442163384,0.7428571428571429,0.04861936792549906,0.47233958528291753,2
p0_defect_discovery_mvtec|bottle|1024|1|detected|mask_feat|ward,p0_defect_discovery_mvtec,bottle,dinov2_s,1024,1,detected,mask_feat,ward,63,3,4,0,10,0.523488212113354,0.0,0.4324331298633874,0.7301587301587301,0.038143508332356524,0.4853447037809974,2
p0_defect_discovery_mvtec|bottle|1024|2|oracle|topk_feat|kmeans,p0_defect_discovery_mvtec,bottle,dinov2_s,1024,2,oracle,topk_feat,kmeans,63,3,3,0,10,0.46299132681885835,0.027313334153418068,0.3672354055223604,0.5682539682539682,0.03542011136387756,0.4275712154549808,2
p0_defect_discovery_mvtec|bottle|1024|2|oracle|topk_feat|ward,p0_defect_discovery_mvtec,bottle,dinov2_s,1024,2,oracle,topk_feat,ward,63,3,3,0,10,0.4964641857501382,0.0,0.393999728494502,0.5873015873015873,0.03565607034657156,0.4608081154035666,2
p0_defect_discovery_mvtec|bottle|1024|2|oracle|topk_resid|kmeans,p0_defect_discovery_mvtec,bottle,dinov2_s,1024,2,oracle,topk_resid,kmeans,63,3,3,0,10,0.3450320055463349,0.029650030662638657,0.24264104459591956,0.5809523809523809,0.0338517491776683,0.3111802563686666,2
p0_defect_discovery_mvtec|bottle|1024|2|oracle|topk_resid|ward,p0_defect_discovery_mvtec,bottle,dinov2_s,1024,2,oracle,topk_resid,ward,63,3,3,0,10,0.41738681935469363,0.0,0.23280911833897144,0.49206349206349204,0.03410740390165731,0.38327941545303634,2
p0_defect_discovery_mvtec|bottle|1024|2|oracle|cls|kmeans,p0_defect_discovery_mvtec,bottle,dinov2_s,1024,2,oracle,cls,kmeans,63,3,3,0,10,0.6154815619004996,0.15103431239012538,0.5592257792109334,0.819047619047619,0.030536763478553514,0.5849447984219461,2
p0_defect_discovery_mvtec|bottle|1024|2|oracle|cls|ward,p0_defect_discovery_mvtec,bottle,dinov2_s,1024,2,oracle,cls,ward,63,3,3,0,10,0.4258631838335893,0.0,0.2516713218315469,0.6349206349206349,0.04528416958258844,0.3805790142510008,2
p0_defect_discovery_mvtec|bottle|1024|2|oracle|mask_feat|kmeans,p0_defect_discovery_mvtec,bottle,dinov2_s,1024,2,oracle,mask_feat,kmeans,63,3,3,0,10,0.48206874654294074,0.01781978419476529,0.31266872729464057,0.5587301587301587,0.03952244095588396,0.44254630558705677,2
p0_defect_discovery_mvtec|bottle|1024|2|oracle|mask_feat|ward,p0_defect_discovery_mvtec,bottle,dinov2_s,1024,2,oracle,mask_feat,ward,63,3,3,0,10,0.4949914664344572,0.0,0.3233981087788489,0.5555555555555556,0.03295345198417321,0.462038014450284,2
p0_defect_discovery_mvtec|bottle|1024|2|detected|topk_feat|kmeans,p0_defect_discovery_mvtec,bottle,dinov2_s,1024,2,detected,topk_feat,kmeans,63,3,4,0,10,0.3525571556754386,0.044386870867525,0.2683239018728531,0.6285714285714286,0.04266133533765441,0.3098958203377842,2
p0_defect_discovery_mvtec|bottle|1024|2|detected|topk_feat|ward,p0_defect_discovery_mvtec,bottle,dinov2_s,1024,2,detected,topk_feat,ward,63,3,4,0,10,0.4745340773917594,0.0,0.39455178802071783,0.6984126984126984,0.038127723400319335,0.43640635399144007,2
p0_defect_discovery_mvtec|bottle|1024|2|detected|topk_resid|kmeans,p0_defect_discovery_mvtec,bottle,dinov2_s,1024,2,detected,topk_resid,kmeans,63,3,4,0,10,0.3824563585644908,0.05601786325341725,0.28161339907042715,0.5968253968253968,0.04311326513441484,0.33934309343007596,2
p0_defect_discovery_mvtec|bottle|1024|2|detected|topk_resid|ward,p0_defect_discovery_mvtec,bottle,dinov2_s,1024,2,detected,topk_resid,ward,63,3,4,0,10,0.39872401050133977,0.0,0.29858388719713214,0.6349206349206349,0.03975711988105733,0.3589668906202824,2
p0_defect_discovery_mvtec|bottle|1024|2|detected|cls|kmeans,p0_defect_discovery_mvtec,bottle,dinov2_s,1024,2,detected,cls,kmeans,63,3,4,0,10,0.5166462433560295,0.059628220686785624,0.37916853226273006,0.7015873015873016,0.049903542960756865,0.4667427003952726,2
p0_defect_discovery_mvtec|bottle|1024|2|detected|cls|ward,p0_defect_discovery_mvtec,bottle,dinov2_s,1024,2,detected,cls,ward,63,3,4,0,10,0.6372371128906039,0.0,0.554066033358568,0.7936507936507936,0.05019109869168227,0.5870460141989217,2
p0_defect_discovery_mvtec|bottle|1024|2|detected|mask_feat|kmeans,p0_defect_discovery_mvtec,bottle,dinov2_s,1024,2,detected,mask_feat,kmeans,63,3,4,0,10,0.49009246095443365,0.013362203233590041,0.4171872539417321,0.7269841269841271,0.04453326028080905,0.4455592006736246,2
p0_defect_discovery_mvtec|bottle|1024|2|detected|mask_feat|ward,p0_defect_discovery_mvtec,bottle,dinov2_s,1024,2,detected,mask_feat,ward,63,3,4,0,10,0.523488212113354,0.0,0.4324331298633874,0.7301587301587301,0.04055971300005759,0.4829284991132964,2
p0_defect_discovery_mvtec|cable|1024|0|oracle|topk_feat|kmeans,p0_defect_discovery_mvtec,cable,dinov2_s,1024,0,oracle,topk_feat,kmeans,81,7,7,0,10,0.949761585271655,0.006928801169898741,0.925288627888796,0.9703703703703704,0.13994572273329423,0.8098158625383608,2
p0_defect_discovery_mvtec|cable|1024|0|oracle|topk_feat|ward,p0_defect_discovery_mvtec,cable,dinov2_s,1024,0,oracle,topk_feat,ward,81,7,7,0,10,0.9412755715739295,0.0,0.9063708826632282,0.9629629629629629,0.13764955668570716,0.8036260148882224,2
p0_defect_discovery_mvtec|cable|1024|0|oracle|topk_resid|kmeans,p0_defect_discovery_mvtec,cable,dinov2_s,1024,0,oracle,topk_resid,kmeans,81,7,7,0,10,0.8700040720197967,0.019170557263918062,0.810107696975631,0.9160493827160494,0.14033249432170325,0.7296715776980934,2
p0_defect_discovery_mvtec|cable|1024|0|oracle|topk_resid|ward,p0_defect_discovery_mvtec,cable,dinov2_s,1024,0,oracle,topk_resid,ward,81,7,7,0,10,0.8966243360265969,0.0,0.8301935706878673,0.9259259259259259,0.1413072407443817,0.7553170952822151,2
p0_defect_discovery_mvtec|cable|1024|0|oracle|cls|kmeans,p0_defect_discovery_mvtec,cable,dinov2_s,1024,0,oracle,cls,kmeans,81,7,7,0,10,0.5283414505464531,0.0460512984665765,0.3017055307557979,0.5382716049382715,0.1420964734044254,0.38624497714202766,2
p0_defect_discovery_mvtec|cable|1024|0|oracle|cls|ward,p0_defect_discovery_mvtec,cable,dinov2_s,1024,0,oracle,cls,ward,81,7,7,0,10,0.5305735826290366,0.0,0.3006005759790106,0.5061728395061729,0.13716303899100218,0.39341054363803446,2
p0_defect_discovery_mvtec|cable|1024|0|oracle|mask_feat|kmeans,p0_defect_discovery_mvtec,cable,dinov2_s,1024,0,oracle,mask_feat,kmeans,81,7,7,0,10,0.9909188269418919,0.011122120129137398,0.9867360974651209,0.9950617283950617,0.1397400507914179,0.851178776150474,2
p0_defect_discovery_mvtec|cable|1024|0|oracle|mask_feat|ward,p0_defect_discovery_mvtec,cable,dinov2_s,1024,0,oracle,mask_feat,ward,81,7,7,0,10,1.0,0.0,1.0,1.0,0.13760400360393626,0.8623959963960637,2
p0_defect_discovery_mvtec|cable|1024|0|detected|topk_feat|kmeans,p0_defect_discovery_mvtec,cable,dinov2_s,1024,0,detected,topk_feat,kmeans,70,7,8,1,10,0.8935401175193123,0.009334995374740656,0.8255805679237087,0.8714285714285713,0.18855144066433419,0.7049886768549781,2
p0_defect_discovery_mvtec|cable|1024|0|detected|topk_feat|ward,p0_defect_discovery_mvtec,cable,dinov2_s,1024,0,detected,topk_feat,ward,70,7,8,1,10,0.8964926603044074,0.0,0.8343588939622567,0.8857142857142857,0.1818520222852093,0.7146406380191981,2
p0_defect_discovery_mvtec|cable|1024|0|detected|topk_resid|kmeans,p0_defect_discovery_mvtec,cable,dinov2_s,1024,0,detected,topk_resid,kmeans,70,7,8,1,10,0.8949442451368406,0.021499760980116422,0.8246603115185366,0.8771428571428572,0.18531881304403947,0.709625432092801,2
p0_defect_discovery_mvtec|cable|1024|0|detected|topk_resid|ward,p0_defect_discovery_mvtec,cable,dinov2_s,1024,0,detected,topk_resid,ward,70,7,8,1,10,0.9284956285681502,0.0,0.880290310454839,0.9142857142857143,0.18138423092665967,0.7471113976414905,2
p0_defect_discovery_mvtec|cable|1024|0|detected|cls|kmeans,p0_defect_discovery_mvtec,cable,dinov2_s,1024,0,detected,cls,kmeans,70,7,8,1,10,0.6176175739081613,0.05653447831823678,0.4180139682341816,0.6514285714285714,0.1835926270271993,0.434024946880962,2
p0_defect_discovery_mvtec|cable|1024|0|detected|cls|ward,p0_defect_discovery_mvtec,cable,dinov2_s,1024,0,detected,cls,ward,70,7,8,1,10,0.6961237395912235,0.0,0.5077113146389609,0.7,0.18895706021825043,0.5071666793729731,2
p0_defect_discovery_mvtec|cable|1024|0|detected|mask_feat|kmeans,p0_defect_discovery_mvtec,cable,dinov2_s,1024,0,detected,mask_feat,kmeans,70,7,8,1,10,0.9271349423928127,0.021280651785751354,0.8835739725330338,0.8914285714285715,0.18354418516413884,0.7435907572286738,2
p0_defect_discovery_mvtec|cable|1024|0|detected|mask_feat|ward,p0_defect_discovery_mvtec,cable,dinov2_s,1024,0,detected,mask_feat,ward,70,7,8,1,10,0.9631333190155108,0.0,0.942544440116726,0.9428571428571428,0.17895578190005396,0.7841775371154569,2
p0_defect_discovery_mvtec|cable|1024|1|oracle|topk_feat|kmeans,p0_defect_discovery_mvtec,cable,dinov2_s,1024,1,oracle,topk_feat,kmeans,81,7,7,0,10,0.9453761342001854,0.008678537486355388,0.9195452126104684,0.9679012345679012,0.14091639328964084,0.8044597409105445,2
p0_defect_discovery_mvtec|cable|1024|1|oracle|topk_feat|ward,p0_defect_discovery_mvtec,cable,dinov2_s,1024,1,oracle,topk_feat,ward,81,7,7,0,10,0.9304789031550307,0.0,0.8778300356795329,0.9506172839506173,0.13933631884270758,0.7911425843123231,2
p0_defect_discovery_mvtec|cable|1024|1|oracle|topk_resid|kmeans,p0_defect_discovery_mvtec,cable,dinov2_s,1024,1,oracle,topk_resid,kmeans,81,7,7,0,10,0.8762196478993124,0.029443464355099543,0.8189693385488631,0.9209876543209876,0.14081812691790083,0.7354015209814115,2
p0_defect_discovery_mvtec|cable|1024|1|oracle|topk_resid|ward,p0_defect_discovery_mvtec,cable,dinov2_s,1024,1,oracle,topk_resid,ward,81,7,7,0,10,0.8966243360265969,0.0,0.8301935706878673,0.9259259259259259,0.1413072407443817,0.7553170952822151,2
p0_defect_discovery_mvtec|cable|1024|1|oracle|cls|kmeans,p0_defect_discovery_mvtec,cable,dinov2_s,1024,1,oracle,cls,kmeans,81,7,7,0,10,0.5283414505464531,0.0460512984665765,0.3017055307557979,0.5382716049382715,0.1420964734044254,0.38624497714202766,2
p0_defect_discovery_mvtec|cable|1024|1|oracle|cls|ward,p0_defect_discovery_mvtec,cable,dinov2_s,1024,1,oracle,cls,ward,81,7,7,0,10,0.5305735826290366,0.0,0.3006005759790106,0.5061728395061729,0.13716303899100218,0.39341054363803446,2
p0_defect_discovery_mvtec|cable|1024|1|oracle|mask_feat|kmeans,p0_defect_discovery_mvtec,cable,dinov2_s,1024,1,oracle,mask_feat,kmeans,81,7,7,0,10,0.9909188269418919,0.011122120129137398,0.9867360974651209,0.9950617283950617,0.1397400507914179,0.851178776150474,2
p0_defect_discovery_mvtec|cable|1024|1|oracle|mask_feat|ward,p0_defect_discovery_mvtec,cable,dinov2_s,1024,1,oracle,mask_feat,ward,81,7,7,0,10,1.0,0.0,1.0,1.0,0.13760400360393626,0.8623959963960637,2
p0_defect_discovery_mvtec|cable|1024|1|detected|topk_feat|kmeans,p0_defect_discovery_mvtec,cable,dinov2_s,1024,1,detected,topk_feat,kmeans,70,7,8,2,10,0.8953272253697728,0.005465634578133441,0.828174443368825,0.8600000000000001,0.1771910397277236,0.7181361856420492,2
p0_defect_discovery_mvtec|cable|1024|1|detected|topk_feat|ward,p0_defect_discovery_mvtec,cable,dinov2_s,1024,1,detected,topk_feat,ward,70,7,8,2,10,0.8884592459371601,0.0,0.800056771812795,0.8857142857142857,0.17503921231303937,0.7134200336241208,2
p0_defect_discovery_mvtec|cable|1024|1|detected|topk_resid|kmeans,p0_defect_discovery_mvtec,cable,dinov2_s,1024,1,detected,topk_resid,kmeans,70,7,8,2,10,0.888569159945004,0.008151655248668854,0.8164430615737193,0.8657142857142859,0.17740397866978816,0.7111651812752158,2
p0_defect_discovery_mvtec|cable|1024|1|detected|topk_resid|ward,p0_defect_discovery_mvtec,cable,dinov2_s,1024,1,detected,topk_resid,ward,70,7,8,2,10,0.9333327265837118,0.0,0.8820932952745861,0.9285714285714286,0.17479507580535056,0.7585376507783612,2
p0_defect_discovery_mvtec|cable|1024|1|detected|cls|kmeans,p0_defect_discovery_mvtec,cable,dinov2_s,1024,1,detected,cls,kmeans,70,7,8,2,10,0.6043616109638318,0.036389192220520686,0.4161631357595172,0.6399999999999999,0.1794264034009824,0.4249352075628494,2
p0_defect_discovery_mvtec|cable|1024|1|detected|cls|ward,p0_defect_discovery_mvtec,cable,dinov2_s,1024,1,detected,cls,ward,70,7,8,2,10,0.6870030253287338,0.0,0.4995187028023699,0.7,0.18214910751032948,0.5048539178184044,2
p0_defect_discovery_mvtec|cable|1024|1|detected|mask_feat|kmeans,p0_defect_discovery_mvtec,cable,dinov2_s,1024,1,detected,mask_feat,kmeans,70,7,8,2,10,0.9394840228836054,0.015979177386681934,0.9105215648648676,0.9142857142857143,0.17358903128470676,0.7658949915988986,2
p0_defect_discovery_mvtec|cable|1024|1|detected|mask_feat|ward,p0_defect_discovery_mvtec,cable,dinov2_s,1024,1,detected,mask_feat,ward,70,7,8,2,10,0.9589615584418028,0.0,0.9472880061115355,0.9428571428571428,0.1724923040036293,0.7864692544381735,2
p0_defect_discovery_mvtec|cable|1024|2|oracle|topk_feat|kmeans,p0_defect_discovery_mvtec,cable,dinov2_s,1024,2,oracle,topk_feat,kmeans,81,7,7,0,10,0.9510334766653358,0.008770902142939054,0.9321570427608469,0.9728395061728395,0.140572326559575,0.8104611501057608,2
p0_defect_discovery_mvtec|cable|1024|2|oracle|topk_feat|ward,p0_defect_discovery_mvtec,cable,dinov2_s,1024,2,oracle,topk_feat,ward,81,7,7,0,10,0.9554189277368054,0.0,0.9379004580391748,0.9753086419753086,0.13777767884740771,0.8176412488893976,2
p0_defect_discovery_mvtec|cable|1024|2|oracle|topk_resid|kmeans,p0_defect_discovery_mvtec,cable,dinov2_s,1024,2,oracle,topk_resid,kmeans,81,7,7,0,10,0.8805049995645057,0.0375721342634165,0.8351811621949838,0.9234567901234568,0.14027735968939234,0.7402276398751133,2
p0_defect_discovery_mvtec|cable|1024|2|oracle|topk_resid|ward,p0_defect_discovery_mvtec,cable,dinov2_s,1024,2,oracle,topk_resid,ward,81,7,7,0,10,0.9554189277368053,0.0,0.9379004580391748,0.9753086419753086,0.13777767884740771,0.8176412488893976,2
p0_defect_discovery_mvtec|cable|1024|2|oracle|cls|kmeans,p0_defect_discovery_mvtec,cable,dinov2_s,1024,2,oracle,cls,kmeans,81,7,7,0,10,0.5283414505464531,0.0460512984665765,0.3017055307557979,0.5382716049382715,0.1420964734044254,0.38624497714202766,2
p0_defect_discovery_mvtec|cable|1024|2|oracle|cls|ward,p0_defect_discovery_mvtec,cable,dinov2_s,1024,2,oracle,cls,ward,81,7,7,0,10,0.5305735826290366,0.0,0.3006005759790106,0.5061728395061729,0.13716303899100218,0.39341054363803446,2
p0_defect_discovery_mvtec|cable|1024|2|oracle|mask_feat|kmeans,p0_defect_discovery_mvtec,cable,dinov2_s,1024,2,oracle,mask_feat,kmeans,81,7,7,0,10,0.9909188269418919,0.011122120129137398,0.9867360974651209,0.9950617283950617,0.1397400507914179,0.851178776150474,2
p0_defect_discovery_mvtec|cable|1024|2|oracle|mask_feat|ward,p0_defect_discovery_mvtec,cable,dinov2_s,1024,2,oracle,mask_feat,ward,81,7,7,0,10,1.0,0.0,1.0,1.0,0.13760400360393626,0.8623959963960637,2
p0_defect_discovery_mvtec|cable|1024|2|detected|topk_feat|kmeans,p0_defect_discovery_mvtec,cable,dinov2_s,1024,2,detected,topk_feat,kmeans,70,7,8,2,10,0.9046524250114011,0.006725290374044841,0.8366326755580952,0.8657142857142857,0.17754751214832937,0.7271049128630718,2
p0_defect_discovery_mvtec|cable|1024|2|detected|topk_feat|ward,p0_defect_discovery_mvtec,cable,dinov2_s,1024,2,detected,topk_feat,ward,70,7,8,2,10,0.9073990506399238,0.0,0.8462738371547843,0.8857142857142857,0.1763806733821543,0.7310183772577694,2
p0_defect_discovery_mvtec|cable|1024|2|detected|topk_resid|kmeans,p0_defect_discovery_mvtec,cable,dinov2_s,1024,2,detected,topk_resid,kmeans,70,7,8,2,10,0.886424398165141,0.028050151293764484,0.8268079985901554,0.8657142857142859,0.17968573810827926,0.7067386600568617,2
p0_defect_discovery_mvtec|cable|1024|2|detected|topk_resid|ward,p0_defect_discovery_mvtec,cable,dinov2_s,1024,2,detected,topk_resid,ward,70,7,8,2,10,0.9499963558643717,0.0,0.9217671437856556,0.9428571428571428,0.1758998812053026,0.7740964746590691,2
p0_defect_discovery_mvtec|cable|1024|2|detected|cls|kmeans,p0_defect_discovery_mvtec,cable,dinov2_s,1024,2,detected,cls,kmeans,70,7,8,2,10,0.6371875117611735,0.055773705127268716,0.4375171925912914,0.6628571428571428,0.1797757168596163,0.4574117949015572,2
p0_defect_discovery_mvtec|cable|1024|2|detected|cls|ward,p0_defect_discovery_mvtec,cable,dinov2_s,1024,2,detected,cls,ward,70,7,8,2,10,0.6294045038964732,0.0,0.3823732333711906,0.5428571428571428,0.1792761333402491,0.45012837055622407,2
p0_defect_discovery_mvtec|cable|1024|2|detected|mask_feat|kmeans,p0_defect_discovery_mvtec,cable,dinov2_s,1024,2,detected,mask_feat,kmeans,70,7,8,2,10,0.9361035065115855,0.017878166855109838,0.9037824092834936,0.9,0.17582362225058387,0.7602798842610016,2
p0_defect_discovery_mvtec|cable|1024|2|detected|mask_feat|ward,p0_defect_discovery_mvtec,cable,dinov2_s,1024,2,detected,mask_feat,ward,70,7,8,2,10,0.957687875176457,0.0,0.9409713452341185,0.9428571428571428,0.16930651918828776,0.7883813559881693,2
p0_defect_discovery_mvtec|capsule|1024|0|oracle|topk_feat|kmeans,p0_defect_discovery_mvtec,capsule,dinov2_s,1024,0,oracle,topk_feat,kmeans,109,5,5,0,10,0.529314957819519,0.041644441016005604,0.3629362287839429,0.544954128440367,0.053072023096506896,0.4762429347230121,2
p0_defect_discovery_mvtec|capsule|1024|0|oracle|topk_feat|ward,p0_defect_discovery_mvtec,capsule,dinov2_s,1024,0,oracle,topk_feat,ward,109,5,5,0,10,0.5367466300118485,0.0,0.35552584506654505,0.48623853211009177,0.05489401730639879,0.4818526127054497,2
p0_defect_discovery_mvtec|capsule|1024|0|oracle|topk_resid|kmeans,p0_defect_discovery_mvtec,capsule,dinov2_s,1024,0,oracle,topk_resid,kmeans,109,5,5,0,10,0.5120831804518364,0.048928529572128815,0.380935176033379,0.6073394495412845,0.04748367183944766,0.46459950861238875,2
p0_defect_discovery_mvtec|capsule|1024|0|oracle|topk_resid|ward,p0_defect_discovery_mvtec,capsule,dinov2_s,1024,0,oracle,topk_resid,ward,109,5,5,0,10,0.6267325739858309,0.0,0.44164735389128423,0.6422018348623854,0.04958388692393062,0.5771486870619003,2
p0_defect_discovery_mvtec|capsule|1024|0|oracle|cls|kmeans,p0_defect_discovery_mvtec,capsule,dinov2_s,1024,0,oracle,cls,kmeans,109,5,5,0,10,0.3131102995175047,0.023192795610050134,0.1374163095238261,0.3889908256880734,0.051611317059784056,0.26149898245772063,2
p0_defect_discovery_mvtec|capsule|1024|0|oracle|cls|ward,p0_defect_discovery_mvtec,capsule,dinov2_s,1024,0,oracle,cls,ward,109,5,5,0,10,0.2312881817651556,0.0,0.07774033367135622,0.3577981651376147,0.04890211362627277,0.1823860681388828,2
p0_defect_discovery_mvtec|capsule|1024|0|oracle|mask_feat|kmeans,p0_defect_discovery_mvtec,capsule,dinov2_s,1024,0,oracle,mask_feat,kmeans,109,5,5,0,10,0.6508807023267298,0.025947560137022325,0.5334036731941094,0.744954128440367,0.049146021299132564,0.6017346810275972,2
p0_defect_discovery_mvtec|capsule|1024|0|oracle|mask_feat|ward,p0_defect_discovery_mvtec,capsule,dinov2_s,1024,0,oracle,mask_feat,ward,109,5,5,0,10,0.67760514538158,0.0,0.5429681165687281,0.7522935779816514,0.05093775873259977,0.6266673866489803,2
p0_defect_discovery_mvtec|capsule|1024|0|detected|topk_feat|kmeans,p0_defect_discovery_mvtec,capsule,dinov2_s,1024,0,detected,topk_feat,kmeans,109,5,6,3,10,0.518009309598828,0.0304090721153634,0.3553787996281131,0.5633027522935781,0.07506091389767897,0.44294839570114897,2
p0_defect_discovery_mvtec|capsule|1024|0|detected|topk_feat|ward,p0_defect_discovery_mvtec,capsule,dinov2_s,1024,0,detected,topk_feat,ward,109,5,6,3,10,0.5443374786942269,0.0,0.4058673715548218,0.5871559633027523,0.07628921878255068,0.4680482599116762,2
p0_defect_discovery_mvtec|capsule|1024|0|detected|topk_resid|kmeans,p0_defect_discovery_mvtec,capsule,dinov2_s,1024,0,detected,topk_resid,kmeans,109,5,6,3,10,0.5482936099216572,0.0575362412521914,0.3892464424599798,0.581651376146789,0.07494455896689636,0.4733490509547609,2
p0_defect_discovery_mvtec|capsule|1024|0|detected|topk_resid|ward,p0_defect_discovery_mvtec,capsule,dinov2_s,1024,0,detected,topk_resid,ward,109,5,6,3,10,0.5993098813140496,0.0,0.4326597198524557,0.6238532110091743,0.07607540845900626,0.5232344728550433,2
p0_defect_discovery_mvtec|capsule|1024|0|detected|cls|kmeans,p0_defect_discovery_mvtec,capsule,dinov2_s,1024,0,detected,cls,kmeans,109,5,6,3,10,0.33572343804575755,0.013299177518062342,0.13941849346492524,0.3908256880733946,0.078381588094703,0.2573418499510546,2
p0_defect_discovery_mvtec|capsule|1024|0|detected|cls|ward,p0_defect_discovery_mvtec,capsule,dinov2_s,1024,0,detected,cls,ward,109,5,6,3,10,0.3333136971458754,0.0,0.12568139823688046,0.3577981651376147,0.08257267134597567,0.2507410257998997,2
p0_defect_discovery_mvtec|capsule|1024|0|detected|mask_feat|kmeans,p0_defect_discovery_mvtec,capsule,dinov2_s,1024,0,detected,mask_feat,kmeans,109,5,6,3,10,0.6075253805361202,0.01955079078762645,0.4882862429633672,0.6770642201834862,0.07222752315246184,0.5352978573836583,2
p0_defect_discovery_mvtec|capsule|1024|0|detected|mask_feat|ward,p0_defect_discovery_mvtec,capsule,dinov2_s,1024,0,detected,mask_feat,ward,109,5,6,3,10,0.64543551694245,0.0,0.471691482224271,0.6697247706422018,0.07732149098963013,0.5681140259528199,2
p0_defect_discovery_mvtec|capsule|1024|1|oracle|topk_feat|kmeans,p0_defect_discovery_mvtec,capsule,dinov2_s,1024,1,oracle,topk_feat,kmeans,109,5,5,0,10,0.527661021385511,0.03206184080655362,0.3659502007678944,0.5853211009174313,0.052344308073208154,0.4753167133123028,2
p0_defect_discovery_mvtec|capsule|1024|1|oracle|topk_feat|ward,p0_defect_discovery_mvtec,capsule,dinov2_s,1024,1,oracle,topk_feat,ward,109,5,5,0,10,0.5250105887896183,0.0,0.3249040060548503,0.5321100917431193,0.05767988277400178,0.4673307060156165,2
p0_defect_discovery_mvtec|capsule|1024|1|oracle|topk_resid|kmeans,p0_defect_discovery_mvtec,capsule,dinov2_s,1024,1,oracle,topk_resid,kmeans,109,5,5,0,10,0.511127141220951,0.04000332316297375,0.39439696990421214,0.6256880733944954,0.050269490448726264,0.4608576507722248,2
p0_defect_discovery_mvtec|capsule|1024|1|oracle|topk_resid|ward,p0_defect_discovery_mvtec,capsule,dinov2_s,1024,1,oracle,topk_resid,ward,109,5,5,0,10,0.5345435568529648,0.0,0.43924919249630096,0.6697247706422018,0.04550225608658552,0.4890413007663793,2
p0_defect_discovery_mvtec|capsule|1024|1|oracle|cls|kmeans,p0_defect_discovery_mvtec,capsule,dinov2_s,1024,1,oracle,cls,kmeans,109,5,5,0,10,0.3131102995175047,0.023192795610050134,0.1374163095238261,0.3889908256880734,0.051611317059784056,0.26149898245772063,2
p0_defect_discovery_mvtec|capsule|1024|1|oracle|cls|ward,p0_defect_discovery_mvtec,capsule,dinov2_s,1024,1,oracle,cls,ward,109,5,5,0,10,0.2312881817651556,0.0,0.07774033367135622,0.3577981651376147,0.04890211362627277,0.1823860681388828,2
p0_defect_discovery_mvtec|capsule|1024|1|oracle|mask_feat|kmeans,p0_defect_discovery_mvtec,capsule,dinov2_s,1024,1,oracle,mask_feat,kmeans,109,5,5,0,10,0.6508807023267298,0.025947560137022325,0.5334036731941094,0.744954128440367,0.049146021299132564,0.6017346810275972,2
p0_defect_discovery_mvtec|capsule|1024|1|oracle|mask_feat|ward,p0_defect_discovery_mvtec,capsule,dinov2_s,1024,1,oracle,mask_feat,ward,109,5,5,0,10,0.67760514538158,0.0,0.5429681165687281,0.7522935779816514,0.05093775873259977,0.6266673866489803,2
p0_defect_discovery_mvtec|capsule|1024|1|detected|topk_feat|kmeans,p0_defect_discovery_mvtec,capsule,dinov2_s,1024,1,detected,topk_feat,kmeans,109,5,6,3,10,0.5805275468142941,0.021265486289981116,0.43236420038653833,0.636697247706422,0.07737557919791768,0.5031519676163764,2
p0_defect_discovery_mvtec|capsule|1024|1|detected|topk_feat|ward,p0_defect_discovery_mvtec,capsule,dinov2_s,1024,1,detected,topk_feat,ward,109,5,6,3,10,0.5809653720243705,0.0,0.40735483720935717,0.6146788990825688,0.08485349750040726,0.4961118745239632,2
p0_defect_discovery_mvtec|capsule|1024|1|detected|topk_resid|kmeans,p0_defect_discovery_mvtec,capsule,dinov2_s,1024,1,detected,topk_resid,kmeans,109,5,6,3,10,0.5059669252564895,0.03418989097758139,0.36809681846274633,0.581651376146789,0.07523789423546397,0.4307290310210255,2
p0_defect_discovery_mvtec|capsule|1024|1|detected|topk_resid|ward,p0_defect_discovery_mvtec,capsule,dinov2_s,1024,1,detected,topk_resid,ward,109,5,6,3,10,0.5280671071231422,0.0,0.3737225455035821,0.5779816513761468,0.07510923188107578,0.45295787524206643,2
p0_defect_discovery_mvtec|capsule|1024|1|detected|cls|kmeans,p0_defect_discovery_mvtec,capsule,dinov2_s,1024,1,detected,cls,kmeans,109,5,6,3,10,0.32030623561158916,0.014815220725295125,0.12316307994883387,0.3871559633027523,0.07850392167238264,0.24180231393920654,2
p0_defect_discovery_mvtec|capsule|1024|1|detected|cls|ward,p0_defect_discovery_mvtec,capsule,dinov2_s,1024,1,detected,cls,ward,109,5,6,3,10,0.3333136971458754,0.0,0.12568139823688046,0.3577981651376147,0.08338383852385965,0.24992985862201572,2
p0_defect_discovery_mvtec|capsule|1024|1|detected|mask_feat|kmeans,p0_defect_discovery_mvtec,capsule,dinov2_s,1024,1,detected,mask_feat,kmeans,109,5,6,3,10,0.6299874735512357,0.017532690384685856,0.5141128252932367,0.6844036697247706,0.07507274689952385,0.5549147266517119,2
p0_defect_discovery_mvtec|capsule|1024|1|detected|mask_feat|ward,p0_defect_discovery_mvtec,capsule,dinov2_s,1024,1,detected,mask_feat,ward,109,5,6,3,10,0.6426868258979451,0.0,0.46466575716234654,0.6697247706422018,0.08077512392949714,0.561911701968448,2
p0_defect_discovery_mvtec|capsule|1024|2|oracle|topk_feat|kmeans,p0_defect_discovery_mvtec,capsule,dinov2_s,1024,2,oracle,topk_feat,kmeans,109,5,5,0,10,0.5122196857510726,0.03347968656658492,0.33497376537157125,0.5266055045871559,0.05373339823991713,0.45848628751115544,2
p0_defect_discovery_mvtec|capsule|1024|2|oracle|topk_feat|ward,p0_defect_discovery_mvtec,capsule,dinov2_s,1024,2,oracle,topk_feat,ward,109,5,5,0,10,0.614812771205102,0.0,0.5310550108485401,0.7339449541284404,0.04606647924425361,0.5687462919608484,2
p0_defect_discovery_mvtec|capsule|1024|2|oracle|topk_resid|kmeans,p0_defect_discovery_mvtec,capsule,dinov2_s,1024,2,oracle,topk_resid,kmeans,109,5,5,0,10,0.506775610222649,0.026005174673763044,0.354235823580245,0.5706422018348624,0.05082958169592048,0.45594602852672855,2
p0_defect_discovery_mvtec|capsule|1024|2|oracle|topk_resid|ward,p0_defect_discovery_mvtec,capsule,dinov2_s,1024,2,oracle,topk_resid,ward,109,5,5,0,10,0.5175594614162637,0.0,0.33687946883830994,0.5321100917431193,0.052359666883603204,0.4651997945326605,2
p0_defect_discovery_mvtec|capsule|1024|2|oracle|cls|kmeans,p0_defect_discovery_mvtec,capsule,dinov2_s,1024,2,oracle,cls,kmeans,109,5,5,0,10,0.3131102995175047,0.023192795610050134,0.1374163095238261,0.3889908256880734,0.051611317059784056,0.26149898245772063,2
p0_defect_discovery_mvtec|capsule|1024|2|oracle|cls|ward,p0_defect_discovery_mvtec,capsule,dinov2_s,1024,2,oracle,cls,ward,109,5,5,0,10,0.2312881817651556,0.0,0.07774033367135622,0.3577981651376147,0.04890211362627277,0.1823860681388828,2
p0_defect_discovery_mvtec|capsule|1024|2|oracle|mask_feat|kmeans,p0_defect_discovery_mvtec,capsule,dinov2_s,1024,2,oracle,mask_feat,kmeans,109,5,5,0,10,0.6508807023267298,0.025947560137022325,0.5334036731941094,0.744954128440367,0.049146021299132564,0.6017346810275972,2
p0_defect_discovery_mvtec|capsule|1024|2|oracle|mask_feat|ward,p0_defect_discovery_mvtec,capsule,dinov2_s,1024,2,oracle,mask_feat,ward,109,5,5,0,10,0.67760514538158,0.0,0.5429681165687281,0.7522935779816514,0.05093775873259977,0.6266673866489803,2
p0_defect_discovery_mvtec|capsule|1024|2|detected|topk_feat|kmeans,p0_defect_discovery_mvtec,capsule,dinov2_s,1024,2,detected,topk_feat,kmeans,109,5,6,3,10,0.5577954827487396,0.03445661977320832,0.4107976654606217,0.6146788990825688,0.07743578885429277,0.4803596938944468,2
p0_defect_discovery_mvtec|capsule|1024|2|detected|topk_feat|ward,p0_defect_discovery_mvtec,capsule,dinov2_s,1024,2,detected,topk_feat,ward,109,5,6,3,10,0.5660824120935504,0.0,0.43048245297801874,0.6238532110091743,0.0815704000328426,0.48451201206070776,2
p0_defect_discovery_mvtec|capsule|1024|2|detected|topk_resid|kmeans,p0_defect_discovery_mvtec,capsule,dinov2_s,1024,2,detected,topk_resid,kmeans,109,5,6,3,10,0.4979700389966279,0.035554433873015025,0.3408001945272619,0.5798165137614679,0.0778792943397305,0.4200907446568974,2
p0_defect_discovery_mvtec|capsule|1024|2|detected|topk_resid|ward,p0_defect_discovery_mvtec,capsule,dinov2_s,1024,2,detected,topk_resid,ward,109,5,6,3,10,0.46095543355591995,0.0,0.27139407802770366,0.44954128440366975,0.08188014089287249,0.37907529266304746,2
p0_defect_discovery_mvtec|capsule|1024|2|detected|cls|kmeans,p0_defect_discovery_mvtec,capsule,dinov2_s,1024,2,detected,cls,kmeans,109,5,6,3,10,0.33540267694294074,0.02568763493497734,0.1508391347548546,0.4238532110091743,0.07842005830037604,0.25698261864256466,2
p0_defect_discovery_mvtec|capsule|1024|2|detected|cls|ward,p0_defect_discovery_mvtec,capsule,dinov2_s,1024,2,detected,cls,ward,109,5,6,3,10,0.32947624655837,0.0,0.11937275144689505,0.3486238532110092,0.08748761825631127,0.24198862830205872,2
p0_defect_discovery_mvtec|capsule|1024|2|detected|mask_feat|kmeans,p0_defect_discovery_mvtec,capsule,dinov2_s,1024,2,detected,mask_feat,kmeans,109,5,6,3,10,0.5961599916935176,0.011674528389387748,0.45905420307288364,0.6495412844036698,0.07519563955464968,0.5209643521388679,2
p0_defect_discovery_mvtec|capsule|1024|2|detected|mask_feat|ward,p0_defect_discovery_mvtec,capsule,dinov2_s,1024,2,detected,mask_feat,ward,109,5,6,3,10,0.6461413660754174,0.0,0.5261591997434806,0.7064220183486238,0.08471672722731312,0.5614246388481042,2
p0_defect_discovery_mvtec|carpet|1024|0|oracle|topk_feat|kmeans,p0_defect_discovery_mvtec,carpet,dinov2_s,1024,0,oracle,topk_feat,kmeans,89,5,5,0,10,0.7561795786538967,0.015672422882106643,0.6932469314165127,0.8561797752808988,0.05829942165224918,0.6978801570016475,2
p0_defect_discovery_mvtec|carpet|1024|0|oracle|topk_feat|ward,p0_defect_discovery_mvtec,carpet,dinov2_s,1024,0,oracle,topk_feat,ward,89,5,5,0,10,0.7349285574987663,0.0,0.6564994086034309,0.797752808988764,0.060559842388318144,0.6743687151104482,2
p0_defect_discovery_mvtec|carpet|1024|0|oracle|topk_resid|kmeans,p0_defect_discovery_mvtec,carpet,dinov2_s,1024,0,oracle,topk_resid,kmeans,89,5,5,0,10,0.6549255344616263,0.011622596657148015,0.5653632593719666,0.7483146067415729,0.0603776122572955,0.5945479222043307,2
p0_defect_discovery_mvtec|carpet|1024|0|oracle|topk_resid|ward,p0_defect_discovery_mvtec,carpet,dinov2_s,1024,0,oracle,topk_resid,ward,89,5,5,0,10,0.7484350382591852,0.0,0.6166295833223043,0.6853932584269663,0.05770070592935247,0.6907343323298327,2
p0_defect_discovery_mvtec|carpet|1024|0|oracle|cls|kmeans,p0_defect_discovery_mvtec,carpet,dinov2_s,1024,0,oracle,cls,kmeans,89,5,5,0,10,0.7159262957070199,0.018376754554784266,0.5764346919449791,0.6696629213483146,0.06584844976902121,0.6500778459379988,2
p0_defect_discovery_mvtec|carpet|1024|0|oracle|cls|ward,p0_defect_discovery_mvtec,carpet,dinov2_s,1024,0,oracle,cls,ward,89,5,5,0,10,0.6910235020155998,0.0,0.5654156000987107,0.6629213483146067,0.06944179283777577,0.6215817091778241,2
p0_defect_discovery_mvtec|carpet|1024|0|oracle|mask_feat|kmeans,p0_defect_discovery_mvtec,carpet,dinov2_s,1024,0,oracle,mask_feat,kmeans,89,5,5,0,10,0.7786617000497028,0.010109748773258289,0.7204274096157023,0.8696629213483146,0.06005196678090209,0.7186097332688007,2
p0_defect_discovery_mvtec|carpet|1024|0|oracle|mask_feat|ward,p0_defect_discovery_mvtec,carpet,dinov2_s,1024,0,oracle,mask_feat,ward,89,5,5,0,10,0.741871662922347,0.0,0.5847692399729411,0.6741573033707865,0.0598744040667429,0.681997258855604,2
p0_defect_discovery_mvtec|carpet|1024|0|detected|topk_feat|kmeans,p0_defect_discovery_mvtec,carpet,dinov2_s,1024,0,detected,topk_feat,kmeans,89,5,6,0,10,0.7245142618185177,0.022638447148493335,0.6220345851134,0.7595505617977528,0.07416999025908705,0.6503442715594308,2
p0_defect_discovery_mvtec|carpet|1024|0|detected|topk_feat|ward,p0_defect_discovery_mvtec,carpet,dinov2_s,1024,0,detected,topk_feat,ward,89,5,6,0,10,0.7113799025709114,0.0,0.5971494229987473,0.7078651685393258,0.07985339587390841,0.631526506697003,2
p0_defect_discovery_mvtec|carpet|1024|0|detected|topk_resid|kmeans,p0_defect_discovery_mvtec,carpet,dinov2_s,1024,0,detected,topk_resid,kmeans,89,5,6,0,10,0.6403875939856645,0.01019961853852743,0.5148438166049225,0.6764044943820225,0.0741847206029443,0.5662028733827201,2
p0_defect_discovery_mvtec|carpet|1024|0|detected|topk_resid|ward,p0_defect_discovery_mvtec,carpet,dinov2_s,1024,0,detected,topk_resid,ward,89,5,6,0,10,0.7026675832753373,0.0,0.5858458022089825,0.6853932584269663,0.0706960193492799,0.6319715639260574,2
p0_defect_discovery_mvtec|carpet|1024|0|detected|cls|kmeans,p0_defect_discovery_mvtec,carpet,dinov2_s,1024,0,detected,cls,kmeans,89,5,6,0,10,0.712304717675855,0.03068724662656392,0.5768490878386043,0.7168539325842695,0.0749742136720142,0.6373305040038408,2
p0_defect_discovery_mvtec|carpet|1024|0|detected|cls|ward,p0_defect_discovery_mvtec,carpet,dinov2_s,1024,0,detected,cls,ward,89,5,6,0,10,0.6762569653620762,0.0,0.5109905352353256,0.5842696629213483,0.08128127704178435,0.5949756883202919,2
p0_defect_discovery_mvtec|carpet|1024|0|detected|mask_feat|kmeans,p0_defect_discovery_mvtec,carpet,dinov2_s,1024,0,detected,mask_feat,kmeans,89,5,6,0,10,0.7602413415736706,0.041497485675998674,0.6637483825320242,0.7910112359550562,0.07457380290514877,0.6856675386685218,2
p0_defect_discovery_mvtec|carpet|1024|0|detected|mask_feat|ward,p0_defect_discovery_mvtec,carpet,dinov2_s,1024,0,detected,mask_feat,ward,89,5,6,0,10,0.7137910277645811,0.0,0.6075980667841451,0.7528089887640449,0.06687322061635884,0.6469178071482223,2
p0_defect_discovery_mvtec|carpet|1024|1|oracle|topk_feat|kmeans,p0_defect_discovery_mvtec,carpet,dinov2_s,1024,1,oracle,topk_feat,kmeans,89,5,5,0,10,0.7398658530101676,0.015125919085727175,0.6613485377425944,0.8337078651685392,0.060121137374814546,0.6797447156353531,2
p0_defect_discovery_mvtec|carpet|1024|1|oracle|topk_feat|ward,p0_defect_discovery_mvtec,carpet,dinov2_s,1024,1,oracle,topk_feat,ward,89,5,5,0,10,0.7349285574987663,0.0,0.6564994086034309,0.797752808988764,0.060559842388318144,0.6743687151104482,2
p0_defect_discovery_mvtec|carpet|1024|1|oracle|topk_resid|kmeans,p0_defect_discovery_mvtec,carpet,dinov2_s,1024,1,oracle,topk_resid,kmeans,89,5,5,0,10,0.7185084064399769,0.020728410766050438,0.6331648163898776,0.8089887640449437,0.06280478345168172,0.6557036229882952,2
p0_defect_discovery_mvtec|carpet|1024|1|oracle|topk_resid|ward,p0_defect_discovery_mvtec,carpet,dinov2_s,1024,1,oracle,topk_resid,ward,89,5,5,0,10,0.636551591569689,0.0,0.5370416382799663,0.7528089887640449,0.0652653198366285,0.5712862717330605,2
p0_defect_discovery_mvtec|carpet|1024|1|oracle|cls|kmeans,p0_defect_discovery_mvtec,carpet,dinov2_s,1024,1,oracle,cls,kmeans,89,5,5,0,10,0.7159262957070199,0.018376754554784266,0.5764346919449791,0.6696629213483146,0.06584844976902121,0.6500778459379988,2
p0_defect_discovery_mvtec|carpet|1024|1|oracle|cls|ward,p0_defect_discovery_mvtec,carpet,dinov2_s,1024,1,oracle,cls,ward,89,5,5,0,10,0.6910235020155998,0.0,0.5654156000987107,0.6629213483146067,0.06944179283777577,0.6215817091778241,2
p0_defect_discovery_mvtec|carpet|1024|1|oracle|mask_feat|kmeans,p0_defect_discovery_mvtec,carpet,dinov2_s,1024,1,oracle,mask_feat,kmeans,89,5,5,0,10,0.7786617000497028,0.010109748773258289,0.7204274096157023,0.8696629213483146,0.06005196678090209,0.7186097332688007,2
p0_defect_discovery_mvtec|carpet|1024|1|oracle|mask_feat|ward,p0_defect_discovery_mvtec,carpet,dinov2_s,1024,1,oracle,mask_feat,ward,89,5,5,0,10,0.741871662922347,0.0,0.5847692399729411,0.6741573033707865,0.0598744040667429,0.681997258855604,2
p0_defect_discovery_mvtec|carpet|1024|1|detected|topk_feat|kmeans,p0_defect_discovery_mvtec,carpet,dinov2_s,1024,1,detected,topk_feat,kmeans,89,5,6,0,10,0.7078566795197986,0.022843028627376354,0.5904076901498749,0.7393258426966292,0.07615872388130222,0.6316979556384964,2
p0_defect_discovery_mvtec|carpet|1024|1|detected|topk_feat|ward,p0_defect_discovery_mvtec,carpet,dinov2_s,1024,1,detected,topk_feat,ward,89,5,6,0,10,0.7113799025709114,0.0,0.5971494229987473,0.7078651685393258,0.08648766450383207,0.6248922380670794,2
p0_defect_discovery_mvtec|carpet|1024|1|detected|topk_resid|kmeans,p0_defect_discovery_mvtec,carpet,dinov2_s,1024,1,detected,topk_resid,kmeans,89,5,6,0,10,0.7090161627407789,0.011783610734042915,0.6357942192142845,0.7730337078651686,0.07775791713728306,0.6312582456034959,2
p0_defect_discovery_mvtec|carpet|1024|1|detected|topk_resid|ward,p0_defect_discovery_mvtec,carpet,dinov2_s,1024,1,detected,topk_resid,ward,89,5,6,0,10,0.622511210675702,0.0,0.468555263108324,0.6629213483146067,0.08426745057153093,0.5382437601041711,2
p0_defect_discovery_mvtec|carpet|1024|1|detected|cls|kmeans,p0_defect_discovery_mvtec,carpet,dinov2_s,1024,1,detected,cls,kmeans,89,5,6,0,10,0.7221451730315507,0.024320062746998522,0.5907806647491679,0.69438202247191,0.07813714436114305,0.6440080286704076,2
p0_defect_discovery_mvtec|carpet|1024|1|detected|cls|ward,p0_defect_discovery_mvtec,carpet,dinov2_s,1024,1,detected,cls,ward,89,5,6,0,10,0.6762569653620762,0.0,0.5109905352353256,0.5842696629213483,0.08982502957634114,0.586431935785735,2
p0_defect_discovery_mvtec|carpet|1024|1|detected|mask_feat|kmeans,p0_defect_discovery_mvtec,carpet,dinov2_s,1024,1,detected,mask_feat,kmeans,89,5,6,0,10,0.7585387210967915,0.02170466705714263,0.6720859520831376,0.7887640449438201,0.07678888416962633,0.6817498369271652,2
p0_defect_discovery_mvtec|carpet|1024|1|detected|mask_feat|ward,p0_defect_discovery_mvtec,carpet,dinov2_s,1024,1,detected,mask_feat,ward,89,5,6,0,10,0.7137910277645811,0.0,0.6075980667841451,0.7528089887640449,0.07996962545014051,0.6338214023144406,2
p0_defect_discovery_mvtec|carpet|1024|2|oracle|topk_feat|kmeans,p0_defect_discovery_mvtec,carpet,dinov2_s,1024,2,oracle,topk_feat,kmeans,89,5,5,0,10,0.7573784199445474,0.012196190048242727,0.6890274606376063,0.8539325842696629,0.05810598456169328,0.6992724353828541,2
p0_defect_discovery_mvtec|carpet|1024|2|oracle|topk_feat|ward,p0_defect_discovery_mvtec,carpet,dinov2_s,1024,2,oracle,topk_feat,ward,89,5,5,0,10,0.6902922144859059,0.0,0.5715810483397552,0.7528089887640449,0.06208373518848139,0.6282084792974245,2
p0_defect_discovery_mvtec|carpet|1024|2|oracle|topk_resid|kmeans,p0_defect_discovery_mvtec,carpet,dinov2_s,1024,2,oracle,topk_resid,kmeans,89,5,5,0,10,0.7458709067132906,0.013863082766436144,0.6780489076021575,0.8471910112359551,0.059279469452864345,0.6865914372604263,2
p0_defect_discovery_mvtec|carpet|1024|2|oracle|topk_resid|ward,p0_defect_discovery_mvtec,carpet,dinov2_s,1024,2,oracle,topk_resid,ward,89,5,5,0,10,0.7544286178334987,0.0,0.6851126733451899,0.8426966292134831,0.06421803200362276,0.6902105858298759,2
p0_defect_discovery_mvtec|carpet|1024|2|oracle|cls|kmeans,p0_defect_discovery_mvtec,carpet,dinov2_s,1024,2,oracle,cls,kmeans,89,5,5,0,10,0.7159262957070199,0.018376754554784266,0.5764346919449791,0.6696629213483146,0.06584844976902121,0.6500778459379988,2
p0_defect_discovery_mvtec|carpet|1024|2|oracle|cls|ward,p0_defect_discovery_mvtec,carpet,dinov2_s,1024,2,oracle,cls,ward,89,5,5,0,10,0.6910235020155998,0.0,0.5654156000987107,0.6629213483146067,0.06944179283777577,0.6215817091778241,2
p0_defect_discovery_mvtec|carpet|1024|2|oracle|mask_feat|kmeans,p0_defect_discovery_mvtec,carpet,dinov2_s,1024,2,oracle,mask_feat,kmeans,89,5,5,0,10,0.7786617000497028,0.010109748773258289,0.7204274096157023,0.8696629213483146,0.06005196678090209,0.7186097332688007,2
p0_defect_discovery_mvtec|carpet|1024|2|oracle|mask_feat|ward,p0_defect_discovery_mvtec,carpet,dinov2_s,1024,2,oracle,mask_feat,ward,89,5,5,0,10,0.741871662922347,0.0,0.5847692399729411,0.6741573033707865,0.0598744040667429,0.681997258855604,2
p0_defect_discovery_mvtec|carpet|1024|2|detected|topk_feat|kmeans,p0_defect_discovery_mvtec,carpet,dinov2_s,1024,2,detected,topk_feat,kmeans,89,5,6,0,10,0.7269443084291847,0.009095876995430961,0.6016794879752733,0.7415730337078651,0.07592081825730702,0.6510234901718777,2
p0_defect_discovery_mvtec|carpet|1024|2|detected|topk_feat|ward,p0_defect_discovery_mvtec,carpet,dinov2_s,1024,2,detected,topk_feat,ward,89,5,6,0,10,0.6761598003184603,0.0,0.5202181512849289,0.6741573033707865,0.07550801085180879,0.6006517894666515,2
p0_defect_discovery_mvtec|carpet|1024|2|detected|topk_resid|kmeans,p0_defect_discovery_mvtec,carpet,dinov2_s,1024,2,detected,topk_resid,kmeans,89,5,6,0,10,0.7201550835858456,0.027522452068925743,0.6560193973928197,0.7887640449438202,0.07667244667433593,0.6434826369115096,2
p0_defect_discovery_mvtec|carpet|1024|2|detected|topk_resid|ward,p0_defect_discovery_mvtec,carpet,dinov2_s,1024,2,detected,topk_resid,ward,89,5,6,0,10,0.7569814511957293,0.0,0.6963027026642655,0.7752808988764045,0.076253770257047,0.6807276809386824,2
p0_defect_discovery_mvtec|carpet|1024|2|detected|cls|kmeans,p0_defect_discovery_mvtec,carpet,dinov2_s,1024,2,detected,cls,kmeans,89,5,6,0,10,0.7129162844527264,0.015826496254255893,0.5806472637522974,0.6764044943820224,0.08052754709330111,0.6323887373594252,2
p0_defect_discovery_mvtec|carpet|1024|2|detected|cls|ward,p0_defect_discovery_mvtec,carpet,dinov2_s,1024,2,detected,cls,ward,89,5,6,0,10,0.6762569653620762,0.0,0.5109905352353256,0.5842696629213483,0.08324765624087281,0.5930093091212034,2
p0_defect_discovery_mvtec|carpet|1024|2|detected|mask_feat|kmeans,p0_defect_discovery_mvtec,carpet,dinov2_s,1024,2,detected,mask_feat,kmeans,89,5,6,0,10,0.7800018186409542,0.030413389344611862,0.68334725988326,0.797752808988764,0.07566537355835631,0.7043364450825979,2
p0_defect_discovery_mvtec|carpet|1024|2|detected|mask_feat|ward,p0_defect_discovery_mvtec,carpet,dinov2_s,1024,2,detected,mask_feat,ward,89,5,6,0,10,0.7137910277645811,0.0,0.6075980667841451,0.7528089887640449,0.07279483355388036,0.6409961942107008,2
p0_defect_discovery_mvtec|grid|1024|0|oracle|topk_feat|kmeans,p0_defect_discovery_mvtec,grid,dinov2_s,1024,0,oracle,topk_feat,kmeans,57,5,5,0,10,0.8007097786659372,0.051229970583680125,0.7105681458593588,0.8526315789473683,0.10469934352028787,0.6960104351456493,2
p0_defect_discovery_mvtec|grid|1024|0|oracle|topk_feat|ward,p0_defect_discovery_mvtec,grid,dinov2_s,1024,0,oracle,topk_feat,ward,57,5,5,0,10,0.6792495732176582,0.0,0.5355504930907347,0.7719298245614035,0.10700157007920638,0.5722480031384518,2
p0_defect_discovery_mvtec|grid|1024|0|oracle|topk_resid|kmeans,p0_defect_discovery_mvtec,grid,dinov2_s,1024,0,oracle,topk_resid,kmeans,57,5,5,0,10,0.4046410849007575,0.02590366922931174,0.2374654833258401,0.4807017543859649,0.10770206489771476,0.29693902000304273,2
p0_defect_discovery_mvtec|grid|1024|0|oracle|topk_resid|ward,p0_defect_discovery_mvtec,grid,dinov2_s,1024,0,oracle,topk_resid,ward,57,5,5,0,10,0.48400374361483495,0.0,0.3129965369729069,0.45614035087719296,0.11365741087759365,0.37034633273724127,2
p0_defect_discovery_mvtec|grid|1024|0|oracle|cls|kmeans,p0_defect_discovery_mvtec,grid,dinov2_s,1024,0,oracle,cls,kmeans,57,5,5,0,10,0.3843775158515971,0.04277133198189985,0.22194083345625187,0.5052631578947369,0.10395637480172278,0.2804211410498743,2
p0_defect_discovery_mvtec|grid|1024|0|oracle|cls|ward,p0_defect_discovery_mvtec,grid,dinov2_s,1024,0,oracle,cls,ward,57,5,5,0,10,0.32534276436944565,0.0,0.1667856326100666,0.47368421052631576,0.10215197689583326,0.22319078747361237,2
p0_defect_discovery_mvtec|grid|1024|0|oracle|mask_feat|kmeans,p0_defect_discovery_mvtec,grid,dinov2_s,1024,0,oracle,mask_feat,kmeans,57,5,5,0,10,0.7421059194064864,0.058201464739202236,0.6105027905337984,0.7824561403508772,0.10372899991868353,0.6383769194878028,2
p0_defect_discovery_mvtec|grid|1024|0|oracle|mask_feat|ward,p0_defect_discovery_mvtec,grid,dinov2_s,1024,0,oracle,mask_feat,ward,57,5,5,0,10,0.7380262344135199,0.0,0.615835358010576,0.8245614035087719,0.10681815127343712,0.6312080831400828,2
p0_defect_discovery_mvtec|grid|1024|0|detected|topk_feat|kmeans,p0_defect_discovery_mvtec,grid,dinov2_s,1024,0,detected,topk_feat,kmeans,57,5,6,0,10,0.7197844766665499,0.048014600851157635,0.5824216990586303,0.743859649122807,0.12801572628171823,0.5917687503848317,2
p0_defect_discovery_mvtec|grid|1024|0|detected|topk_feat|ward,p0_defect_discovery_mvtec,grid,dinov2_s,1024,0,detected,topk_feat,ward,57,5,6,0,10,0.6724581045447414,0.0,0.49907853757071924,0.7017543859649122,0.14350303464893768,0.5289550698958038,2
p0_defect_discovery_mvtec|grid|1024|0|detected|topk_resid|kmeans,p0_defect_discovery_mvtec,grid,dinov2_s,1024,0,detected,topk_resid,kmeans,57,5,6,0,10,0.46330222235546764,0.04748682100024316,0.2739315777077838,0.5017543859649123,0.1315894275836837,0.33171279477178395,2
p0_defect_discovery_mvtec|grid|1024|0|detected|topk_resid|ward,p0_defect_discovery_mvtec,grid,dinov2_s,1024,0,detected,topk_resid,ward,57,5,6,0,10,0.55849554763162,0.0,0.3972493983575782,0.5964912280701754,0.13523571028362585,0.42325983734799416,2
p0_defect_discovery_mvtec|grid|1024|0|detected|cls|kmeans,p0_defect_discovery_mvtec,grid,dinov2_s,1024,0,detected,cls,kmeans,57,5,6,0,10,0.42745403645260527,0.09744228152433458,0.2532094143550447,0.5333333333333334,0.12849632574173156,0.29895771071087374,2
p0_defect_discovery_mvtec|grid|1024|0|detected|cls|ward,p0_defect_discovery_mvtec,grid,dinov2_s,1024,0,detected,cls,ward,57,5,6,0,10,0.36197929926143374,0.0,0.1427153101826041,0.43859649122807015,0.11869060560187117,0.24328869365956257,2
p0_defect_discovery_mvtec|grid|1024|0|detected|mask_feat|kmeans,p0_defect_discovery_mvtec,grid,dinov2_s,1024,0,detected,mask_feat,kmeans,57,5,6,0,10,0.7949057147266003,0.07655379092635763,0.7018690822005207,0.8280701754385966,0.12393038503115265,0.6709753296954477,2
p0_defect_discovery_mvtec|grid|1024|0|detected|mask_feat|ward,p0_defect_discovery_mvtec,grid,dinov2_s,1024,0,detected,mask_feat,ward,57,5,6,0,10,0.7419657349368369,0.0,0.6277643532254611,0.8245614035087719,0.1383574006641742,0.6036083342726627,2
p0_defect_discovery_mvtec|grid|1024|1|oracle|topk_feat|kmeans,p0_defect_discovery_mvtec,grid,dinov2_s,1024,1,oracle,topk_feat,kmeans,57,5,5,0,10,0.7588078461699628,0.08230653600621957,0.6454151481127919,0.8140350877192981,0.10757074201586356,0.6512371041540992,2
p0_defect_discovery_mvtec|grid|1024|1|oracle|topk_feat|ward,p0_defect_discovery_mvtec,grid,dinov2_s,1024,1,oracle,topk_feat,ward,57,5,5,0,10,0.6622999654582157,0.0,0.5126113555865622,0.7543859649122807,0.1043122591457883,0.5579877063124273,2
p0_defect_discovery_mvtec|grid|1024|1|oracle|topk_resid|kmeans,p0_defect_discovery_mvtec,grid,dinov2_s,1024,1,oracle,topk_resid,kmeans,57,5,5,0,10,0.6312079507054591,0.030788705302264432,0.4772984954558588,0.712280701754386,0.10703952900536122,0.5241684217000979,2
p0_defect_discovery_mvtec|grid|1024|1|oracle|topk_resid|ward,p0_defect_discovery_mvtec,grid,dinov2_s,1024,1,oracle,topk_resid,ward,57,5,5,0,10,0.7115524310442372,0.0,0.570599414453747,0.7543859649122807,0.11544001809341145,0.5961124129508257,2
p0_defect_discovery_mvtec|grid|1024|1|oracle|cls|kmeans,p0_defect_discovery_mvtec,grid,dinov2_s,1024,1,oracle,cls,kmeans,57,5,5,0,10,0.3843775158515971,0.04277133198189985,0.22194083345625187,0.5052631578947369,0.10395637480172278,0.2804211410498743,2
p0_defect_discovery_mvtec|grid|1024|1|oracle|cls|ward,p0_defect_discovery_mvtec,grid,dinov2_s,1024,1,oracle,cls,ward,57,5,5,0,10,0.32534276436944565,0.0,0.1667856326100666,0.47368421052631576,0.10215197689583326,0.22319078747361237,2
p0_defect_discovery_mvtec|grid|1024|1|oracle|mask_feat|kmeans,p0_defect_discovery_mvtec,grid,dinov2_s,1024,1,oracle,mask_feat,kmeans,57,5,5,0,10,0.7421059194064864,0.058201464739202236,0.6105027905337984,0.7824561403508772,0.10372899991868353,0.6383769194878028,2
p0_defect_discovery_mvtec|grid|1024|1|oracle|mask_feat|ward,p0_defect_discovery_mvtec,grid,dinov2_s,1024,1,oracle,mask_feat,ward,57,5,5,0,10,0.7380262344135199,0.0,0.615835358010576,0.8245614035087719,0.10681815127343712,0.6312080831400828,2
p0_defect_discovery_mvtec|grid|1024|1|detected|topk_feat|kmeans,p0_defect_discovery_mvtec,grid,dinov2_s,1024,1,detected,topk_feat,kmeans,57,5,6,0,10,0.7904902581513806,0.05815729584320134,0.690938432543514,0.8245614035087719,0.1256993631195632,0.6647908950318174,2
p0_defect_discovery_mvtec|grid|1024|1|detected|topk_feat|ward,p0_defect_discovery_mvtec,grid,dinov2_s,1024,1,detected,topk_feat,ward,57,5,6,0,10,0.6546366789870175,0.0,0.4994440167650329,0.7368421052631579,0.12401146063332417,0.5306252183536934,2
p0_defect_discovery_mvtec|grid|1024|1|detected|topk_resid|kmeans,p0_defect_discovery_mvtec,grid,dinov2_s,1024,1,detected,topk_resid,kmeans,57,5,6,0,10,0.6410889609760859,0.05345043050458334,0.4847991292690996,0.7017543859649122,0.12897293140544921,0.5121160295706367,2
p0_defect_discovery_mvtec|grid|1024|1|detected|topk_resid|ward,p0_defect_discovery_mvtec,grid,dinov2_s,1024,1,detected,topk_resid,ward,57,5,6,0,10,0.7124692928173181,0.0,0.5620121097813803,0.7368421052631579,0.12810208169979023,0.5843672111175279,2
p0_defect_discovery_mvtec|grid|1024|1|detected|cls|kmeans,p0_defect_discovery_mvtec,grid,dinov2_s,1024,1,detected,cls,kmeans,57,5,6,0,10,0.3862746124314043,0.060394324700613754,0.1967972242427995,0.4701754385964912,0.1311025096774615,0.2551721027539428,2
p0_defect_discovery_mvtec|grid|1024|1|detected|cls|ward,p0_defect_discovery_mvtec,grid,dinov2_s,1024,1,detected,cls,ward,57,5,6,0,10,0.36197929926143374,0.0,0.1427153101826041,0.43859649122807015,0.12237687459270766,0.23960242466872608,2
p0_defect_discovery_mvtec|grid|1024|1|detected|mask_feat|kmeans,p0_defect_discovery_mvtec,grid,dinov2_s,1024,1,detected,mask_feat,kmeans,57,5,6,0,10,0.7210210278452391,0.0348269456586126,0.6016901581187553,0.7789473684210526,0.12277539322440097,0.5982456346208381,2
p0_defect_discovery_mvtec|grid|1024|1|detected|mask_feat|ward,p0_defect_discovery_mvtec,grid,dinov2_s,1024,1,detected,mask_feat,ward,57,5,6,0,10,0.7419657349368369,0.0,0.6277643532254611,0.8245614035087719,0.11137299969732725,0.6305927352395096,2
p0_defect_discovery_mvtec|grid|1024|2|oracle|topk_feat|kmeans,p0_defect_discovery_mvtec,grid,dinov2_s,1024,2,oracle,topk_feat,kmeans,57,5,5,0,10,0.7827897099548716,0.04682045992765322,0.6682314724400867,0.8175438596491228,0.1052426069566813,0.6775471029981903,2
p0_defect_discovery_mvtec|grid|1024|2|oracle|topk_feat|ward,p0_defect_discovery_mvtec,grid,dinov2_s,1024,2,oracle,topk_feat,ward,57,5,5,0,10,0.6514398317486869,0.0,0.48944728229284556,0.7368421052631579,0.10338960535536537,0.5480502263933216,2
p0_defect_discovery_mvtec|grid|1024|2|oracle|topk_resid|kmeans,p0_defect_discovery_mvtec,grid,dinov2_s,1024,2,oracle,topk_resid,kmeans,57,5,5,0,10,0.5866453575558709,0.024225330901400135,0.4018739171607317,0.6070175438596491,0.10881891646151784,0.477826441094353,2
p0_defect_discovery_mvtec|grid|1024|2|oracle|topk_resid|ward,p0_defect_discovery_mvtec,grid,dinov2_s,1024,2,oracle,topk_resid,ward,57,5,5,0,10,0.6128087992644995,0.0,0.47168466082705235,0.7543859649122807,0.10356873245617737,0.5092400668083221,2
p0_defect_discovery_mvtec|grid|1024|2|oracle|cls|kmeans,p0_defect_discovery_mvtec,grid,dinov2_s,1024,2,oracle,cls,kmeans,57,5,5,0,10,0.3843775158515971,0.04277133198189985,0.22194083345625187,0.5052631578947369,0.10395637480172278,0.2804211410498743,2
p0_defect_discovery_mvtec|grid|1024|2|oracle|cls|ward,p0_defect_discovery_mvtec,grid,dinov2_s,1024,2,oracle,cls,ward,57,5,5,0,10,0.32534276436944565,0.0,0.1667856326100666,0.47368421052631576,0.10215197689583326,0.22319078747361237,2
p0_defect_discovery_mvtec|grid|1024|2|oracle|mask_feat|kmeans,p0_defect_discovery_mvtec,grid,dinov2_s,1024,2,oracle,mask_feat,kmeans,57,5,5,0,10,0.7421059194064864,0.058201464739202236,0.6105027905337984,0.7824561403508772,0.10372899991868353,0.6383769194878028,2
p0_defect_discovery_mvtec|grid|1024|2|oracle|mask_feat|ward,p0_defect_discovery_mvtec,grid,dinov2_s,1024,2,oracle,mask_feat,ward,57,5,5,0,10,0.7380262344135199,0.0,0.615835358010576,0.8245614035087719,0.10681815127343712,0.6312080831400828,2
p0_defect_discovery_mvtec|grid|1024|2|detected|topk_feat|kmeans,p0_defect_discovery_mvtec,grid,dinov2_s,1024,2,detected,topk_feat,kmeans,57,5,6,0,10,0.7428264176977968,0.04361637339735116,0.6285969782920964,0.7929824561403509,0.12346136377087118,0.6193650539269256,2
p0_defect_discovery_mvtec|grid|1024|2|detected|topk_feat|ward,p0_defect_discovery_mvtec,grid,dinov2_s,1024,2,detected,topk_feat,ward,57,5,6,0,10,0.625773014472333,0.0,0.43697908087629717,0.6666666666666666,0.10531662773883543,0.5204563867334976,2
p0_defect_discovery_mvtec|grid|1024|2|detected|topk_resid|kmeans,p0_defect_discovery_mvtec,grid,dinov2_s,1024,2,detected,topk_resid,kmeans,57,5,6,0,10,0.5961095166510402,0.06877159247583108,0.4160099997716139,0.6280701754385964,0.13146851946727553,0.4646409971837646,2
p0_defect_discovery_mvtec|grid|1024|2|detected|topk_resid|ward,p0_defect_discovery_mvtec,grid,dinov2_s,1024,2,detected,topk_resid,ward,57,5,6,0,10,0.6188423184583468,0.0,0.4464872277322448,0.6666666666666666,0.12935577107400903,0.4894865473843378,2
p0_defect_discovery_mvtec|grid|1024|2|detected|cls|kmeans,p0_defect_discovery_mvtec,grid,dinov2_s,1024,2,detected,cls,kmeans,57,5,6,0,10,0.42063048463123875,0.03915372870778532,0.23912654722666563,0.5087719298245614,0.12156252767390871,0.29906795695733,2
p0_defect_discovery_mvtec|grid|1024|2|detected|cls|ward,p0_defect_discovery_mvtec,grid,dinov2_s,1024,2,detected,cls,ward,57,5,6,0,10,0.36197929926143374,0.0,0.1427153101826041,0.43859649122807015,0.11856136432935135,0.24341793493208239,2
p0_defect_discovery_mvtec|grid|1024|2|detected|mask_feat|kmeans,p0_defect_discovery_mvtec,grid,dinov2_s,1024,2,detected,mask_feat,kmeans,57,5,6,0,10,0.7070807542213566,0.04187086088811386,0.559073301662496,0.7368421052631579,0.12076349270124569,0.586317261520111,2
p0_defect_discovery_mvtec|grid|1024|2|detected|mask_feat|ward,p0_defect_discovery_mvtec,grid,dinov2_s,1024,2,detected,mask_feat,ward,57,5,6,0,10,0.7419657349368369,0.0,0.6277643532254611,0.8245614035087719,0.10774950656692306,0.6342162283699139,2
p0_defect_discovery_mvtec|hazelnut|1024|0|oracle|topk_feat|kmeans,p0_defect_discovery_mvtec,hazelnut,dinov2_s,1024,0,oracle,topk_feat,kmeans,70,4,4,0,10,0.7046391538500318,0.07206948211732925,0.6536305424032167,0.8571428571428573,0.050823564618054914,0.6538155892319769,2
p0_defect_discovery_mvtec|hazelnut|1024|0|oracle|topk_feat|ward,p0_defect_discovery_mvtec,hazelnut,dinov2_s,1024,0,oracle,topk_feat,ward,70,4,4,0,10,0.7724670409796056,0.0,0.7504002615793983,0.9,0.04869888494692384,0.7237681560326817,2
p0_defect_discovery_mvtec|hazelnut|1024|0|oracle|topk_resid|kmeans,p0_defect_discovery_mvtec,hazelnut,dinov2_s,1024,0,oracle,topk_resid,kmeans,70,4,4,0,10,0.8234357061229799,0.024652578120288076,0.7968711185653572,0.9199999999999999,0.05096656549098173,0.7724691406319981,2
p0_defect_discovery_mvtec|hazelnut|1024|0|oracle|topk_resid|ward,p0_defect_discovery_mvtec,hazelnut,dinov2_s,1024,0,oracle,topk_resid,ward,70,4,4,0,10,0.7724670409796056,0.0,0.7504002615793983,0.9,0.04869888494692384,0.7237681560326817,2
p0_defect_discovery_mvtec|hazelnut|1024|0|oracle|cls|kmeans,p0_defect_discovery_mvtec,hazelnut,dinov2_s,1024,0,oracle,cls,kmeans,70,4,4,0,10,0.24002143501883108,0.05407039208958299,0.12382527502439858,0.4714285714285714,0.05051971881062023,0.18950171620821085,2
p0_defect_discovery_mvtec|hazelnut|1024|0|oracle|cls|ward,p0_defect_discovery_mvtec,hazelnut,dinov2_s,1024,0,oracle,cls,ward,70,4,4,0,10,0.2874183282422439,0.0,0.17605513509327733,0.5428571428571428,0.050410566809450344,0.23700776143279356,2
p0_defect_discovery_mvtec|hazelnut|1024|0|oracle|mask_feat|kmeans,p0_defect_discovery_mvtec,hazelnut,dinov2_s,1024,0,oracle,mask_feat,kmeans,70,4,4,0,10,0.8325297311002544,0.02324286581555527,0.8215104363126166,0.9314285714285715,0.04949256282407431,0.7830371682761801,2
p0_defect_discovery_mvtec|hazelnut|1024|0|oracle|mask_feat|ward,p0_defect_discovery_mvtec,hazelnut,dinov2_s,1024,0,oracle,mask_feat,ward,70,4,4,0,10,0.9203495629530986,0.0,0.9227596197715054,0.9714285714285714,0.049584114417761775,0.8707654485353368,2
p0_defect_discovery_mvtec|hazelnut|1024|0|detected|topk_feat|kmeans,p0_defect_discovery_mvtec,hazelnut,dinov2_s,1024,0,detected,topk_feat,kmeans,70,4,5,0,10,0.6769787276934796,0.03147171638264329,0.5984087104323338,0.7742857142857142,0.06926261561642351,0.607716112077056,2
p0_defect_discovery_mvtec|hazelnut|1024|0|detected|topk_feat|ward,p0_defect_discovery_mvtec,hazelnut,dinov2_s,1024,0,detected,topk_feat,ward,70,4,5,0,10,0.7529934716506641,0.0,0.7074033469168235,0.8428571428571429,0.07259735314936282,0.6803961185013013,2
p0_defect_discovery_mvtec|hazelnut|1024|0|detected|topk_resid|kmeans,p0_defect_discovery_mvtec,hazelnut,dinov2_s,1024,0,detected,topk_resid,kmeans,70,4,5,0,10,0.7961194106967152,0.011033181469953928,0.7634201154803785,0.8457142857142858,0.06803796420435465,0.7280814464923606,2
p0_defect_discovery_mvtec|hazelnut|1024|0|detected|topk_resid|ward,p0_defect_discovery_mvtec,hazelnut,dinov2_s,1024,0,detected,topk_resid,ward,70,4,5,0,10,0.7528655341841352,0.0,0.7147965214077521,0.8142857142857143,0.07283115723718468,0.6800343769469505,2
p0_defect_discovery_mvtec|hazelnut|1024|0|detected|cls|kmeans,p0_defect_discovery_mvtec,hazelnut,dinov2_s,1024,0,detected,cls,kmeans,70,4,5,0,10,0.2682914273943701,0.03328218400987939,0.14823992065796257,0.48,0.07095344465621153,0.19733798273815858,2
p0_defect_discovery_mvtec|hazelnut|1024|0|detected|cls|ward,p0_defect_discovery_mvtec,hazelnut,dinov2_s,1024,0,detected,cls,ward,70,4,5,0,10,0.31194260548580305,0.0,0.16630638488024982,0.5,0.07151430027203326,0.2404283052137698,2
p0_defect_discovery_mvtec|hazelnut|1024|0|detected|mask_feat|kmeans,p0_defect_discovery_mvtec,hazelnut,dinov2_s,1024,0,detected,mask_feat,kmeans,70,4,5,0,10,0.783930174454134,0.018215695703129746,0.7380860397187438,0.8428571428571427,0.06675607637221535,0.7171740980819187,2
p0_defect_discovery_mvtec|hazelnut|1024|0|detected|mask_feat|ward,p0_defect_discovery_mvtec,hazelnut,dinov2_s,1024,0,detected,mask_feat,ward,70,4,5,0,10,0.8783368509814885,0.0,0.8593628525755815,0.9142857142857143,0.07475514091694903,0.8035817100645395,2
p0_defect_discovery_mvtec|hazelnut|1024|1|oracle|topk_feat|kmeans,p0_defect_discovery_mvtec,hazelnut,dinov2_s,1024,1,oracle,topk_feat,kmeans,70,4,4,0,10,0.6686411545777082,0.05713269655398037,0.6109591355550739,0.8371428571428572,0.051625234948692256,0.6170159196290159,2
p0_defect_discovery_mvtec|hazelnut|1024|1|oracle|topk_feat|ward,p0_defect_discovery_mvtec,hazelnut,dinov2_s,1024,1,oracle,topk_feat,ward,70,4,4,0,10,0.7341558102290228,0.0,0.6959421368330853,0.8714285714285714,0.048001766950195444,0.6861540432788273,2
p0_defect_discovery_mvtec|hazelnut|1024|1|oracle|topk_resid|kmeans,p0_defect_discovery_mvtec,hazelnut,dinov2_s,1024,1,oracle,topk_resid,kmeans,70,4,4,0,10,0.7907124215415574,0.016306602230984513,0.7584171526698705,0.9028571428571428,0.05321624464639633,0.7374961768951611,2
p0_defect_discovery_mvtec|hazelnut|1024|1|oracle|topk_resid|ward,p0_defect_discovery_mvtec,hazelnut,dinov2_s,1024,1,oracle,topk_resid,ward,70,4,4,0,10,0.7786704418760628,0.0,0.7473563864714987,0.9,0.05029488898144245,0.7283755528946204,2
p0_defect_discovery_mvtec|hazelnut|1024|1|oracle|cls|kmeans,p0_defect_discovery_mvtec,hazelnut,dinov2_s,1024,1,oracle,cls,kmeans,70,4,4,0,10,0.24002143501883108,0.05407039208958299,0.12382527502439858,0.4714285714285714,0.05051971881062023,0.18950171620821085,2
p0_defect_discovery_mvtec|hazelnut|1024|1|oracle|cls|ward,p0_defect_discovery_mvtec,hazelnut,dinov2_s,1024,1,oracle,cls,ward,70,4,4,0,10,0.2874183282422439,0.0,0.17605513509327733,0.5428571428571428,0.050410566809450344,0.23700776143279356,2
p0_defect_discovery_mvtec|hazelnut|1024|1|oracle|mask_feat|kmeans,p0_defect_discovery_mvtec,hazelnut,dinov2_s,1024,1,oracle,mask_feat,kmeans,70,4,4,0,10,0.8325297311002544,0.02324286581555527,0.8215104363126166,0.9314285714285715,0.04949256282407431,0.7830371682761801,2
p0_defect_discovery_mvtec|hazelnut|1024|1|oracle|mask_feat|ward,p0_defect_discovery_mvtec,hazelnut,dinov2_s,1024,1,oracle,mask_feat,ward,70,4,4,0,10,0.9203495629530986,0.0,0.9227596197715054,0.9714285714285714,0.049584114417761775,0.8707654485353368,2
p0_defect_discovery_mvtec|hazelnut|1024|1|detected|topk_feat|kmeans,p0_defect_discovery_mvtec,hazelnut,dinov2_s,1024,1,detected,topk_feat,kmeans,70,4,5,1,10,0.6855861557900558,0.025821187482298058,0.5979093835900959,0.76,0.07656561333964237,0.6090205424504134,2
p0_defect_discovery_mvtec|hazelnut|1024|1|detected|topk_feat|ward,p0_defect_discovery_mvtec,hazelnut,dinov2_s,1024,1,detected,topk_feat,ward,70,4,5,1,10,0.7044694994660328,0.0,0.6295521576338193,0.8,0.07528998065253045,0.6291795188135023,2
p0_defect_discovery_mvtec|hazelnut|1024|1|detected|topk_resid|kmeans,p0_defect_discovery_mvtec,hazelnut,dinov2_s,1024,1,detected,topk_resid,kmeans,70,4,5,1,10,0.7393354434450553,0.03459274619418723,0.6950701438879643,0.8057142857142857,0.07522722889504226,0.664108214550013,2
p0_defect_discovery_mvtec|hazelnut|1024|1|detected|topk_resid|ward,p0_defect_discovery_mvtec,hazelnut,dinov2_s,1024,1,detected,topk_resid,ward,70,4,5,1,10,0.7841923595405113,0.0,0.7312402782090104,0.8142857142857143,0.06965340283748127,0.71453895670303,2
p0_defect_discovery_mvtec|hazelnut|1024|1|detected|cls|kmeans,p0_defect_discovery_mvtec,hazelnut,dinov2_s,1024,1,detected,cls,kmeans,70,4,5,1,10,0.25250150133686017,0.04348692106351458,0.11891986849804996,0.44857142857142857,0.08060425395462481,0.17189724738223536,2
p0_defect_discovery_mvtec|hazelnut|1024|1|detected|cls|ward,p0_defect_discovery_mvtec,hazelnut,dinov2_s,1024,1,detected,cls,ward,70,4,5,1,10,0.3115429962457049,0.0,0.15619605616329094,0.4857142857142857,0.09297513039823037,0.21856786584747456,2
p0_defect_discovery_mvtec|hazelnut|1024|1|detected|mask_feat|kmeans,p0_defect_discovery_mvtec,hazelnut,dinov2_s,1024,1,detected,mask_feat,kmeans,70,4,5,1,10,0.7661747913747549,0.024750397013893966,0.7049732638455641,0.8028571428571428,0.078327965955738,0.6878468254190169,2
p0_defect_discovery_mvtec|hazelnut|1024|1|detected|mask_feat|ward,p0_defect_discovery_mvtec,hazelnut,dinov2_s,1024,1,detected,mask_feat,ward,70,4,5,1,10,0.8695813748914784,0.0,0.8539975487636645,0.9,0.0760907865565186,0.7934905883349598,2
p0_defect_discovery_mvtec|hazelnut|1024|2|oracle|topk_feat|kmeans,p0_defect_discovery_mvtec,hazelnut,dinov2_s,1024,2,oracle,topk_feat,kmeans,70,4,4,0,10,0.57507964442127,0.03974445699506097,0.4776279569950642,0.7,0.05382225728912502,0.521257387132145,2
p0_defect_discovery_mvtec|hazelnut|1024|2|oracle|topk_feat|ward,p0_defect_discovery_mvtec,hazelnut,dinov2_s,1024,2,oracle,topk_feat,ward,70,4,4,0,10,0.6002180215532525,0.0,0.5075737412359963,0.7,0.04891503580155158,0.551302985751701,2
p0_defect_discovery_mvtec|hazelnut|1024|2|oracle|topk_resid|kmeans,p0_defect_discovery_mvtec,hazelnut,dinov2_s,1024,2,oracle,topk_resid,kmeans,70,4,4,0,10,0.6898064410721918,0.015336046292228246,0.589514400227966,0.7257142857142858,0.05285384197497354,0.6369525990972182,2
p0_defect_discovery_mvtec|hazelnut|1024|2|oracle|topk_resid|ward,p0_defect_discovery_mvtec,hazelnut,dinov2_s,1024,2,oracle,topk_resid,ward,70,4,4,0,10,0.7202321788798048,0.0,0.6151997137386336,0.7285714285714285,0.04837917098441687,0.6718530078953879,2
p0_defect_discovery_mvtec|hazelnut|1024|2|oracle|cls|kmeans,p0_defect_discovery_mvtec,hazelnut,dinov2_s,1024,2,oracle,cls,kmeans,70,4,4,0,10,0.24002143501883108,0.05407039208958299,0.12382527502439858,0.4714285714285714,0.05051971881062023,0.18950171620821085,2
p0_defect_discovery_mvtec|hazelnut|1024|2|oracle|cls|ward,p0_defect_discovery_mvtec,hazelnut,dinov2_s,1024,2,oracle,cls,ward,70,4,4,0,10,0.2874183282422439,0.0,0.17605513509327733,0.5428571428571428,0.050410566809450344,0.23700776143279356,2
p0_defect_discovery_mvtec|hazelnut|1024|2|oracle|mask_feat|kmeans,p0_defect_discovery_mvtec,hazelnut,dinov2_s,1024,2,oracle,mask_feat,kmeans,70,4,4,0,10,0.8325297311002544,0.02324286581555527,0.8215104363126166,0.9314285714285715,0.04949256282407431,0.7830371682761801,2
p0_defect_discovery_mvtec|hazelnut|1024|2|oracle|mask_feat|ward,p0_defect_discovery_mvtec,hazelnut,dinov2_s,1024,2,oracle,mask_feat,ward,70,4,4,0,10,0.9203495629530986,0.0,0.9227596197715054,0.9714285714285714,0.049584114417761775,0.8707654485353368,2
p0_defect_discovery_mvtec|hazelnut|1024|2|detected|topk_feat|kmeans,p0_defect_discovery_mvtec,hazelnut,dinov2_s,1024,2,detected,topk_feat,kmeans,70,4,5,1,10,0.6611425047607684,0.04316878233749463,0.5853609099962466,0.7428571428571429,0.08106621474158815,0.5800762900191803,2
p0_defect_discovery_mvtec|hazelnut|1024|2|detected|topk_feat|ward,p0_defect_discovery_mvtec,hazelnut,dinov2_s,1024,2,detected,topk_feat,ward,70,4,5,1,10,0.7098386963712084,0.0,0.6428253056229766,0.7714285714285715,0.07901820826626159,0.6308204881049468,2
p0_defect_discovery_mvtec|hazelnut|1024|2|detected|topk_resid|kmeans,p0_defect_discovery_mvtec,hazelnut,dinov2_s,1024,2,detected,topk_resid,kmeans,70,4,5,1,10,0.702732385137226,0.01454412698923444,0.6434282722931127,0.7828571428571429,0.08140832073071307,0.621324064406513,2
p0_defect_discovery_mvtec|hazelnut|1024|2|detected|topk_resid|ward,p0_defect_discovery_mvtec,hazelnut,dinov2_s,1024,2,detected,topk_resid,ward,70,4,5,1,10,0.7638527520352477,0.0,0.7055369371474399,0.8142857142857143,0.07536807445645284,0.6884846775787948,2
p0_defect_discovery_mvtec|hazelnut|1024|2|detected|cls|kmeans,p0_defect_discovery_mvtec,hazelnut,dinov2_s,1024,2,detected,cls,kmeans,70,4,5,1,10,0.30407434288157814,0.07921879464582389,0.1606599803709865,0.4600000000000001,0.08544719167872489,0.21862715120285325,2
p0_defect_discovery_mvtec|hazelnut|1024|2|detected|cls|ward,p0_defect_discovery_mvtec,hazelnut,dinov2_s,1024,2,detected,cls,ward,70,4,5,1,10,0.3141919025064881,0.0,0.16060227634246751,0.4857142857142857,0.08926383351661374,0.22492806898987436,2
p0_defect_discovery_mvtec|hazelnut|1024|2|detected|mask_feat|kmeans,p0_defect_discovery_mvtec,hazelnut,dinov2_s,1024,2,detected,mask_feat,kmeans,70,4,5,1,10,0.7627525971706447,0.02094931800417386,0.7168541312691088,0.8285714285714286,0.08285685853701182,0.6798957386336328,2
p0_defect_discovery_mvtec|hazelnut|1024|2|detected|mask_feat|ward,p0_defect_discovery_mvtec,hazelnut,dinov2_s,1024,2,detected,mask_feat,ward,70,4,5,1,10,0.8628025366931757,0.0,0.8412803512520122,0.9,0.07437876214800894,0.7884237745451668,2
p0_defect_discovery_mvtec|leather|1024|0|oracle|topk_feat|kmeans,p0_defect_discovery_mvtec,leather,dinov2_s,1024,0,oracle,topk_feat,kmeans,92,5,5,0,10,0.679560201618909,0.052056686635076,0.5717898105556017,0.7847826086956522,0.061644804883905925,0.6179153967350031,2
p0_defect_discovery_mvtec|leather|1024|0|oracle|topk_feat|ward,p0_defect_discovery_mvtec,leather,dinov2_s,1024,0,oracle,topk_feat,ward,92,5,5,0,10,0.6519439245925668,0.0,0.5452130553776318,0.7608695652173914,0.06244405119540315,0.5894998733971636,2
p0_defect_discovery_mvtec|leather|1024|0|oracle|topk_resid|kmeans,p0_defect_discovery_mvtec,leather,dinov2_s,1024,0,oracle,topk_resid,kmeans,92,5,5,0,10,0.7227031790290428,0.022262958051769918,0.636003732010092,0.8217391304347826,0.06099868346660642,0.6617044955624364,2
p0_defect_discovery_mvtec|leather|1024|0|oracle|topk_resid|ward,p0_defect_discovery_mvtec,leather,dinov2_s,1024,0,oracle,topk_resid,ward,92,5,5,0,10,0.6921892700962903,0.0,0.5605782011558801,0.7608695652173914,0.06710028316143525,0.625088986934855,2
p0_defect_discovery_mvtec|leather|1024|0|oracle|cls|kmeans,p0_defect_discovery_mvtec,leather,dinov2_s,1024,0,oracle,cls,kmeans,92,5,5,0,10,0.6840444002523987,0.07181546676301177,0.5600257745419457,0.782608695652174,0.06529567805839596,0.6187487221940027,2
p0_defect_discovery_mvtec|leather|1024|0|oracle|cls|ward,p0_defect_discovery_mvtec,leather,dinov2_s,1024,0,oracle,cls,ward,92,5,5,0,10,0.7164829920274438,0.0,0.5592158096588927,0.7282608695652174,0.071370692114145,0.6451122999132988,2
p0_defect_discovery_mvtec|leather|1024|0|oracle|mask_feat|kmeans,p0_defect_discovery_mvtec,leather,dinov2_s,1024,0,oracle,mask_feat,kmeans,92,5,5,0,10,0.8133201052184399,0.011886368651918547,0.775566745981265,0.9043478260869566,0.059717741465653694,0.7536023637527862,2
p0_defect_discovery_mvtec|leather|1024|0|oracle|mask_feat|ward,p0_defect_discovery_mvtec,leather,dinov2_s,1024,0,oracle,mask_feat,ward,92,5,5,0,10,0.8866895338154407,0.0,0.8661938763587945,0.9456521739130435,0.0633131072648769,0.8233764265505638,2
p0_defect_discovery_mvtec|leather|1024|0|detected|topk_feat|kmeans,p0_defect_discovery_mvtec,leather,dinov2_s,1024,0,detected,topk_feat,kmeans,92,5,6,0,10,0.7028760159941535,0.046762593883496364,0.6140158909913089,0.7717391304347826,0.07735672167210102,0.6255192943220524,2
p0_defect_discovery_mvtec|leather|1024|0|detected|topk_feat|ward,p0_defect_discovery_mvtec,leather,dinov2_s,1024,0,detected,topk_feat,ward,92,5,6,0,10,0.6387898507692135,0.0,0.507508705879576,0.7065217391304348,0.0801270307875139,0.5586628199816995,2
p0_defect_discovery_mvtec|leather|1024|0|detected|topk_resid|kmeans,p0_defect_discovery_mvtec,leather,dinov2_s,1024,0,detected,topk_resid,kmeans,92,5,6,0,10,0.7098763639003407,0.06443095583468572,0.6192763346345794,0.7543478260869565,0.07532332787674989,0.6345530360235908,2
p0_defect_discovery_mvtec|leather|1024|0|detected|topk_resid|ward,p0_defect_discovery_mvtec,leather,dinov2_s,1024,0,detected,topk_resid,ward,92,5,6,0,10,0.694030964423768,0.0,0.5605626371031274,0.7065217391304348,0.08408072346724817,0.6099502409565198,2
p0_defect_discovery_mvtec|leather|1024|0|detected|cls|kmeans,p0_defect_discovery_mvtec,leather,dinov2_s,1024,0,detected,cls,kmeans,92,5,6,0,10,0.7474094518809612,0.0274053903459672,0.6573741525294048,0.7956521739130434,0.07497325138018354,0.6724362005007777,2
p0_defect_discovery_mvtec|leather|1024|0|detected|cls|ward,p0_defect_discovery_mvtec,leather,dinov2_s,1024,0,detected,cls,ward,92,5,6,0,10,0.7255526727824252,0.0,0.6373348470024124,0.8043478260869565,0.07925104534742358,0.6463016274350016,2
p0_defect_discovery_mvtec|leather|1024|0|detected|mask_feat|kmeans,p0_defect_discovery_mvtec,leather,dinov2_s,1024,0,detected,mask_feat,kmeans,92,5,6,0,10,0.8166423000993905,0.039488916286359865,0.7662834091368506,0.8413043478260871,0.07480698892539606,0.7418353111739945,2
p0_defect_discovery_mvtec|leather|1024|0|detected|mask_feat|ward,p0_defect_discovery_mvtec,leather,dinov2_s,1024,0,detected,mask_feat,ward,92,5,6,0,10,0.8746358467428774,0.0,0.8492976274425319,0.9130434782608695,0.07178479322859078,0.8028510535142866,2
p0_defect_discovery_mvtec|leather|1024|1|oracle|topk_feat|kmeans,p0_defect_discovery_mvtec,leather,dinov2_s,1024,1,oracle,topk_feat,kmeans,92,5,5,0,10,0.7459056438659448,0.06292782124276043,0.6399519964997754,0.8239130434782609,0.06197054249304559,0.6839351013728993,2
p0_defect_discovery_mvtec|leather|1024|1|oracle|topk_feat|ward,p0_defect_discovery_mvtec,leather,dinov2_s,1024,1,oracle,topk_feat,ward,92,5,5,0,10,0.7561141177235818,0.0,0.6675686904935126,0.8369565217391305,0.06363062751752542,0.6924834902060564,2
p0_defect_discovery_mvtec|leather|1024|1|oracle|topk_resid|kmeans,p0_defect_discovery_mvtec,leather,dinov2_s,1024,1,oracle,topk_resid,kmeans,92,5,5,0,10,0.7181185786544534,0.046557893286426275,0.6296630917976591,0.8239130434782609,0.06243895560817679,0.6556796230462766,2
p0_defect_discovery_mvtec|leather|1024|1|oracle|topk_resid|ward,p0_defect_discovery_mvtec,leather,dinov2_s,1024,1,oracle,topk_resid,ward,92,5,5,0,10,0.7248760026492335,0.0,0.5886421143593701,0.7934782608695652,0.06861930643298873,0.6562566962162447,2
p0_defect_discovery_mvtec|leather|1024|1|oracle|cls|kmeans,p0_defect_discovery_mvtec,leather,dinov2_s,1024,1,oracle,cls,kmeans,92,5,5,0,10,0.6840444002523987,0.07181546676301177,0.5600257745419457,0.782608695652174,0.06529567805839596,0.6187487221940027,2
p0_defect_discovery_mvtec|leather|1024|1|oracle|cls|ward,p0_defect_discovery_mvtec,leather,dinov2_s,1024,1,oracle,cls,ward,92,5,5,0,10,0.7164829920274438,0.0,0.5592158096588927,0.7282608695652174,0.071370692114145,0.6451122999132988,2
p0_defect_discovery_mvtec|leather|1024|1|oracle|mask_feat|kmeans,p0_defect_discovery_mvtec,leather,dinov2_s,1024,1,oracle,mask_feat,kmeans,92,5,5,0,10,0.8133201052184399,0.011886368651918547,0.775566745981265,0.9043478260869566,0.059717741465653694,0.7536023637527862,2
p0_defect_discovery_mvtec|leather|1024|1|oracle|mask_feat|ward,p0_defect_discovery_mvtec,leather,dinov2_s,1024,1,oracle,mask_feat,ward,92,5,5,0,10,0.8866895338154407,0.0,0.8661938763587945,0.9456521739130435,0.0633131072648769,0.8233764265505638,2
p0_defect_discovery_mvtec|leather|1024|1|detected|topk_feat|kmeans,p0_defect_discovery_mvtec,leather,dinov2_s,1024,1,detected,topk_feat,kmeans,92,5,6,0,10,0.7460117341923855,0.03097134064594688,0.6694257094690329,0.7934782608695652,0.0710351337682246,0.674976600424161,2
p0_defect_discovery_mvtec|leather|1024|1|detected|topk_feat|ward,p0_defect_discovery_mvtec,leather,dinov2_s,1024,1,detected,topk_feat,ward,92,5,6,0,10,0.7520763910854369,0.0,0.6637649331234207,0.7717391304347826,0.07340279809824164,0.6786735929871952,2
p0_defect_discovery_mvtec|leather|1024|1|detected|topk_resid|kmeans,p0_defect_discovery_mvtec,leather,dinov2_s,1024,1,detected,topk_resid,kmeans,92,5,6,0,10,0.6494820211494063,0.07085465451781735,0.5419275314009095,0.7086956521739131,0.07392466057806238,0.575557360571344,2
p0_defect_discovery_mvtec|leather|1024|1|detected|topk_resid|ward,p0_defect_discovery_mvtec,leather,dinov2_s,1024,1,detected,topk_resid,ward,92,5,6,0,10,0.7034124420866603,0.0,0.6010875967399493,0.75,0.06847467683172026,0.6349377652549401,2
p0_defect_discovery_mvtec|leather|1024|1|detected|cls|kmeans,p0_defect_discovery_mvtec,leather,dinov2_s,1024,1,detected,cls,kmeans,92,5,6,0,10,0.6968261056170986,0.036127794727823334,0.5925226192645101,0.7782608695652173,0.07559336170887007,0.6212327439082285,2
p0_defect_discovery_mvtec|leather|1024|1|detected|cls|ward,p0_defect_discovery_mvtec,leather,dinov2_s,1024,1,detected,cls,ward,92,5,6,0,10,0.7255526727824252,0.0,0.6373348470024124,0.8043478260869565,0.07684813129186778,0.6487045414905575,2
p0_defect_discovery_mvtec|leather|1024|1|detected|mask_feat|kmeans,p0_defect_discovery_mvtec,leather,dinov2_s,1024,1,detected,mask_feat,kmeans,92,5,6,0,10,0.8114780665009551,0.009729200560690945,0.7699288798498888,0.8565217391304347,0.07327462663365611,0.738203439867299,2
p0_defect_discovery_mvtec|leather|1024|1|detected|mask_feat|ward,p0_defect_discovery_mvtec,leather,dinov2_s,1024,1,detected,mask_feat,ward,92,5,6,0,10,0.8746358467428774,0.0,0.8492976274425319,0.9130434782608695,0.07720994719305242,0.797425899549825,2
p0_defect_discovery_mvtec|leather|1024|2|oracle|topk_feat|kmeans,p0_defect_discovery_mvtec,leather,dinov2_s,1024,2,oracle,topk_feat,kmeans,92,5,5,0,10,0.7180350175817811,0.04318728948459369,0.6329358541842642,0.826086956521739,0.06165744909853893,0.6563775684832422,2
p0_defect_discovery_mvtec|leather|1024|2|oracle|topk_feat|ward,p0_defect_discovery_mvtec,leather,dinov2_s,1024,2,oracle,topk_feat,ward,92,5,5,0,10,0.7525444802356304,0.0,0.6542556197481275,0.8260869565217391,0.06335999874729292,0.6891844814883374,2
p0_defect_discovery_mvtec|leather|1024|2|oracle|topk_resid|kmeans,p0_defect_discovery_mvtec,leather,dinov2_s,1024,2,oracle,topk_resid,kmeans,92,5,5,0,10,0.684121492423478,0.031225566324446567,0.5651516858353076,0.7673913043478261,0.06323450971509953,0.6208869827083785,2
p0_defect_discovery_mvtec|leather|1024|2|oracle|topk_resid|ward,p0_defect_discovery_mvtec,leather,dinov2_s,1024,2,oracle,topk_resid,ward,92,5,5,0,10,0.6050864446616775,0.0,0.4450221192950193,0.717391304347826,0.06442110814311007,0.5406653365185674,2
p0_defect_discovery_mvtec|leather|1024|2|oracle|cls|kmeans,p0_defect_discovery_mvtec,leather,dinov2_s,1024,2,oracle,cls,kmeans,92,5,5,0,10,0.6840444002523987,0.07181546676301177,0.5600257745419457,0.782608695652174,0.06529567805839596,0.6187487221940027,2
p0_defect_discovery_mvtec|leather|1024|2|oracle|cls|ward,p0_defect_discovery_mvtec,leather,dinov2_s,1024,2,oracle,cls,ward,92,5,5,0,10,0.7164829920274438,0.0,0.5592158096588927,0.7282608695652174,0.071370692114145,0.6451122999132988,2
p0_defect_discovery_mvtec|leather|1024|2|oracle|mask_feat|kmeans,p0_defect_discovery_mvtec,leather,dinov2_s,1024,2,oracle,mask_feat,kmeans,92,5,5,0,10,0.8133201052184399,0.011886368651918547,0.775566745981265,0.9043478260869566,0.059717741465653694,0.7536023637527862,2
p0_defect_discovery_mvtec|leather|1024|2|oracle|mask_feat|ward,p0_defect_discovery_mvtec,leather,dinov2_s,1024,2,oracle,mask_feat,ward,92,5,5,0,10,0.8866895338154407,0.0,0.8661938763587945,0.9456521739130435,0.0633131072648769,0.8233764265505638,2
p0_defect_discovery_mvtec|leather|1024|2|detected|topk_feat|kmeans,p0_defect_discovery_mvtec,leather,dinov2_s,1024,2,detected,topk_feat,kmeans,92,5,6,0,10,0.7071873530267427,0.022793833649169183,0.5997090217910005,0.7456521739130434,0.07708951225538199,0.6300978407713608,2
p0_defect_discovery_mvtec|leather|1024|2|detected|topk_feat|ward,p0_defect_discovery_mvtec,leather,dinov2_s,1024,2,detected,topk_feat,ward,92,5,6,0,10,0.728845957385573,0.0,0.6090860174409556,0.7608695652173914,0.07522051985646727,0.6536254375291057,2
p0_defect_discovery_mvtec|leather|1024|2|detected|topk_resid|kmeans,p0_defect_discovery_mvtec,leather,dinov2_s,1024,2,detected,topk_resid,kmeans,92,5,6,0,10,0.6755201316718923,0.02808624393156337,0.5681356224700098,0.7304347826086957,0.07550752717113476,0.6000126045007576,2
p0_defect_discovery_mvtec|leather|1024|2|detected|topk_resid|ward,p0_defect_discovery_mvtec,leather,dinov2_s,1024,2,detected,topk_resid,ward,92,5,6,0,10,0.664660764464759,0.0,0.516612645031553,0.7065217391304348,0.06657766834211146,0.5980830961226475,2
p0_defect_discovery_mvtec|leather|1024|2|detected|cls|kmeans,p0_defect_discovery_mvtec,leather,dinov2_s,1024,2,detected,cls,kmeans,92,5,6,0,10,0.7393254385056902,0.02596069718954485,0.654688977114669,0.8108695652173914,0.07557208842992483,0.6637533500757654,2
p0_defect_discovery_mvtec|leather|1024|2|detected|cls|ward,p0_defect_discovery_mvtec,leather,dinov2_s,1024,2,detected,cls,ward,92,5,6,0,10,0.7255526727824252,0.0,0.6373348470024124,0.8043478260869565,0.07676051112822893,0.6487921616541963,2
p0_defect_discovery_mvtec|leather|1024|2|detected|mask_feat|kmeans,p0_defect_discovery_mvtec,leather,dinov2_s,1024,2,detected,mask_feat,kmeans,92,5,6,0,10,0.7803056473772937,0.014880678504609815,0.7206691900839346,0.8195652173913043,0.07232169125222582,0.7079839561250678,2
p0_defect_discovery_mvtec|leather|1024|2|detected|mask_feat|ward,p0_defect_discovery_mvtec,leather,dinov2_s,1024,2,detected,mask_feat,ward,92,5,6,0,10,0.8746358467428774,0.0,0.8492976274425319,0.9130434782608695,0.07089950040034881,0.8037363463425287,2
p0_defect_discovery_mvtec|metal_nut|1024|0|oracle|topk_feat|kmeans,p0_defect_discovery_mvtec,metal_nut,dinov2_s,1024,0,oracle,topk_feat,kmeans,93,4,4,0,10,0.6427899042458098,0.02480631384623565,0.5889037066933636,0.7612903225806452,0.03765412036784893,0.605135783877961,2
p0_defect_discovery_mvtec|metal_nut|1024|0|oracle|topk_feat|ward,p0_defect_discovery_mvtec,metal_nut,dinov2_s,1024,0,oracle,topk_feat,ward,93,4,4,0,10,0.6714593795617487,0.0,0.6167138974499994,0.7634408602150538,0.03741517742254425,0.6340442021392044,2
p0_defect_discovery_mvtec|metal_nut|1024|0|oracle|topk_resid|kmeans,p0_defect_discovery_mvtec,metal_nut,dinov2_s,1024,0,oracle,topk_resid,kmeans,93,4,4,0,10,0.6012205451905135,0.010576248202495081,0.5493531415528339,0.7634408602150538,0.03527805297191148,0.565942492218602,2
p0_defect_discovery_mvtec|metal_nut|1024|0|oracle|topk_resid|ward,p0_defect_discovery_mvtec,metal_nut,dinov2_s,1024,0,oracle,topk_resid,ward,93,4,4,0,10,0.6672518083757356,0.0,0.6188321391048632,0.7849462365591398,0.032776248821936325,0.6344755595537993,2
p0_defect_discovery_mvtec|metal_nut|1024|0|oracle|cls|kmeans,p0_defect_discovery_mvtec,metal_nut,dinov2_s,1024,0,oracle,cls,kmeans,93,4,4,0,10,0.47663971702611496,0.03299993247840701,0.3760891593139869,0.6129032258064516,0.03725607545684371,0.43938364156927123,2
p0_defect_discovery_mvtec|metal_nut|1024|0|oracle|cls|ward,p0_defect_discovery_mvtec,metal_nut,dinov2_s,1024,0,oracle,cls,ward,93,4,4,0,10,0.5278228734310483,0.0,0.3861528151009208,0.6451612903225806,0.03679960902685611,0.4910232644041922,2
p0_defect_discovery_mvtec|metal_nut|1024|0|oracle|mask_feat|kmeans,p0_defect_discovery_mvtec,metal_nut,dinov2_s,1024,0,oracle,mask_feat,kmeans,93,4,4,0,10,0.7618567422867607,0.01634661309916382,0.7108016706694622,0.8580645161290322,0.03653270277586121,0.7253240395108995,2
p0_defect_discovery_mvtec|metal_nut|1024|0|oracle|mask_feat|ward,p0_defect_discovery_mvtec,metal_nut,dinov2_s,1024,0,oracle,mask_feat,ward,93,4,4,0,10,0.7992541680470543,0.0,0.7825039607169757,0.9032258064516129,0.03360051504367863,0.7656536530033756,2
p0_defect_discovery_mvtec|metal_nut|1024|0|detected|topk_feat|kmeans,p0_defect_discovery_mvtec,metal_nut,dinov2_s,1024,0,detected,topk_feat,kmeans,93,4,5,0,10,0.7001195149568191,0.02075311028758286,0.6515480792564932,0.7741935483870968,0.04768531529082119,0.6524341996659979,2
p0_defect_discovery_mvtec|metal_nut|1024|0|detected|topk_feat|ward,p0_defect_discovery_mvtec,metal_nut,dinov2_s,1024,0,detected,topk_feat,ward,93,4,5,0,10,0.6897367731149615,0.0,0.648191538166174,0.7634408602150538,0.050395695690641715,0.6393410774243198,2
p0_defect_discovery_mvtec|metal_nut|1024|0|detected|topk_resid|kmeans,p0_defect_discovery_mvtec,metal_nut,dinov2_s,1024,0,detected,topk_resid,kmeans,93,4,5,0,10,0.6947833963024573,0.007570826157166698,0.6419952477774004,0.7698924731182796,0.047789168505423,0.6469942277970343,2
p0_defect_discovery_mvtec|metal_nut|1024|0|detected|topk_resid|ward,p0_defect_discovery_mvtec,metal_nut,dinov2_s,1024,0,detected,topk_resid,ward,93,4,5,0,10,0.7337336527979675,0.0,0.669000911139709,0.7849462365591398,0.04607958458388833,0.6876540682140793,2
p0_defect_discovery_mvtec|metal_nut|1024|0|detected|cls|kmeans,p0_defect_discovery_mvtec,metal_nut,dinov2_s,1024,0,detected,cls,kmeans,93,4,5,0,10,0.4504640142705548,0.027915165230854546,0.3348652501314147,0.5354838709677419,0.0488070362912422,0.4016569779793126,2
p0_defect_discovery_mvtec|metal_nut|1024|0|detected|cls|ward,p0_defect_discovery_mvtec,metal_nut,dinov2_s,1024,0,detected,cls,ward,93,4,5,0,10,0.5395878433514795,0.0,0.3905553849495547,0.5806451612903226,0.04925971513636216,0.4903281282151173,2
p0_defect_discovery_mvtec|metal_nut|1024|0|detected|mask_feat|kmeans,p0_defect_discovery_mvtec,metal_nut,dinov2_s,1024,0,detected,mask_feat,kmeans,93,4,5,0,10,0.7001524510215769,0.04717863192709656,0.6601392191471617,0.7806451612903226,0.04619980818009921,0.6539526428414777,2
p0_defect_discovery_mvtec|metal_nut|1024|0|detected|mask_feat|ward,p0_defect_discovery_mvtec,metal_nut,dinov2_s,1024,0,detected,mask_feat,ward,93,4,5,0,10,0.772933517510489,0.0,0.7490978341118755,0.8387096774193549,0.04838644148649868,0.7245470760239903,2
p0_defect_discovery_mvtec|metal_nut|1024|1|oracle|topk_feat|kmeans,p0_defect_discovery_mvtec,metal_nut,dinov2_s,1024,1,oracle,topk_feat,kmeans,93,4,4,0,10,0.6489941938591056,0.03495534332866803,0.5994006619376439,0.778494623655914,0.036864211963822766,0.6121299818952829,2
p0_defect_discovery_mvtec|metal_nut|1024|1|oracle|topk_feat|ward,p0_defect_discovery_mvtec,metal_nut,dinov2_s,1024,1,oracle,topk_feat,ward,93,4,4,0,10,0.5868203098188077,0.0,0.48873171345882044,0.7204301075268817,0.035785605542951675,0.5510347042758561,2
p0_defect_discovery_mvtec|metal_nut|1024|1|oracle|topk_resid|kmeans,p0_defect_discovery_mvtec,metal_nut,dinov2_s,1024,1,oracle,topk_resid,kmeans,93,4,4,0,10,0.6039256679799971,0.026315635763793623,0.5427797470610402,0.7483870967741936,0.035400426354962426,0.5685252416250347,2
p0_defect_discovery_mvtec|metal_nut|1024|1|oracle|topk_resid|ward,p0_defect_discovery_mvtec,metal_nut,dinov2_s,1024,1,oracle,topk_resid,ward,93,4,4,0,10,0.6067413577048419,0.0,0.5494051177104344,0.7634408602150538,0.03274959755262987,0.5739917601522121,2
p0_defect_discovery_mvtec|metal_nut|1024|1|oracle|cls|kmeans,p0_defect_discovery_mvtec,metal_nut,dinov2_s,1024,1,oracle,cls,kmeans,93,4,4,0,10,0.47663971702611496,0.03299993247840701,0.3760891593139869,0.6129032258064516,0.03725607545684371,0.43938364156927123,2
p0_defect_discovery_mvtec|metal_nut|1024|1|oracle|cls|ward,p0_defect_discovery_mvtec,metal_nut,dinov2_s,1024,1,oracle,cls,ward,93,4,4,0,10,0.5278228734310483,0.0,0.3861528151009208,0.6451612903225806,0.03679960902685611,0.4910232644041922,2
p0_defect_discovery_mvtec|metal_nut|1024|1|oracle|mask_feat|kmeans,p0_defect_discovery_mvtec,metal_nut,dinov2_s,1024,1,oracle,mask_feat,kmeans,93,4,4,0,10,0.7618567422867607,0.01634661309916382,0.7108016706694622,0.8580645161290322,0.03653270277586121,0.7253240395108995,2
p0_defect_discovery_mvtec|metal_nut|1024|1|oracle|mask_feat|ward,p0_defect_discovery_mvtec,metal_nut,dinov2_s,1024,1,oracle,mask_feat,ward,93,4,4,0,10,0.7992541680470543,0.0,0.7825039607169757,0.9032258064516129,0.03360051504367863,0.7656536530033756,2
p0_defect_discovery_mvtec|metal_nut|1024|1|detected|topk_feat|kmeans,p0_defect_discovery_mvtec,metal_nut,dinov2_s,1024,1,detected,topk_feat,kmeans,93,4,5,0,10,0.7017674838372685,0.03282195300633812,0.6587846555366452,0.7827956989247312,0.04564099125714559,0.6561264925801229,2
p0_defect_discovery_mvtec|metal_nut|1024|1|detected|topk_feat|ward,p0_defect_discovery_mvtec,metal_nut,dinov2_s,1024,1,detected,topk_feat,ward,93,4,5,0,10,0.6224061724515955,0.0,0.5443031126448235,0.7204301075268817,0.04712647461066288,0.5752796978409326,2
p0_defect_discovery_mvtec|metal_nut|1024|1|detected|topk_resid|kmeans,p0_defect_discovery_mvtec,metal_nut,dinov2_s,1024,1,detected,topk_resid,kmeans,93,4,5,0,10,0.687093925831272,0.047317408694871416,0.6266344485472909,0.7612903225806452,0.046167669344524945,0.6409262564867471,2
p0_defect_discovery_mvtec|metal_nut|1024|1|detected|topk_resid|ward,p0_defect_discovery_mvtec,metal_nut,dinov2_s,1024,1,detected,topk_resid,ward,93,4,5,0,10,0.6805888958915922,0.0,0.6062249401002566,0.7634408602150538,0.04492171264551399,0.6356671832460782,2
p0_defect_discovery_mvtec|metal_nut|1024|1|detected|cls|kmeans,p0_defect_discovery_mvtec,metal_nut,dinov2_s,1024,1,detected,cls,kmeans,93,4,5,0,10,0.49355212684512456,0.0354668326185976,0.3804426508269742,0.5827956989247312,0.04668788916015536,0.4468642376849692,2
p0_defect_discovery_mvtec|metal_nut|1024|1|detected|cls|ward,p0_defect_discovery_mvtec,metal_nut,dinov2_s,1024,1,detected,cls,ward,93,4,5,0,10,0.5395878433514795,0.0,0.3905553849495547,0.5806451612903226,0.042003998500616875,0.4975838448508626,2
p0_defect_discovery_mvtec|metal_nut|1024|1|detected|mask_feat|kmeans,p0_defect_discovery_mvtec,metal_nut,dinov2_s,1024,1,detected,mask_feat,kmeans,93,4,5,0,10,0.712104586701043,0.04835488234797113,0.6374984058204898,0.7591397849462366,0.04750411968980392,0.6646004670112391,2
p0_defect_discovery_mvtec|metal_nut|1024|1|detected|mask_feat|ward,p0_defect_discovery_mvtec,metal_nut,dinov2_s,1024,1,detected,mask_feat,ward,93,4,5,0,10,0.772933517510489,0.0,0.7490978341118755,0.8387096774193549,0.0511696871425521,0.7217638303679369,2
p0_defect_discovery_mvtec|metal_nut|1024|2|oracle|topk_feat|kmeans,p0_defect_discovery_mvtec,metal_nut,dinov2_s,1024,2,oracle,topk_feat,kmeans,93,4,4,0,10,0.6549735593393184,0.016418384041864298,0.6004619592140226,0.746236559139785,0.03874223052753851,0.6162313288117799,2
p0_defect_discovery_mvtec|metal_nut|1024|2|oracle|topk_feat|ward,p0_defect_discovery_mvtec,metal_nut,dinov2_s,1024,2,oracle,topk_feat,ward,93,4,4,0,10,0.7772746702072819,0.0,0.7535883023151864,0.8924731182795699,0.029856944909554033,0.7474177252977279,2
p0_defect_discovery_mvtec|metal_nut|1024|2|oracle|topk_resid|kmeans,p0_defect_discovery_mvtec,metal_nut,dinov2_s,1024,2,oracle,topk_resid,kmeans,93,4,4,0,10,0.6171706660964106,0.02942518656052633,0.5594823429170974,0.7440860215053764,0.035389282087228094,0.5817813840091824,2
p0_defect_discovery_mvtec|metal_nut|1024|2|oracle|topk_resid|ward,p0_defect_discovery_mvtec,metal_nut,dinov2_s,1024,2,oracle,topk_resid,ward,93,4,4,0,10,0.6523351302696024,0.0,0.5677921151746117,0.7634408602150538,0.03512410348930075,0.6172110267803017,2
p0_defect_discovery_mvtec|metal_nut|1024|2|oracle|cls|kmeans,p0_defect_discovery_mvtec,metal_nut,dinov2_s,1024,2,oracle,cls,kmeans,93,4,4,0,10,0.47663971702611496,0.03299993247840701,0.3760891593139869,0.6129032258064516,0.03725607545684371,0.43938364156927123,2
p0_defect_discovery_mvtec|metal_nut|1024|2|oracle|cls|ward,p0_defect_discovery_mvtec,metal_nut,dinov2_s,1024,2,oracle,cls,ward,93,4,4,0,10,0.5278228734310483,0.0,0.3861528151009208,0.6451612903225806,0.03679960902685611,0.4910232644041922,2
p0_defect_discovery_mvtec|metal_nut|1024|2|oracle|mask_feat|kmeans,p0_defect_discovery_mvtec,metal_nut,dinov2_s,1024,2,oracle,mask_feat,kmeans,93,4,4,0,10,0.7618567422867607,0.01634661309916382,0.7108016706694622,0.8580645161290322,0.03653270277586121,0.7253240395108995,2
p0_defect_discovery_mvtec|metal_nut|1024|2|oracle|mask_feat|ward,p0_defect_discovery_mvtec,metal_nut,dinov2_s,1024,2,oracle,mask_feat,ward,93,4,4,0,10,0.7992541680470543,0.0,0.7825039607169757,0.9032258064516129,0.03360051504367863,0.7656536530033756,2
p0_defect_discovery_mvtec|metal_nut|1024|2|detected|topk_feat|kmeans,p0_defect_discovery_mvtec,metal_nut,dinov2_s,1024,2,detected,topk_feat,kmeans,93,4,5,0,10,0.6706105563202731,0.01946289740053863,0.6257254896597264,0.7612903225806452,0.045031560540106916,0.6255789957801662,2
p0_defect_discovery_mvtec|metal_nut|1024|2|detected|topk_feat|ward,p0_defect_discovery_mvtec,metal_nut,dinov2_s,1024,2,detected,topk_feat,ward,93,4,5,0,10,0.7491939683861593,0.0,0.7041208410340453,0.7956989247311828,0.04159735188652904,0.7075966164996302,2
p0_defect_discovery_mvtec|metal_nut|1024|2|detected|topk_resid|kmeans,p0_defect_discovery_mvtec,metal_nut,dinov2_s,1024,2,detected,topk_resid,kmeans,93,4,5,0,10,0.7318906724378496,0.011580228622220015,0.6743983310362602,0.7698924731182796,0.045690985718663465,0.6861996867191861,2
p0_defect_discovery_mvtec|metal_nut|1024|2|detected|topk_resid|ward,p0_defect_discovery_mvtec,metal_nut,dinov2_s,1024,2,detected,topk_resid,ward,93,4,5,0,10,0.7372908769605215,0.0,0.6512140934241245,0.7634408602150538,0.03854821126943196,0.6987426656910896,2
p0_defect_discovery_mvtec|metal_nut|1024|2|detected|cls|kmeans,p0_defect_discovery_mvtec,metal_nut,dinov2_s,1024,2,detected,cls,kmeans,93,4,5,0,10,0.4591263398462494,0.02644769269948226,0.34407500019219184,0.5526881720430107,0.04779497522620622,0.41133136462004316,2
p0_defect_discovery_mvtec|metal_nut|1024|2|detected|cls|ward,p0_defect_discovery_mvtec,metal_nut,dinov2_s,1024,2,detected,cls,ward,93,4,5,0,10,0.5395878433514795,0.0,0.3905553849495547,0.5806451612903226,0.04863821247451396,0.4909496308769655,2
p0_defect_discovery_mvtec|metal_nut|1024|2|detected|mask_feat|kmeans,p0_defect_discovery_mvtec,metal_nut,dinov2_s,1024,2,detected,mask_feat,kmeans,93,4,5,0,10,0.7153307084816285,0.05404218604648174,0.6727523126712275,0.7612903225806452,0.04614651773545806,0.6691841907461704,2
p0_defect_discovery_mvtec|metal_nut|1024|2|detected|mask_feat|ward,p0_defect_discovery_mvtec,metal_nut,dinov2_s,1024,2,detected,mask_feat,ward,93,4,5,0,10,0.772933517510489,0.0,0.7490978341118755,0.8387096774193549,0.048070596491070386,0.7248629210194186,2
p0_defect_discovery_mvtec|pill|1024|0|oracle|topk_feat|kmeans,p0_defect_discovery_mvtec,pill,dinov2_s,1024,0,oracle,topk_feat,kmeans,124,6,6,0,10,0.6214264823554406,0.04072059653481332,0.5277260564441044,0.6725806451612903,0.06407425616446172,0.5573522261909789,2
p0_defect_discovery_mvtec|pill|1024|0|oracle|topk_feat|ward,p0_defect_discovery_mvtec,pill,dinov2_s,1024,0,oracle,topk_feat,ward,124,6,6,0,10,0.8238061690620101,0.0,0.7473000879385813,0.8548387096774194,0.06497954297212438,0.7588266260898857,2
p0_defect_discovery_mvtec|pill|1024|0|oracle|topk_resid|kmeans,p0_defect_discovery_mvtec,pill,dinov2_s,1024,0,oracle,topk_resid,kmeans,124,6,6,0,10,0.6123942501909021,0.057923873365948786,0.5219382686506416,0.7354838709677419,0.06418014510008152,0.5482141050908206,2
p0_defect_discovery_mvtec|pill|1024|0|oracle|topk_resid|ward,p0_defect_discovery_mvtec,pill,dinov2_s,1024,0,oracle,topk_resid,ward,124,6,6,0,10,0.6883156948248903,0.0,0.5622835784482213,0.75,0.06905871684290947,0.6192569779819809,2
p0_defect_discovery_mvtec|pill|1024|0|oracle|cls|kmeans,p0_defect_discovery_mvtec,pill,dinov2_s,1024,0,oracle,cls,kmeans,124,6,6,0,10,0.36359703354989575,0.05071849686727234,0.1872394188887926,0.4677419354838709,0.07073729601990932,0.29285973752998645,2
p0_defect_discovery_mvtec|pill|1024|0|oracle|cls|ward,p0_defect_discovery_mvtec,pill,dinov2_s,1024,0,oracle,cls,ward,124,6,6,0,10,0.40843157909146766,0.0,0.22013453468948072,0.5,0.0693377552961727,0.33909382379529496,2
p0_defect_discovery_mvtec|pill|1024|0|oracle|mask_feat|kmeans,p0_defect_discovery_mvtec,pill,dinov2_s,1024,0,oracle,mask_feat,kmeans,124,6,6,0,10,0.7045374230229798,0.018609779811692356,0.5960918172830911,0.746774193548387,0.06552952421458658,0.6390078988083933,2
p0_defect_discovery_mvtec|pill|1024|0|oracle|mask_feat|ward,p0_defect_discovery_mvtec,pill,dinov2_s,1024,0,oracle,mask_feat,ward,124,6,6,0,10,0.7434175800887419,0.0,0.6473496525619906,0.7903225806451613,0.07058917102616802,0.6728284090625739,2
p0_defect_discovery_mvtec|pill|1024|0|detected|topk_feat|kmeans,p0_defect_discovery_mvtec,pill,dinov2_s,1024,0,detected,topk_feat,kmeans,107,6,7,2,10,0.7104161098594527,0.03580509167770704,0.5948589553110267,0.7214953271028037,0.1043155259130176,0.6061005839464351,2
p0_defect_discovery_mvtec|pill|1024|0|detected|topk_feat|ward,p0_defect_discovery_mvtec,pill,dinov2_s,1024,0,detected,topk_feat,ward,107,6,7,2,10,0.8077296308123864,0.0,0.735136271848632,0.8130841121495327,0.1119486671065916,0.6957809637057948,2
p0_defect_discovery_mvtec|pill|1024|0|detected|topk_resid|kmeans,p0_defect_discovery_mvtec,pill,dinov2_s,1024,0,detected,topk_resid,kmeans,107,6,7,2,10,0.6746934189475697,0.011242522407427602,0.5622507647905534,0.7158878504672896,0.10353375172356209,0.5711596672240077,2
p0_defect_discovery_mvtec|pill|1024|0|detected|topk_resid|ward,p0_defect_discovery_mvtec,pill,dinov2_s,1024,0,detected,topk_resid,ward,107,6,7,2,10,0.6447140219819981,0.0,0.48709999730342635,0.6822429906542056,0.10598501501481364,0.5387290069671845,2
p0_defect_discovery_mvtec|pill|1024|0|detected|cls|kmeans,p0_defect_discovery_mvtec,pill,dinov2_s,1024,0,detected,cls,kmeans,107,6,7,2,10,0.42560988503672237,0.022661345074794115,0.21453059945787203,0.5009345794392523,0.10544369277801031,0.32016619225871207,2
p0_defect_discovery_mvtec|pill|1024|0|detected|cls|ward,p0_defect_discovery_mvtec,pill,dinov2_s,1024,0,detected,cls,ward,107,6,7,2,10,0.38334075874576296,0.0,0.16971983364530283,0.4485981308411215,0.1143818877896087,0.26895887095615423,2
p0_defect_discovery_mvtec|pill|1024|0|detected|mask_feat|kmeans,p0_defect_discovery_mvtec,pill,dinov2_s,1024,0,detected,mask_feat,kmeans,107,6,7,2,10,0.706458808231266,0.011038176110642232,0.5582695836437818,0.7046728971962617,0.106091390755644,0.600367417475622,2
p0_defect_discovery_mvtec|pill|1024|0|detected|mask_feat|ward,p0_defect_discovery_mvtec,pill,dinov2_s,1024,0,detected,mask_feat,ward,107,6,7,2,10,0.7307111677201866,0.0,0.6448004113302795,0.794392523364486,0.10452247556955016,0.6261886921506364,2
p0_defect_discovery_mvtec|pill|1024|1|oracle|topk_feat|kmeans,p0_defect_discovery_mvtec,pill,dinov2_s,1024,1,oracle,topk_feat,kmeans,124,6,6,0,10,0.6372329851557781,0.042541831454670366,0.547521926998731,0.714516129032258,0.0646029285834645,0.5726300565723136,2
p0_defect_discovery_mvtec|pill|1024|1|oracle|topk_feat|ward,p0_defect_discovery_mvtec,pill,dinov2_s,1024,1,oracle,topk_feat,ward,124,6,6,0,10,0.7306888256612123,0.0,0.6342369628128972,0.782258064516129,0.06723541731422736,0.663453408346985,2
p0_defect_discovery_mvtec|pill|1024|1|oracle|topk_resid|kmeans,p0_defect_discovery_mvtec,pill,dinov2_s,1024,1,oracle,topk_resid,kmeans,124,6,6,0,10,0.646673796132613,0.039768541319226164,0.53345391640721,0.7338709677419354,0.06467081270583609,0.5820029834267769,2
p0_defect_discovery_mvtec|pill|1024|1|oracle|topk_resid|ward,p0_defect_discovery_mvtec,pill,dinov2_s,1024,1,oracle,topk_resid,ward,124,6,6,0,10,0.6446252638869745,0.0,0.4884960576769323,0.6612903225806451,0.06505997940114078,0.5795652844858337,2
p0_defect_discovery_mvtec|pill|1024|1|oracle|cls|kmeans,p0_defect_discovery_mvtec,pill,dinov2_s,1024,1,oracle,cls,kmeans,124,6,6,0,10,0.36359703354989575,0.05071849686727234,0.1872394188887926,0.4677419354838709,0.07073729601990932,0.29285973752998645,2
p0_defect_discovery_mvtec|pill|1024|1|oracle|cls|ward,p0_defect_discovery_mvtec,pill,dinov2_s,1024,1,oracle,cls,ward,124,6,6,0,10,0.40843157909146766,0.0,0.22013453468948072,0.5,0.0693377552961727,0.33909382379529496,2
p0_defect_discovery_mvtec|pill|1024|1|oracle|mask_feat|kmeans,p0_defect_discovery_mvtec,pill,dinov2_s,1024,1,oracle,mask_feat,kmeans,124,6,6,0,10,0.7045374230229798,0.018609779811692356,0.5960918172830911,0.746774193548387,0.06552952421458658,0.6390078988083933,2
p0_defect_discovery_mvtec|pill|1024|1|oracle|mask_feat|ward,p0_defect_discovery_mvtec,pill,dinov2_s,1024,1,oracle,mask_feat,ward,124,6,6,0,10,0.7434175800887419,0.0,0.6473496525619906,0.7903225806451613,0.07058917102616802,0.6728284090625739,2
p0_defect_discovery_mvtec|pill|1024|1|detected|topk_feat|kmeans,p0_defect_discovery_mvtec,pill,dinov2_s,1024,1,detected,topk_feat,kmeans,107,6,7,2,10,0.7005064821045861,0.03315946697210426,0.5646478270146454,0.7102803738317757,0.1006973477378607,0.5998091343667254,2
p0_defect_discovery_mvtec|pill|1024|1|detected|topk_feat|ward,p0_defect_discovery_mvtec,pill,dinov2_s,1024,1,detected,topk_feat,ward,107,6,7,2,10,0.7297293272932204,0.0,0.6163622070387675,0.7663551401869159,0.09731689374471306,0.6324124335485073,2
p0_defect_discovery_mvtec|pill|1024|1|detected|topk_resid|kmeans,p0_defect_discovery_mvtec,pill,dinov2_s,1024,1,detected,topk_resid,kmeans,107,6,7,2,10,0.6545147533784951,0.018770256396861727,0.5172901423693154,0.7102803738317757,0.09900149485939139,0.5555132585191037,2
p0_defect_discovery_mvtec|pill|1024|1|detected|topk_resid|ward,p0_defect_discovery_mvtec,pill,dinov2_s,1024,1,detected,topk_resid,ward,107,6,7,2,10,0.6873372392747438,0.0,0.5272337110515228,0.6728971962616822,0.10102241151386944,0.5863148277608743,2
p0_defect_discovery_mvtec|pill|1024|1|detected|cls|kmeans,p0_defect_discovery_mvtec,pill,dinov2_s,1024,1,detected,cls,kmeans,107,6,7,2,10,0.4209860692168732,0.04663830652158821,0.20111156011922043,0.48971962616822423,0.09984551972115095,0.32114054949572224,2
p0_defect_discovery_mvtec|pill|1024|1|detected|cls|ward,p0_defect_discovery_mvtec,pill,dinov2_s,1024,1,detected,cls,ward,107,6,7,2,10,0.3915939484653251,0.0,0.16516458606185808,0.4672897196261682,0.10542104485946513,0.28617290360585995,2
p0_defect_discovery_mvtec|pill|1024|1|detected|mask_feat|kmeans,p0_defect_discovery_mvtec,pill,dinov2_s,1024,1,detected,mask_feat,kmeans,107,6,7,2,10,0.7532053039114197,0.03770194931921614,0.6344674469205976,0.7757009345794392,0.09902284735763348,0.6541824565537863,2
p0_defect_discovery_mvtec|pill|1024|1|detected|mask_feat|ward,p0_defect_discovery_mvtec,pill,dinov2_s,1024,1,detected,mask_feat,ward,107,6,7,2,10,0.7011398253162977,0.0,0.5599432054541994,0.7383177570093458,0.10113882050699727,0.6000010048093004,2
p0_defect_discovery_mvtec|pill|1024|2|oracle|topk_feat|kmeans,p0_defect_discovery_mvtec,pill,dinov2_s,1024,2,oracle,topk_feat,kmeans,124,6,6,0,10,0.6452732024740454,0.045679209251578125,0.5459781111671566,0.6870967741935483,0.06409546653086738,0.581177735943178,2
p0_defect_discovery_mvtec|pill|1024|2|oracle|topk_feat|ward,p0_defect_discovery_mvtec,pill,dinov2_s,1024,2,oracle,topk_feat,ward,124,6,6,0,10,0.7603872509357278,0.0,0.6474165925453299,0.782258064516129,0.06457306710285446,0.6958141838328733,2
p0_defect_discovery_mvtec|pill|1024|2|oracle|topk_resid|kmeans,p0_defect_discovery_mvtec,pill,dinov2_s,1024,2,oracle,topk_resid,kmeans,124,6,6,0,10,0.6098675329659067,0.015664018748061455,0.4945625235858692,0.7016129032258065,0.06312717908239131,0.5467403538835154,2
p0_defect_discovery_mvtec|pill|1024|2|oracle|topk_resid|ward,p0_defect_discovery_mvtec,pill,dinov2_s,1024,2,oracle,topk_resid,ward,124,6,6,0,10,0.6844011667922912,0.0,0.5960905449357164,0.7419354838709677,0.06582895002878932,0.6185722167635019,2
p0_defect_discovery_mvtec|pill|1024|2|oracle|cls|kmeans,p0_defect_discovery_mvtec,pill,dinov2_s,1024,2,oracle,cls,kmeans,124,6,6,0,10,0.36359703354989575,0.05071849686727234,0.1872394188887926,0.4677419354838709,0.07073729601990932,0.29285973752998645,2
p0_defect_discovery_mvtec|pill|1024|2|oracle|cls|ward,p0_defect_discovery_mvtec,pill,dinov2_s,1024,2,oracle,cls,ward,124,6,6,0,10,0.40843157909146766,0.0,0.22013453468948072,0.5,0.0693377552961727,0.33909382379529496,2
p0_defect_discovery_mvtec|pill|1024|2|oracle|mask_feat|kmeans,p0_defect_discovery_mvtec,pill,dinov2_s,1024,2,oracle,mask_feat,kmeans,124,6,6,0,10,0.7045374230229798,0.018609779811692356,0.5960918172830911,0.746774193548387,0.06552952421458658,0.6390078988083933,2
p0_defect_discovery_mvtec|pill|1024|2|oracle|mask_feat|ward,p0_defect_discovery_mvtec,pill,dinov2_s,1024,2,oracle,mask_feat,ward,124,6,6,0,10,0.7434175800887419,0.0,0.6473496525619906,0.7903225806451613,0.07058917102616802,0.6728284090625739,2
p0_defect_discovery_mvtec|pill|1024|2|detected|topk_feat|kmeans,p0_defect_discovery_mvtec,pill,dinov2_s,1024,2,detected,topk_feat,kmeans,107,6,7,1,10,0.7432064947364785,0.035270104587445075,0.6265976834078925,0.7495327102803737,0.09868607476893743,0.6445204199675411,2
p0_defect_discovery_mvtec|pill|1024|2|detected|topk_feat|ward,p0_defect_discovery_mvtec,pill,dinov2_s,1024,2,detected,topk_feat,ward,107,6,7,1,10,0.7792371960872162,0.0,0.7027394982658296,0.8130841121495327,0.0972884245393367,0.6819487715478795,2
p0_defect_discovery_mvtec|pill|1024|2|detected|topk_resid|kmeans,p0_defect_discovery_mvtec,pill,dinov2_s,1024,2,detected,topk_resid,kmeans,107,6,7,1,10,0.7021975756871413,0.06139782650620123,0.575322325072082,0.725233644859813,0.10060379406412993,0.6015937816230114,2
p0_defect_discovery_mvtec|pill|1024|2|detected|topk_resid|ward,p0_defect_discovery_mvtec,pill,dinov2_s,1024,2,detected,topk_resid,ward,107,6,7,1,10,0.7650197395787941,0.0,0.6729161078137555,0.7850467289719626,0.09631713531333855,0.6687026042654556,2
p0_defect_discovery_mvtec|pill|1024|2|detected|cls|kmeans,p0_defect_discovery_mvtec,pill,dinov2_s,1024,2,detected,cls,kmeans,107,6,7,1,10,0.4045453402122653,0.029591391520317794,0.20735518115424584,0.497196261682243,0.09657342581481607,0.3079719143974492,2
p0_defect_discovery_mvtec|pill|1024|2|detected|cls|ward,p0_defect_discovery_mvtec,pill,dinov2_s,1024,2,detected,cls,ward,107,6,7,1,10,0.41783102166148905,0.0,0.21892032162602187,0.5233644859813084,0.10851540635656498,0.3093156153049241,2
p0_defect_discovery_mvtec|pill|1024|2|detected|mask_feat|kmeans,p0_defect_discovery_mvtec,pill,dinov2_s,1024,2,detected,mask_feat,kmeans,107,6,7,1,10,0.7264340194725343,0.0383637944799221,0.5802194736899796,0.7214953271028037,0.09870731498328242,0.6277267044892518,2
p0_defect_discovery_mvtec|pill|1024|2|detected|mask_feat|ward,p0_defect_discovery_mvtec,pill,dinov2_s,1024,2,detected,mask_feat,ward,107,6,7,1,10,0.6891967392710856,0.0,0.5165075031303703,0.6915887850467289,0.10327431545258055,0.585922423818505,2
p0_defect_discovery_mvtec|screw|1024|0|oracle|topk_feat|kmeans,p0_defect_discovery_mvtec,screw,dinov2_s,1024,0,oracle,topk_feat,kmeans,119,5,5,0,10,0.47957007480727265,0.02502629163779412,0.4000936496917421,0.6554621848739496,0.045116991652344896,0.43445308315492775,2
p0_defect_discovery_mvtec|screw|1024|0|oracle|topk_feat|ward,p0_defect_discovery_mvtec,screw,dinov2_s,1024,0,oracle,topk_feat,ward,119,5,5,0,10,0.4078065629300995,0.0,0.2942763130022172,0.5882352941176471,0.04452372480496006,0.3632828381251394,2
p0_defect_discovery_mvtec|screw|1024|0|oracle|topk_resid|kmeans,p0_defect_discovery_mvtec,screw,dinov2_s,1024,0,oracle,topk_resid,kmeans,119,5,5,0,10,0.5528459873227541,0.04436519324464842,0.48356479809952824,0.7109243697478991,0.04644286652654422,0.50640312079621,2
p0_defect_discovery_mvtec|screw|1024|0|oracle|topk_resid|ward,p0_defect_discovery_mvtec,screw,dinov2_s,1024,0,oracle,topk_resid,ward,119,5,5,0,10,0.5351028009153251,0.0,0.4838534389768402,0.7142857142857143,0.04177250190827979,0.49333029900704534,2
p0_defect_discovery_mvtec|screw|1024|0|oracle|cls|kmeans,p0_defect_discovery_mvtec,screw,dinov2_s,1024,0,oracle,cls,kmeans,119,5,5,0,10,0.02870661708638205,0.003345989620105418,-0.011527870524171658,0.26218487394957984,0.05004821271103273,-0.021341595624650676,2
p0_defect_discovery_mvtec|screw|1024|0|oracle|cls|ward,p0_defect_discovery_mvtec,screw,dinov2_s,1024,0,oracle,cls,ward,119,5,5,0,10,0.054847003860140756,0.0,0.003889867494008533,0.2857142857142857,0.048109283066683696,0.00673772079345706,2
p0_defect_discovery_mvtec|screw|1024|0|oracle|mask_feat|kmeans,p0_defect_discovery_mvtec,screw,dinov2_s,1024,0,oracle,mask_feat,kmeans,119,5,5,0,10,0.9098161454909526,0.007855288943590074,0.9044927748084437,0.9579831932773109,0.04354824936456971,0.8662678961263829,2
p0_defect_discovery_mvtec|screw|1024|0|oracle|mask_feat|ward,p0_defect_discovery_mvtec,screw,dinov2_s,1024,0,oracle,mask_feat,ward,119,5,5,0,10,0.896752161419206,0.0,0.887768515797776,0.9495798319327731,0.04241315348478526,0.8543390079344207,2
p0_defect_discovery_mvtec|screw|1024|0|detected|topk_feat|kmeans,p0_defect_discovery_mvtec,screw,dinov2_s,1024,0,detected,topk_feat,kmeans,119,5,6,10,10,0.5083926362138333,0.03985668130060236,0.4300394444480329,0.6369747899159665,0.06965528222787769,0.43873735398595565,2
p0_defect_discovery_mvtec|screw|1024|0|detected|topk_feat|ward,p0_defect_discovery_mvtec,screw,dinov2_s,1024,0,detected,topk_feat,ward,119,5,6,10,10,0.44393752853499235,0.0,0.35362965452961936,0.5966386554621849,0.0693179897790802,0.37461953875591214,2
p0_defect_discovery_mvtec|screw|1024|0|detected|topk_resid|kmeans,p0_defect_discovery_mvtec,screw,dinov2_s,1024,0,detected,topk_resid,kmeans,119,5,6,10,10,0.6107356042387362,0.030207070301868304,0.5357880428256664,0.7512605042016807,0.06902154274063563,0.5417140614981005,2
p0_defect_discovery_mvtec|screw|1024|0|detected|topk_resid|ward,p0_defect_discovery_mvtec,screw,dinov2_s,1024,0,detected,topk_resid,ward,119,5,6,10,10,0.5098541166906989,0.0,0.4103581229535526,0.6302521008403361,0.0657654308120452,0.4440886858786537,2
p0_defect_discovery_mvtec|screw|1024|0|detected|cls|kmeans,p0_defect_discovery_mvtec,screw,dinov2_s,1024,0,detected,cls,kmeans,119,5,6,10,10,0.05264552989206285,0.007839191985686219,-0.006464950175136984,0.2638655462184874,0.06818697625338671,-0.01554144636132386,2
p0_defect_discovery_mvtec|screw|1024|0|detected|cls|ward,p0_defect_discovery_mvtec,screw,dinov2_s,1024,0,detected,cls,ward,119,5,6,10,10,0.0550427087843588,0.0,-0.005988212676100728,0.2689075630252101,0.06597762331492599,-0.010934914530567184,2
p0_defect_discovery_mvtec|screw|1024|0|detected|mask_feat|kmeans,p0_defect_discovery_mvtec,screw,dinov2_s,1024,0,detected,mask_feat,kmeans,119,5,6,10,10,0.7633154501393247,0.018006293510047303,0.6669601913250822,0.7210084033613446,0.07171430762820392,0.6916011425111207,2
p0_defect_discovery_mvtec|screw|1024|0|detected|mask_feat|ward,p0_defect_discovery_mvtec,screw,dinov2_s,1024,0,detected,mask_feat,ward,119,5,6,10,10,0.8111303912929704,0.0,0.7208561451597617,0.773109243697479,0.07012768710200687,0.7410027041909635,2
p0_defect_discovery_mvtec|screw|1024|1|oracle|topk_feat|kmeans,p0_defect_discovery_mvtec,screw,dinov2_s,1024,1,oracle,topk_feat,kmeans,119,5,5,0,10,0.48849219136892286,0.022052963018435782,0.40502778609635814,0.6521008403361345,0.044120640871443476,0.4443715504974794,2
p0_defect_discovery_mvtec|screw|1024|1|oracle|topk_feat|ward,p0_defect_discovery_mvtec,screw,dinov2_s,1024,1,oracle,topk_feat,ward,119,5,5,0,10,0.4942217126795189,0.0,0.3580608346151938,0.6134453781512605,0.04433039659231282,0.4498913160872061,2
p0_defect_discovery_mvtec|screw|1024|1|oracle|topk_resid|kmeans,p0_defect_discovery_mvtec,screw,dinov2_s,1024,1,oracle,topk_resid,kmeans,119,5,5,0,10,0.5231061650492391,0.07915509291062772,0.44422644263343153,0.680672268907563,0.04402670176776115,0.479079463281478,2
p0_defect_discovery_mvtec|screw|1024|1|oracle|topk_resid|ward,p0_defect_discovery_mvtec,screw,dinov2_s,1024,1,oracle,topk_resid,ward,119,5,5,0,10,0.4991723980281288,0.0,0.3344092345092221,0.6722689075630253,0.048119522907229234,0.45105287512089953,2
p0_defect_discovery_mvtec|screw|1024|1|oracle|cls|kmeans,p0_defect_discovery_mvtec,screw,dinov2_s,1024,1,oracle,cls,kmeans,119,5,5,0,10,0.02870661708638205,0.003345989620105418,-0.011527870524171658,0.26218487394957984,0.05004821271103273,-0.021341595624650676,2
p0_defect_discovery_mvtec|screw|1024|1|oracle|cls|ward,p0_defect_discovery_mvtec,screw,dinov2_s,1024,1,oracle,cls,ward,119,5,5,0,10,0.054847003860140756,0.0,0.003889867494008533,0.2857142857142857,0.048109283066683696,0.00673772079345706,2
p0_defect_discovery_mvtec|screw|1024|1|oracle|mask_feat|kmeans,p0_defect_discovery_mvtec,screw,dinov2_s,1024,1,oracle,mask_feat,kmeans,119,5,5,0,10,0.9098161454909526,0.007855288943590074,0.9044927748084437,0.9579831932773109,0.04354824936456971,0.8662678961263829,2
p0_defect_discovery_mvtec|screw|1024|1|oracle|mask_feat|ward,p0_defect_discovery_mvtec,screw,dinov2_s,1024,1,oracle,mask_feat,ward,119,5,5,0,10,0.896752161419206,0.0,0.887768515797776,0.9495798319327731,0.04241315348478526,0.8543390079344207,2
p0_defect_discovery_mvtec|screw|1024|1|detected|topk_feat|kmeans,p0_defect_discovery_mvtec,screw,dinov2_s,1024,1,detected,topk_feat,kmeans,119,5,6,11,10,0.5307748185079896,0.02584458504601366,0.45070408040435783,0.6722689075630253,0.06849525011302116,0.4622795683949684,2
p0_defect_discovery_mvtec|screw|1024|1|detected|topk_feat|ward,p0_defect_discovery_mvtec,screw,dinov2_s,1024,1,detected,topk_feat,ward,119,5,6,11,10,0.5137326447674168,0.0,0.4149337617624642,0.6302521008403361,0.07350583457268565,0.4402268101947311,2
p0_defect_discovery_mvtec|screw|1024|1|detected|topk_resid|kmeans,p0_defect_discovery_mvtec,screw,dinov2_s,1024,1,detected,topk_resid,kmeans,119,5,6,11,10,0.5926916908291802,0.06268720577924093,0.5176763908810883,0.7310924369747899,0.06914664853418943,0.5235450422949908,2
p0_defect_discovery_mvtec|screw|1024|1|detected|topk_resid|ward,p0_defect_discovery_mvtec,screw,dinov2_s,1024,1,detected,topk_resid,ward,119,5,6,11,10,0.5206685919673254,0.0,0.3862308201071029,0.6722689075630253,0.06545641727662685,0.4552121746906985,2
p0_defect_discovery_mvtec|screw|1024|1|detected|cls|kmeans,p0_defect_discovery_mvtec,screw,dinov2_s,1024,1,detected,cls,kmeans,119,5,6,11,10,0.05023682348457599,0.007842431545590818,-0.009149223204644397,0.25210084033613445,0.06717604019604603,-0.016939216711470043,2
p0_defect_discovery_mvtec|screw|1024|1|detected|cls|ward,p0_defect_discovery_mvtec,screw,dinov2_s,1024,1,detected,cls,ward,119,5,6,11,10,0.04957598132986848,0.0,-0.011567933423535565,0.25210084033613445,0.06819354520588282,-0.01861756387601434,2
p0_defect_discovery_mvtec|screw|1024|1|detected|mask_feat|kmeans,p0_defect_discovery_mvtec,screw,dinov2_s,1024,1,detected,mask_feat,kmeans,119,5,6,11,10,0.8227337809381432,0.0244930912711122,0.7757523483968569,0.8655462184873951,0.0668322165599846,0.7559015643781586,2
p0_defect_discovery_mvtec|screw|1024|1|detected|mask_feat|ward,p0_defect_discovery_mvtec,screw,dinov2_s,1024,1,detected,mask_feat,ward,119,5,6,11,10,0.8017661713884705,0.0,0.6929789035303945,0.7563025210084033,0.07582157790614702,0.7259445934823234,2
p0_defect_discovery_mvtec|screw|1024|2|oracle|topk_feat|kmeans,p0_defect_discovery_mvtec,screw,dinov2_s,1024,2,oracle,topk_feat,kmeans,119,5,5,0,10,0.5365843729842611,0.03972112432291085,0.4738938449074833,0.707563025210084,0.04321421989538873,0.4933701530888724,2
p0_defect_discovery_mvtec|screw|1024|2|oracle|topk_feat|ward,p0_defect_discovery_mvtec,screw,dinov2_s,1024,2,oracle,topk_feat,ward,119,5,5,0,10,0.3711488215842461,0.0,0.28085593198304776,0.6050420168067226,0.0418982436563481,0.329250577927898,2
p0_defect_discovery_mvtec|screw|1024|2|oracle|topk_resid|kmeans,p0_defect_discovery_mvtec,screw,dinov2_s,1024,2,oracle,topk_resid,kmeans,119,5,5,0,10,0.49679897420504293,0.03802389338750909,0.40638402339742863,0.6722689075630253,0.044513789320473854,0.4522851848845691,2
p0_defect_discovery_mvtec|screw|1024|2|oracle|topk_resid|ward,p0_defect_discovery_mvtec,screw,dinov2_s,1024,2,oracle,topk_resid,ward,119,5,5,0,10,0.44216482683022995,0.0,0.37690493561440847,0.6554621848739496,0.043241597786423,0.39892322904380695,2
p0_defect_discovery_mvtec|screw|1024|2|oracle|cls|kmeans,p0_defect_discovery_mvtec,screw,dinov2_s,1024,2,oracle,cls,kmeans,119,5,5,0,10,0.02870661708638205,0.003345989620105418,-0.011527870524171658,0.26218487394957984,0.05004821271103273,-0.021341595624650676,2
p0_defect_discovery_mvtec|screw|1024|2|oracle|cls|ward,p0_defect_discovery_mvtec,screw,dinov2_s,1024,2,oracle,cls,ward,119,5,5,0,10,0.054847003860140756,0.0,0.003889867494008533,0.2857142857142857,0.048109283066683696,0.00673772079345706,2
p0_defect_discovery_mvtec|screw|1024|2|oracle|mask_feat|kmeans,p0_defect_discovery_mvtec,screw,dinov2_s,1024,2,oracle,mask_feat,kmeans,119,5,5,0,10,0.9098161454909526,0.007855288943590074,0.9044927748084437,0.9579831932773109,0.04354824936456971,0.8662678961263829,2
p0_defect_discovery_mvtec|screw|1024|2|oracle|mask_feat|ward,p0_defect_discovery_mvtec,screw,dinov2_s,1024,2,oracle,mask_feat,ward,119,5,5,0,10,0.896752161419206,0.0,0.887768515797776,0.9495798319327731,0.04241315348478526,0.8543390079344207,2
p0_defect_discovery_mvtec|screw|1024|2|detected|topk_feat|kmeans,p0_defect_discovery_mvtec,screw,dinov2_s,1024,2,detected,topk_feat,kmeans,119,5,6,10,10,0.5407301367412719,0.03236711746627038,0.46047518679911936,0.665546218487395,0.07040658550032457,0.4703235512409473,2
p0_defect_discovery_mvtec|screw|1024|2|detected|topk_feat|ward,p0_defect_discovery_mvtec,screw,dinov2_s,1024,2,detected,topk_feat,ward,119,5,6,10,10,0.5070040273802029,0.0,0.32930026965745,0.6218487394957983,0.07099651434158795,0.43600751303861496,2
p0_defect_discovery_mvtec|screw|1024|2|detected|topk_resid|kmeans,p0_defect_discovery_mvtec,screw,dinov2_s,1024,2,detected,topk_resid,kmeans,119,5,6,10,10,0.5557642799475296,0.01528911987710574,0.46567746239991215,0.7025210084033613,0.06929017944173554,0.4864741005057941,2
p0_defect_discovery_mvtec|screw|1024|2|detected|topk_resid|ward,p0_defect_discovery_mvtec,screw,dinov2_s,1024,2,detected,topk_resid,ward,119,5,6,10,10,0.5098451170568281,0.0,0.409519021892355,0.6218487394957983,0.06319175518687796,0.44665336186995014,2
p0_defect_discovery_mvtec|screw|1024|2|detected|cls|kmeans,p0_defect_discovery_mvtec,screw,dinov2_s,1024,2,detected,cls,kmeans,119,5,6,10,10,0.04757062828956467,0.0029158440943324528,-0.011552453226068692,0.25210084033613445,0.0664110098952732,-0.01884038160570853,2
p0_defect_discovery_mvtec|screw|1024|2|detected|cls|ward,p0_defect_discovery_mvtec,screw,dinov2_s,1024,2,detected,cls,ward,119,5,6,10,10,0.047840771984396735,0.0,-0.009417078640570647,0.24369747899159663,0.06765212808096685,-0.019811356096570115,2
p0_defect_discovery_mvtec|screw|1024|2|detected|mask_feat|kmeans,p0_defect_discovery_mvtec,screw,dinov2_s,1024,2,detected,mask_feat,kmeans,119,5,6,10,10,0.8377579454599602,0.016589314106127077,0.8097685480476071,0.9042016806722689,0.06749652035463113,0.770261425105329,2
p0_defect_discovery_mvtec|screw|1024|2|detected|mask_feat|ward,p0_defect_discovery_mvtec,screw,dinov2_s,1024,2,detected,mask_feat,ward,119,5,6,10,10,0.7792023767120747,0.0,0.7165305233789789,0.7899159663865546,0.07155443894461642,0.7076479377674583,2
p0_defect_discovery_mvtec|tile|1024|0|oracle|topk_feat|kmeans,p0_defect_discovery_mvtec,tile,dinov2_s,1024,0,oracle,topk_feat,kmeans,84,5,5,0,10,0.9213648672680786,1.1102230246251565e-16,0.8815248518603145,0.9404761904761905,0.06962171259455527,0.8517431546735234,2
p0_defect_discovery_mvtec|tile|1024|0|oracle|topk_feat|ward,p0_defect_discovery_mvtec,tile,dinov2_s,1024,0,oracle,topk_feat,ward,84,5,5,0,10,0.907976071111684,0.0,0.8491009410320588,0.9166666666666666,0.07917734099599626,0.8287987301156877,2
p0_defect_discovery_mvtec|tile|1024|0|oracle|topk_resid|kmeans,p0_defect_discovery_mvtec,tile,dinov2_s,1024,0,oracle,topk_resid,kmeans,84,5,5,0,10,1.0,0.0,1.0,1.0,0.06708746777343748,0.9329125322265626,2
p0_defect_discovery_mvtec|tile|1024|0|oracle|topk_resid|ward,p0_defect_discovery_mvtec,tile,dinov2_s,1024,0,oracle,topk_resid,ward,84,5,5,0,10,1.0,0.0,1.0,1.0,0.07077163165395459,0.9292283683460454,2
p0_defect_discovery_mvtec|tile|1024|0|oracle|cls|kmeans,p0_defect_discovery_mvtec,tile,dinov2_s,1024,0,oracle,cls,kmeans,84,5,5,0,10,0.8528796232316106,0.01110463391813497,0.7340472277022985,0.7880952380952381,0.07336420950153573,0.7795154137300748,2
p0_defect_discovery_mvtec|tile|1024|0|oracle|cls|ward,p0_defect_discovery_mvtec,tile,dinov2_s,1024,0,oracle,cls,ward,84,5,5,0,10,0.8798398472548268,0.0,0.7517496632995823,0.7738095238095238,0.07627776127698241,0.8035620859778444,2
p0_defect_discovery_mvtec|tile|1024|0|oracle|mask_feat|kmeans,p0_defect_discovery_mvtec,tile,dinov2_s,1024,0,oracle,mask_feat,kmeans,84,5,5,0,10,0.9830242690072037,0.03395146198559242,0.9800454649289856,0.9904761904761905,0.06781004109418724,0.9152142279130165,2
p0_defect_discovery_mvtec|tile|1024|0|oracle|mask_feat|ward,p0_defect_discovery_mvtec,tile,dinov2_s,1024,0,oracle,mask_feat,ward,84,5,5,0,10,1.0,0.0,1.0,1.0,0.07077163165395459,0.9292283683460454,2
p0_defect_discovery_mvtec|tile|1024|0|detected|topk_feat|kmeans,p0_defect_discovery_mvtec,tile,dinov2_s,1024,0,detected,topk_feat,kmeans,84,5,6,0,10,0.9284112314090827,0.026253162317307666,0.9024459551919282,0.9023809523809524,0.07839301850365112,0.8500182129054316,2
p0_defect_discovery_mvtec|tile|1024|0|detected|topk_feat|ward,p0_defect_discovery_mvtec,tile,dinov2_s,1024,0,detected,topk_feat,ward,84,5,6,0,10,0.9630312352011587,0.0,0.9463697317112972,0.9166666666666666,0.07841819936840386,0.8846130358327549,2
p0_defect_discovery_mvtec|tile|1024|0|detected|topk_resid|kmeans,p0_defect_discovery_mvtec,tile,dinov2_s,1024,0,detected,topk_resid,kmeans,84,5,6,0,10,0.9630312352011587,9.930136612989092e-17,0.9463697317112972,0.9166666666666666,0.08063913916201086,0.8823920960391479,2
p0_defect_discovery_mvtec|tile|1024|0|detected|topk_resid|ward,p0_defect_discovery_mvtec,tile,dinov2_s,1024,0,detected,topk_resid,ward,84,5,6,0,10,0.9630312352011587,0.0,0.9463697317112972,0.9166666666666666,0.07841819936840386,0.8846130358327549,2
p0_defect_discovery_mvtec|tile|1024|0|detected|cls|kmeans,p0_defect_discovery_mvtec,tile,dinov2_s,1024,0,detected,cls,kmeans,84,5,6,0,10,0.8514352442310376,0.044679341185938824,0.7450315650060753,0.8023809523809525,0.08320878259179132,0.7682264616392462,2
p0_defect_discovery_mvtec|tile|1024|0|detected|cls|ward,p0_defect_discovery_mvtec,tile,dinov2_s,1024,0,detected,cls,ward,84,5,6,0,10,0.8660256349404839,0.0,0.7608112353788763,0.8333333333333334,0.08537885735524217,0.7806467775852417,2
p0_defect_discovery_mvtec|tile|1024|0|detected|mask_feat|kmeans,p0_defect_discovery_mvtec,tile,dinov2_s,1024,0,detected,mask_feat,kmeans,84,5,6,0,10,0.9415962891645788,0.013700989555027791,0.9257369278075892,0.9119047619047619,0.08139250571194702,0.8602037834526318,2
p0_defect_discovery_mvtec|tile|1024|0|detected|mask_feat|ward,p0_defect_discovery_mvtec,tile,dinov2_s,1024,0,detected,mask_feat,ward,84,5,6,0,10,0.9630312352011589,0.0,0.9463697317112972,0.9166666666666666,0.07841819936840388,0.884613035832755,2
p0_defect_discovery_mvtec|tile|1024|1|oracle|topk_feat|kmeans,p0_defect_discovery_mvtec,tile,dinov2_s,1024,1,oracle,topk_feat,kmeans,84,5,5,0,10,0.9213648672680786,1.1102230246251565e-16,0.8815248518603145,0.9404761904761905,0.06962171259455527,0.8517431546735234,2
p0_defect_discovery_mvtec|tile|1024|1|oracle|topk_feat|ward,p0_defect_discovery_mvtec,tile,dinov2_s,1024,1,oracle,topk_feat,ward,84,5,5,0,10,0.9436903214498995,0.0,0.9406044658464497,0.9761904761904762,0.0728363476091811,0.8708539738407184,2
p0_defect_discovery_mvtec|tile|1024|1|oracle|topk_resid|kmeans,p0_defect_discovery_mvtec,tile,dinov2_s,1024,1,oracle,topk_resid,kmeans,84,5,5,0,10,0.9944582366508221,0.011083526698355774,0.9944444001753059,0.9976190476190476,0.06746078756408307,0.9269974490867391,2
p0_defect_discovery_mvtec|tile|1024|1|oracle|topk_resid|ward,p0_defect_discovery_mvtec,tile,dinov2_s,1024,1,oracle,topk_resid,ward,84,5,5,0,10,1.0,0.0,1.0,1.0,0.07077163165395459,0.9292283683460454,2
p0_defect_discovery_mvtec|tile|1024|1|oracle|cls|kmeans,p0_defect_discovery_mvtec,tile,dinov2_s,1024,1,oracle,cls,kmeans,84,5,5,0,10,0.8528796232316106,0.01110463391813497,0.7340472277022985,0.7880952380952381,0.07336420950153573,0.7795154137300748,2
p0_defect_discovery_mvtec|tile|1024|1|oracle|cls|ward,p0_defect_discovery_mvtec,tile,dinov2_s,1024,1,oracle,cls,ward,84,5,5,0,10,0.8798398472548268,0.0,0.7517496632995823,0.7738095238095238,0.07627776127698241,0.8035620859778444,2
p0_defect_discovery_mvtec|tile|1024|1|oracle|mask_feat|kmeans,p0_defect_discovery_mvtec,tile,dinov2_s,1024,1,oracle,mask_feat,kmeans,84,5,5,0,10,0.9830242690072037,0.03395146198559242,0.9800454649289856,0.9904761904761905,0.06781004109418724,0.9152142279130165,2
p0_defect_discovery_mvtec|tile|1024|1|oracle|mask_feat|ward,p0_defect_discovery_mvtec,tile,dinov2_s,1024,1,oracle,mask_feat,ward,84,5,5,0,10,1.0,0.0,1.0,1.0,0.07077163165395459,0.9292283683460454,2
p0_defect_discovery_mvtec|tile|1024|1|detected|topk_feat|kmeans,p0_defect_discovery_mvtec,tile,dinov2_s,1024,1,detected,topk_feat,kmeans,84,5,6,0,10,0.9333025870605617,0.024967722294484584,0.914961317625918,0.9071428571428571,0.08122019631824513,0.8520823907423165,2
p0_defect_discovery_mvtec|tile|1024|1|detected|topk_feat|ward,p0_defect_discovery_mvtec,tile,dinov2_s,1024,1,detected,topk_feat,ward,84,5,6,0,10,0.914200560205847,0.0,0.8993296305943024,0.8928571428571429,0.07824415977433445,0.8359564004315125,2
p0_defect_discovery_mvtec|tile|1024|1|detected|topk_resid|kmeans,p0_defect_discovery_mvtec,tile,dinov2_s,1024,1,detected,topk_resid,kmeans,84,5,6,0,10,0.9630312352011587,9.930136612989092e-17,0.9463697317112972,0.9166666666666666,0.08286418101653019,0.8801670541846286,2
p0_defect_discovery_mvtec|tile|1024|1|detected|topk_resid|ward,p0_defect_discovery_mvtec,tile,dinov2_s,1024,1,detected,topk_resid,ward,84,5,6,0,10,0.9630312352011587,0.0,0.9463697317112972,0.9166666666666666,0.0791045295994202,0.8839267056017386,2
p0_defect_discovery_mvtec|tile|1024|1|detected|cls|kmeans,p0_defect_discovery_mvtec,tile,dinov2_s,1024,1,detected,cls,kmeans,84,5,6,0,10,0.8793378102686908,0.04713096946909175,0.8073440594545784,0.8619047619047618,0.08288944890633168,0.7964483613623592,2
p0_defect_discovery_mvtec|tile|1024|1|detected|cls|ward,p0_defect_discovery_mvtec,tile,dinov2_s,1024,1,detected,cls,ward,84,5,6,0,10,0.8660256349404839,0.0,0.7608112353788763,0.8333333333333334,0.08358297308619599,0.7824426618542879,2
p0_defect_discovery_mvtec|tile|1024|1|detected|mask_feat|kmeans,p0_defect_discovery_mvtec,tile,dinov2_s,1024,1,detected,mask_feat,kmeans,84,5,6,0,10,0.9388100468290371,0.0002318529684547887,0.9243954552106525,0.9047619047619048,0.08253530240784937,0.8562747444211878,2
p0_defect_discovery_mvtec|tile|1024|1|detected|mask_feat|ward,p0_defect_discovery_mvtec,tile,dinov2_s,1024,1,detected,mask_feat,ward,84,5,6,0,10,0.9630312352011589,0.0,0.9463697317112972,0.9166666666666666,0.07910452959942023,0.8839267056017386,2
p0_defect_discovery_mvtec|tile|1024|2|oracle|topk_feat|kmeans,p0_defect_discovery_mvtec,tile,dinov2_s,1024,2,oracle,topk_feat,kmeans,84,5,5,0,10,0.9213648672680786,1.1102230246251565e-16,0.8815248518603145,0.9404761904761905,0.06962171259455527,0.8517431546735234,2
p0_defect_discovery_mvtec|tile|1024|2|oracle|topk_feat|ward,p0_defect_discovery_mvtec,tile,dinov2_s,1024,2,oracle,topk_feat,ward,84,5,5,0,10,0.9436903214498995,0.0,0.9406044658464497,0.9761904761904762,0.0728363476091811,0.8708539738407184,2
p0_defect_discovery_mvtec|tile|1024|2|oracle|topk_resid|kmeans,p0_defect_discovery_mvtec,tile,dinov2_s,1024,2,oracle,topk_resid,kmeans,84,5,5,0,10,0.9663621852798918,0.010979587608202166,0.9649259956045588,0.9857142857142858,0.06669303500888793,0.8996691502710039,2
p0_defect_discovery_mvtec|tile|1024|2|oracle|topk_resid|ward,p0_defect_discovery_mvtec,tile,dinov2_s,1024,2,oracle,topk_resid,ward,84,5,5,0,10,1.0,0.0,1.0,1.0,0.07077163165395459,0.9292283683460454,2
p0_defect_discovery_mvtec|tile|1024|2|oracle|cls|kmeans,p0_defect_discovery_mvtec,tile,dinov2_s,1024,2,oracle,cls,kmeans,84,5,5,0,10,0.8528796232316106,0.01110463391813497,0.7340472277022985,0.7880952380952381,0.07336420950153573,0.7795154137300748,2
p0_defect_discovery_mvtec|tile|1024|2|oracle|cls|ward,p0_defect_discovery_mvtec,tile,dinov2_s,1024,2,oracle,cls,ward,84,5,5,0,10,0.8798398472548268,0.0,0.7517496632995823,0.7738095238095238,0.07627776127698241,0.8035620859778444,2
p0_defect_discovery_mvtec|tile|1024|2|oracle|mask_feat|kmeans,p0_defect_discovery_mvtec,tile,dinov2_s,1024,2,oracle,mask_feat,kmeans,84,5,5,0,10,0.9830242690072037,0.03395146198559242,0.9800454649289856,0.9904761904761905,0.06781004109418724,0.9152142279130165,2
p0_defect_discovery_mvtec|tile|1024|2|oracle|mask_feat|ward,p0_defect_discovery_mvtec,tile,dinov2_s,1024,2,oracle,mask_feat,ward,84,5,5,0,10,1.0,0.0,1.0,1.0,0.07077163165395459,0.9292283683460454,2
p0_defect_discovery_mvtec|tile|1024|2|detected|topk_feat|kmeans,p0_defect_discovery_mvtec,tile,dinov2_s,1024,2,detected,topk_feat,kmeans,84,5,6,0,10,0.9504208104639427,0.021262572409578958,0.93639051974206,0.919047619047619,0.08011030084624515,0.8703105096176975,2
p0_defect_discovery_mvtec|tile|1024|2|detected|topk_feat|ward,p0_defect_discovery_mvtec,tile,dinov2_s,1024,2,detected,topk_feat,ward,84,5,6,0,10,0.9132880595876899,0.0,0.8975161429353545,0.8928571428571429,0.07898389303371971,0.8343041665539702,2
p0_defect_discovery_mvtec|tile|1024|2|detected|topk_resid|kmeans,p0_defect_discovery_mvtec,tile,dinov2_s,1024,2,detected,topk_resid,kmeans,84,5,6,0,10,0.9581627021979384,0.009737066006440531,0.9416817231324401,0.9142857142857143,0.08152728200798132,0.8766354201899571,2
p0_defect_discovery_mvtec|tile|1024|2|detected|topk_resid|ward,p0_defect_discovery_mvtec,tile,dinov2_s,1024,2,detected,topk_resid,ward,84,5,6,0,10,0.9630312352011587,0.0,0.9463697317112972,0.9166666666666666,0.07928290417894407,0.8837483310222147,2
p0_defect_discovery_mvtec|tile|1024|2|detected|cls|kmeans,p0_defect_discovery_mvtec,tile,dinov2_s,1024,2,detected,cls,kmeans,84,5,6,0,10,0.8541606783450219,0.04242300739970898,0.7530899252785646,0.8261904761904761,0.08288192139494996,0.7712787569500719,2
p0_defect_discovery_mvtec|tile|1024|2|detected|cls|ward,p0_defect_discovery_mvtec,tile,dinov2_s,1024,2,detected,cls,ward,84,5,6,0,10,0.8660256349404839,0.0,0.7608112353788763,0.8333333333333334,0.08177120942316769,0.7842544255173162,2
p0_defect_discovery_mvtec|tile|1024|2|detected|mask_feat|kmeans,p0_defect_discovery_mvtec,tile,dinov2_s,1024,2,detected,mask_feat,kmeans,84,5,6,0,10,0.9387153932510266,0.0001893071560212789,0.9242120339306201,0.9047619047619048,0.08171891085655968,0.8569964823944669,2
p0_defect_discovery_mvtec|tile|1024|2|detected|mask_feat|ward,p0_defect_discovery_mvtec,tile,dinov2_s,1024,2,detected,mask_feat,ward,84,5,6,0,10,0.9630312352011589,0.0,0.9463697317112972,0.9166666666666666,0.07928290417894408,0.8837483310222147,2
p0_defect_discovery_mvtec|toothbrush|1024|0|detected|topk_feat|kmeans,p0_defect_discovery_mvtec,toothbrush,dinov2_s,1024,0,detected,topk_feat,kmeans,30,1,2,1,10,0.04416573321589642,0.0020335820621162487,-0.019608786257518284,0.5533333333333333,0.05525405626745872,-0.0110883230515623,2
p0_defect_discovery_mvtec|toothbrush|1024|0|detected|topk_feat|ward,p0_defect_discovery_mvtec,toothbrush,dinov2_s,1024,0,detected,topk_feat,ward,30,1,2,1,10,0.03526759918637863,0.0,-0.032948929159802305,0.6333333333333333,0.05365300615879785,-0.01838540697241922,2
p0_defect_discovery_mvtec|toothbrush|1024|0|detected|topk_resid|kmeans,p0_defect_discovery_mvtec,toothbrush,dinov2_s,1024,0,detected,topk_resid,kmeans,30,1,2,1,10,0.052297030428763734,0.0020654254439799098,-0.0066925605019420385,0.5066666666666666,0.0561495208592077,-0.0038524904304439653,2
p0_defect_discovery_mvtec|toothbrush|1024|0|detected|topk_resid|ward,p0_defect_discovery_mvtec,toothbrush,dinov2_s,1024,0,detected,topk_resid,ward,30,1,2,1,10,0.03526759918637863,0.0,-0.032948929159802305,0.6333333333333333,0.05365300615879785,-0.01838540697241922,2
p0_defect_discovery_mvtec|toothbrush|1024|0|detected|cls|kmeans,p0_defect_discovery_mvtec,toothbrush,dinov2_s,1024,0,detected,cls,kmeans,30,1,2,1,10,0.03205744678799259,0.0,-0.03734439834024896,0.6666666666666666,0.05688038168324373,-0.024822934895251142,2
p0_defect_discovery_mvtec|toothbrush|1024|0|detected|cls|ward,p0_defect_discovery_mvtec,toothbrush,dinov2_s,1024,0,detected,cls,ward,30,1,2,1,10,0.03205744678799259,0.0,-0.03734439834024896,0.6666666666666666,0.05920753182967352,-0.027150085041680927,2
p0_defect_discovery_mvtec|toothbrush|1024|0|detected|mask_feat|kmeans,p0_defect_discovery_mvtec,toothbrush,dinov2_s,1024,0,detected,mask_feat,kmeans,30,1,2,1,10,0.05642788131672356,6.938893903907228e-18,0.0,0.5333333333333333,0.05642788131672356,0.0,2
p0_defect_discovery_mvtec|toothbrush|1024|0|detected|mask_feat|ward,p0_defect_discovery_mvtec,toothbrush,dinov2_s,1024,0,detected,mask_feat,ward,30,1,2,1,10,0.056427881316723556,0.0,0.0,0.5333333333333333,0.05642788131672356,-6.938893903907228e-18,2
p0_defect_discovery_mvtec|toothbrush|1024|1|detected|topk_feat|kmeans,p0_defect_discovery_mvtec,toothbrush,dinov2_s,1024,1,detected,topk_feat,kmeans,30,1,2,0,10,0.0,0.0,0.0,0.6399999999999999,0.0,0.0,2
p0_defect_discovery_mvtec|toothbrush|1024|1|detected|topk_feat|ward,p0_defect_discovery_mvtec,toothbrush,dinov2_s,1024,1,detected,topk_feat,ward,30,1,2,0,10,0.0,0.0,0.0,0.6333333333333333,0.0,0.0,2
p0_defect_discovery_mvtec|toothbrush|1024|1|detected|topk_resid|kmeans,p0_defect_discovery_mvtec,toothbrush,dinov2_s,1024,1,detected,topk_resid,kmeans,30,1,2,0,10,0.0,0.0,0.0,0.5199999999999999,0.0,0.0,2
p0_defect_discovery_mvtec|toothbrush|1024|1|detected|topk_resid|ward,p0_defect_discovery_mvtec,toothbrush,dinov2_s,1024,1,detected,topk_resid,ward,30,1,2,0,10,0.0,0.0,0.0,0.6,0.0,0.0,2
p0_defect_discovery_mvtec|toothbrush|1024|1|detected|cls|kmeans,p0_defect_discovery_mvtec,toothbrush,dinov2_s,1024,1,detected,cls,kmeans,30,1,2,0,10,0.0,0.0,0.0,0.6666666666666666,0.0,0.0,2
p0_defect_discovery_mvtec|toothbrush|1024|1|detected|cls|ward,p0_defect_discovery_mvtec,toothbrush,dinov2_s,1024,1,detected,cls,ward,30,1,2,0,10,0.0,0.0,0.0,0.6666666666666666,0.0,0.0,2
p0_defect_discovery_mvtec|toothbrush|1024|1|detected|mask_feat|kmeans,p0_defect_discovery_mvtec,toothbrush,dinov2_s,1024,1,detected,mask_feat,kmeans,30,1,2,0,10,0.0,0.0,0.0,0.5333333333333333,0.0,0.0,2
p0_defect_discovery_mvtec|toothbrush|1024|1|detected|mask_feat|ward,p0_defect_discovery_mvtec,toothbrush,dinov2_s,1024,1,detected,mask_feat,ward,30,1,2,0,10,0.0,0.0,0.0,0.5333333333333333,0.0,0.0,2
p0_defect_discovery_mvtec|toothbrush|1024|2|detected|topk_feat|kmeans,p0_defect_discovery_mvtec,toothbrush,dinov2_s,1024,2,detected,topk_feat,kmeans,30,1,2,1,10,0.047577945474976534,0.0018431861158986233,-0.014248714490660844,0.5266666666666666,0.05637884083485053,-0.008800895359873995,2
p0_defect_discovery_mvtec|toothbrush|1024|2|detected|topk_feat|ward,p0_defect_discovery_mvtec,toothbrush,dinov2_s,1024,2,detected,topk_feat,ward,30,1,2,1,10,0.03873123046131953,0.0,-0.027918781725888325,0.6,0.0622446593333862,-0.023513428872066672,2
p0_defect_discovery_mvtec|toothbrush|1024|2|detected|topk_resid|kmeans,p0_defect_discovery_mvtec,toothbrush,dinov2_s,1024,2,detected,topk_resid,kmeans,30,1,2,1,10,0.05642788131672356,6.938893903907228e-18,0.0,0.5333333333333333,0.05642788131672356,0.0,2
p0_defect_discovery_mvtec|toothbrush|1024|2|detected|topk_resid|ward,p0_defect_discovery_mvtec,toothbrush,dinov2_s,1024,2,detected,topk_resid,ward,30,1,2,1,10,0.056427881316723556,0.0,0.0,0.5333333333333333,0.05642788131672356,-6.938893903907228e-18,2
p0_defect_discovery_mvtec|toothbrush|1024|2|detected|cls|kmeans,p0_defect_discovery_mvtec,toothbrush,dinov2_s,1024,2,detected,cls,kmeans,30,1,2,1,10,0.03526759918637863,0.0,-0.032948929159802305,0.6333333333333333,0.056104393755120406,-0.020836794568741775,2
p0_defect_discovery_mvtec|toothbrush|1024|2|detected|cls|ward,p0_defect_discovery_mvtec,toothbrush,dinov2_s,1024,2,detected,cls,ward,30,1,2,1,10,0.03526759918637863,0.0,-0.032948929159802305,0.6333333333333333,0.06284570964500744,-0.027578110458628805,2
p0_defect_discovery_mvtec|toothbrush|1024|2|detected|mask_feat|kmeans,p0_defect_discovery_mvtec,toothbrush,dinov2_s,1024,2,detected,mask_feat,kmeans,30,1,2,1,10,0.062271433222327977,0.0,0.009560800717060053,0.5666666666666667,0.056657804309395335,0.005613628912932642,2
p0_defect_discovery_mvtec|toothbrush|1024|2|detected|mask_feat|ward,p0_defect_discovery_mvtec,toothbrush,dinov2_s,1024,2,detected,mask_feat,ward,30,1,2,1,10,0.062271433222327977,0.0,0.009560800717060053,0.5666666666666667,0.056217519688773164,0.0060539135335548125,2
p0_defect_discovery_mvtec|transistor|1024|0|oracle|topk_feat|kmeans,p0_defect_discovery_mvtec,transistor,dinov2_s,1024,0,oracle,topk_feat,kmeans,40,4,4,0,10,0.6070769155745389,0.03550678307390896,0.41785088679104626,0.61,0.1120119887380782,0.4950649268364607,2
p0_defect_discovery_mvtec|transistor|1024|0|oracle|topk_feat|ward,p0_defect_discovery_mvtec,transistor,dinov2_s,1024,0,oracle,topk_feat,ward,40,4,4,0,10,0.617824028807039,0.0,0.4306569343065693,0.625,0.12683660392444615,0.49098742488259284,2
p0_defect_discovery_mvtec|transistor|1024|0|oracle|topk_resid|kmeans,p0_defect_discovery_mvtec,transistor,dinov2_s,1024,0,oracle,topk_resid,kmeans,40,4,4,0,10,0.5995298391887843,0.1052750229289697,0.4394854675683031,0.6300000000000001,0.11009360045412833,0.489436238734656,2
p0_defect_discovery_mvtec|transistor|1024|0|oracle|topk_resid|ward,p0_defect_discovery_mvtec,transistor,dinov2_s,1024,0,oracle,topk_resid,ward,40,4,4,0,10,0.7205706896347162,0.0,0.574143535883971,0.7,0.11271516688072417,0.607855522753992,2
p0_defect_discovery_mvtec|transistor|1024|0|oracle|cls|kmeans,p0_defect_discovery_mvtec,transistor,dinov2_s,1024,0,oracle,cls,kmeans,40,4,4,0,10,0.4085313944588854,0.0061357683363348495,0.2156379718484048,0.43500000000000005,0.116247022578815,0.2922843718800704,2
p0_defect_discovery_mvtec|transistor|1024|0|oracle|cls|ward,p0_defect_discovery_mvtec,transistor,dinov2_s,1024,0,oracle,cls,ward,40,4,4,0,10,0.46748561229370306,0.0,0.20298056970382947,0.375,0.13270224002986272,0.33478337226384036,2
p0_defect_discovery_mvtec|transistor|1024|0|oracle|mask_feat|kmeans,p0_defect_discovery_mvtec,transistor,dinov2_s,1024,0,oracle,mask_feat,kmeans,40,4,4,0,10,0.9057857037835433,1.7199501139797033e-16,0.8710033076074971,0.95,0.10089974220493181,0.8048859615786115,2
p0_defect_discovery_mvtec|transistor|1024|0|oracle|mask_feat|ward,p0_defect_discovery_mvtec,transistor,dinov2_s,1024,0,oracle,mask_feat,ward,40,4,4,0,10,0.9057857037835433,0.0,0.8710033076074972,0.95,0.11485647256301475,0.7909292312205285,2
p0_defect_discovery_mvtec|transistor|1024|0|detected|topk_feat|kmeans,p0_defect_discovery_mvtec,transistor,dinov2_s,1024,0,detected,topk_feat,kmeans,40,4,5,3,10,0.6087882746029794,0.03827622335866033,0.4224559643403845,0.62,0.15505444034298663,0.4537338342599927,2
p0_defect_discovery_mvtec|transistor|1024|0|detected|topk_feat|ward,p0_defect_discovery_mvtec,transistor,dinov2_s,1024,0,detected,topk_feat,ward,40,4,5,3,10,0.6318371951286554,0.0,0.43660518508964274,0.625,0.1726224325279988,0.45921476260065663,2
p0_defect_discovery_mvtec|transistor|1024|0|detected|topk_resid|kmeans,p0_defect_discovery_mvtec,transistor,dinov2_s,1024,0,detected,topk_resid,kmeans,40,4,5,3,10,0.6262312747586647,0.04355388848693383,0.48342493567477324,0.6449999999999999,0.15730986517811713,0.46892140958054757,2
p0_defect_discovery_mvtec|transistor|1024|0|detected|topk_resid|ward,p0_defect_discovery_mvtec,transistor,dinov2_s,1024,0,detected,topk_resid,ward,40,4,5,3,10,0.6411182833372999,0.0,0.49927599189110916,0.6,0.16646264796516327,0.4746556353721366,2
p0_defect_discovery_mvtec|transistor|1024|0|detected|cls|kmeans,p0_defect_discovery_mvtec,transistor,dinov2_s,1024,0,detected,cls,kmeans,40,4,5,3,10,0.4439112203308849,0.018467238610782807,0.24792330021083037,0.53,0.16332645837627927,0.2805847619546057,2
p0_defect_discovery_mvtec|transistor|1024|0|detected|cls|ward,p0_defect_discovery_mvtec,transistor,dinov2_s,1024,0,detected,cls,ward,40,4,5,3,10,0.41291821729681294,0.0,0.1725127193670574,0.45,0.16175926581340241,0.2511589514834105,2
p0_defect_discovery_mvtec|transistor|1024|0|detected|mask_feat|kmeans,p0_defect_discovery_mvtec,transistor,dinov2_s,1024,0,detected,mask_feat,kmeans,40,4,5,3,10,0.9035228122728853,0.021145594386325395,0.8645413786038336,0.9400000000000001,0.15249284851258896,0.7510299637602964,2
p0_defect_discovery_mvtec|transistor|1024|0|detected|mask_feat|ward,p0_defect_discovery_mvtec,transistor,dinov2_s,1024,0,detected,mask_feat,ward,40,4,5,3,10,0.9207881177910046,0.0,0.8809487469092463,0.95,0.1658932183870081,0.7548948994039965,2
p0_defect_discovery_mvtec|transistor|1024|1|oracle|topk_feat|kmeans,p0_defect_discovery_mvtec,transistor,dinov2_s,1024,1,oracle,topk_feat,kmeans,40,4,4,0,10,0.6037609296829107,0.02479512441245305,0.392983215267753,0.6,0.11162108666508126,0.4921398430178295,2
p0_defect_discovery_mvtec|transistor|1024|1|oracle|topk_feat|ward,p0_defect_discovery_mvtec,transistor,dinov2_s,1024,1,oracle,topk_feat,ward,40,4,4,0,10,0.6133010070614057,0.0,0.37215136943341,0.575,0.1300576524718215,0.4832433545895842,2
p0_defect_discovery_mvtec|transistor|1024|1|oracle|topk_resid|kmeans,p0_defect_discovery_mvtec,transistor,dinov2_s,1024,1,oracle,topk_resid,kmeans,40,4,4,0,10,0.5608010727681351,0.09152105014124118,0.4325624074537113,0.665,0.10645748157072525,0.4543435911974098,2
p0_defect_discovery_mvtec|transistor|1024|1|oracle|topk_resid|ward,p0_defect_discovery_mvtec,transistor,dinov2_s,1024,1,oracle,topk_resid,ward,40,4,4,0,10,0.5294190914268463,0.0,0.296220633299285,0.55,0.1319022344658278,0.39751685696101846,2
p0_defect_discovery_mvtec|transistor|1024|1|oracle|cls|kmeans,p0_defect_discovery_mvtec,transistor,dinov2_s,1024,1,oracle,cls,kmeans,40,4,4,0,10,0.4085313944588854,0.0061357683363348495,0.2156379718484048,0.43500000000000005,0.116247022578815,0.2922843718800704,2
p0_defect_discovery_mvtec|transistor|1024|1|oracle|cls|ward,p0_defect_discovery_mvtec,transistor,dinov2_s,1024,1,oracle,cls,ward,40,4,4,0,10,0.46748561229370306,0.0,0.20298056970382947,0.375,0.13270224002986272,0.33478337226384036,2
p0_defect_discovery_mvtec|transistor|1024|1|oracle|mask_feat|kmeans,p0_defect_discovery_mvtec,transistor,dinov2_s,1024,1,oracle,mask_feat,kmeans,40,4,4,0,10,0.9057857037835433,1.7199501139797033e-16,0.8710033076074971,0.95,0.10089974220493181,0.8048859615786115,2
p0_defect_discovery_mvtec|transistor|1024|1|oracle|mask_feat|ward,p0_defect_discovery_mvtec,transistor,dinov2_s,1024,1,oracle,mask_feat,ward,40,4,4,0,10,0.9057857037835433,0.0,0.8710033076074972,0.95,0.11485647256301475,0.7909292312205285,2
p0_defect_discovery_mvtec|transistor|1024|1|detected|topk_feat|kmeans,p0_defect_discovery_mvtec,transistor,dinov2_s,1024,1,detected,topk_feat,kmeans,40,4,5,3,10,0.6269189846606246,0.06089644571494897,0.45464091661270417,0.6300000000000001,0.15422390819684065,0.47269507646378395,2
p0_defect_discovery_mvtec|transistor|1024|1|detected|topk_feat|ward,p0_defect_discovery_mvtec,transistor,dinov2_s,1024,1,detected,topk_feat,ward,40,4,5,3,10,0.631772983973572,0.0,0.4192204402278945,0.625,0.1616769569027651,0.4700960270708069,2
p0_defect_discovery_mvtec|transistor|1024|1|detected|topk_resid|kmeans,p0_defect_discovery_mvtec,transistor,dinov2_s,1024,1,detected,topk_resid,kmeans,40,4,5,3,10,0.5685969691970539,0.07785238562081091,0.39985849240466165,0.6050000000000001,0.16252933197625974,0.4060676372207942,2
p0_defect_discovery_mvtec|transistor|1024|1|detected|topk_resid|ward,p0_defect_discovery_mvtec,transistor,dinov2_s,1024,1,detected,topk_resid,ward,40,4,5,3,10,0.6778035998530634,0.0,0.5045537340619308,0.625,0.1604440104666487,0.5173595893864147,2
p0_defect_discovery_mvtec|transistor|1024|1|detected|cls|kmeans,p0_defect_discovery_mvtec,transistor,dinov2_s,1024,1,detected,cls,kmeans,40,4,5,3,10,0.4479981621983674,0.023862211296265902,0.23972643090489462,0.525,0.16200547493547318,0.28599268726289423,2
p0_defect_discovery_mvtec|transistor|1024|1|detected|cls|ward,p0_defect_discovery_mvtec,transistor,dinov2_s,1024,1,detected,cls,ward,40,4,5,3,10,0.47592565412563753,0.0,0.29356796424671794,0.55,0.15166503906081027,0.3242606150648273,2
p0_defect_discovery_mvtec|transistor|1024|1|detected|mask_feat|kmeans,p0_defect_discovery_mvtec,transistor,dinov2_s,1024,1,detected,mask_feat,kmeans,40,4,5,3,10,0.8774404232656966,0.00036886146001986476,0.8392251597929763,0.925,0.14876114438429905,0.7286792788813976,2
p0_defect_discovery_mvtec|transistor|1024|1|detected|mask_feat|ward,p0_defect_discovery_mvtec,transistor,dinov2_s,1024,1,detected,mask_feat,ward,40,4,5,3,10,0.9207881177910046,0.0,0.8809487469092463,0.95,0.1569930593230749,0.7637950584679296,2
p0_defect_discovery_mvtec|transistor|1024|2|oracle|topk_feat|kmeans,p0_defect_discovery_mvtec,transistor,dinov2_s,1024,2,oracle,topk_feat,kmeans,40,4,4,0,10,0.6437226442244016,0.026916749966038423,0.47726792695811693,0.64,0.11238952561772826,0.5313331186066733,2
p0_defect_discovery_mvtec|transistor|1024|2|oracle|topk_feat|ward,p0_defect_discovery_mvtec,transistor,dinov2_s,1024,2,oracle,topk_feat,ward,40,4,4,0,10,0.6923213887481,0.0,0.5405921680993314,0.675,0.12053182382684083,0.5717895649212592,2
p0_defect_discovery_mvtec|transistor|1024|2|oracle|topk_resid|kmeans,p0_defect_discovery_mvtec,transistor,dinov2_s,1024,2,oracle,topk_resid,kmeans,40,4,4,0,10,0.5704616811831967,0.05010748473430434,0.43583740154597106,0.615,0.10817553369132091,0.4622861474918758,2
p0_defect_discovery_mvtec|transistor|1024|2|oracle|topk_resid|ward,p0_defect_discovery_mvtec,transistor,dinov2_s,1024,2,oracle,topk_resid,ward,40,4,4,0,10,0.7614803883812942,0.0,0.6110435417173438,0.7,0.11918737981374963,0.6422930085675446,2
p0_defect_discovery_mvtec|transistor|1024|2|oracle|cls|kmeans,p0_defect_discovery_mvtec,transistor,dinov2_s,1024,2,oracle,cls,kmeans,40,4,4,0,10,0.4085313944588854,0.0061357683363348495,0.2156379718484048,0.43500000000000005,0.116247022578815,0.2922843718800704,2
p0_defect_discovery_mvtec|transistor|1024|2|oracle|cls|ward,p0_defect_discovery_mvtec,transistor,dinov2_s,1024,2,oracle,cls,ward,40,4,4,0,10,0.46748561229370306,0.0,0.20298056970382947,0.375,0.13270224002986272,0.33478337226384036,2
p0_defect_discovery_mvtec|transistor|1024|2|oracle|mask_feat|kmeans,p0_defect_discovery_mvtec,transistor,dinov2_s,1024,2,oracle,mask_feat,kmeans,40,4,4,0,10,0.9057857037835433,1.7199501139797033e-16,0.8710033076074971,0.95,0.10089974220493181,0.8048859615786115,2
p0_defect_discovery_mvtec|transistor|1024|2|oracle|mask_feat|ward,p0_defect_discovery_mvtec,transistor,dinov2_s,1024,2,oracle,mask_feat,ward,40,4,4,0,10,0.9057857037835433,0.0,0.8710033076074972,0.95,0.11485647256301475,0.7909292312205285,2
p0_defect_discovery_mvtec|transistor|1024|2|detected|topk_feat|kmeans,p0_defect_discovery_mvtec,transistor,dinov2_s,1024,2,detected,topk_feat,kmeans,40,4,5,4,10,0.619755208572728,0.04963386028500375,0.42543724911262465,0.62,0.16811794176496667,0.4516372668077614,2
p0_defect_discovery_mvtec|transistor|1024|2|detected|topk_feat|ward,p0_defect_discovery_mvtec,transistor,dinov2_s,1024,2,detected,topk_feat,ward,40,4,5,4,10,0.5586038787529649,0.0,0.3381794235347753,0.575,0.15325370051408563,0.4053501782388793,2
p0_defect_discovery_mvtec|transistor|1024|2|detected|topk_resid|kmeans,p0_defect_discovery_mvtec,transistor,dinov2_s,1024,2,detected,topk_resid,kmeans,40,4,5,4,10,0.5128404862518622,0.04877164500795065,0.36767750607451155,0.575,0.16312414506655656,0.3497163411853056,2
p0_defect_discovery_mvtec|transistor|1024|2|detected|topk_resid|ward,p0_defect_discovery_mvtec,transistor,dinov2_s,1024,2,detected,topk_resid,ward,40,4,5,4,10,0.5831305443043369,0.0,0.37183061197398115,0.575,0.15017103025234274,0.4329595140519941,2
p0_defect_discovery_mvtec|transistor|1024|2|detected|cls|kmeans,p0_defect_discovery_mvtec,transistor,dinov2_s,1024,2,detected,cls,kmeans,40,4,5,4,10,0.42729663190350886,0.020813182238319034,0.21138846501653866,0.485,0.1589662060788663,0.26833042582464256,2
p0_defect_discovery_mvtec|transistor|1024|2|detected|cls|ward,p0_defect_discovery_mvtec,transistor,dinov2_s,1024,2,detected,cls,ward,40,4,5,4,10,0.41582815971838244,0.0,0.16831552565624588,0.45,0.16818977211105762,0.24763838760732482,2
p0_defect_discovery_mvtec|transistor|1024|2|detected|mask_feat|kmeans,p0_defect_discovery_mvtec,transistor,dinov2_s,1024,2,detected,mask_feat,kmeans,40,4,5,4,10,0.8779649569958625,1.4043333874306804e-16,0.8361512450046111,0.925,0.1644625592591074,0.7135023977367552,2
p0_defect_discovery_mvtec|transistor|1024|2|detected|mask_feat|ward,p0_defect_discovery_mvtec,transistor,dinov2_s,1024,2,detected,mask_feat,ward,40,4,5,4,10,0.9237977860806577,0.0,0.8861681833818057,0.95,0.16793122148566295,0.7558665645949947,2
p0_defect_discovery_mvtec|wood|1024|0|oracle|topk_feat|kmeans,p0_defect_discovery_mvtec,wood,dinov2_s,1024,0,oracle,topk_feat,kmeans,49,4,4,0,10,0.6322267532532936,0.0766118519841198,0.4578056777635478,0.7428571428571429,0.07799060398699087,0.5542361492663027,2
p0_defect_discovery_mvtec|wood|1024|0|oracle|topk_feat|ward,p0_defect_discovery_mvtec,wood,dinov2_s,1024,0,oracle,topk_feat,ward,49,4,4,0,10,0.7439606507852184,0.0,0.6005670742512847,0.8367346938775511,0.07472088108495291,0.6692397697002656,2
p0_defect_discovery_mvtec|wood|1024|0|oracle|topk_resid|kmeans,p0_defect_discovery_mvtec,wood,dinov2_s,1024,0,oracle,topk_resid,kmeans,49,4,4,0,10,0.5913557130417795,0.03137947946500474,0.43144069884488545,0.6612244897959185,0.07711767051220877,0.5142380425295707,2
p0_defect_discovery_mvtec|wood|1024|0|oracle|topk_resid|ward,p0_defect_discovery_mvtec,wood,dinov2_s,1024,0,oracle,topk_resid,ward,49,4,4,0,10,0.6612459019233452,0.0,0.46699879138047934,0.7346938775510204,0.08304734768633165,0.5781985542370136,2
p0_defect_discovery_mvtec|wood|1024|0|oracle|cls|kmeans,p0_defect_discovery_mvtec,wood,dinov2_s,1024,0,oracle,cls,kmeans,49,4,4,0,10,0.5156464639350137,0.013134139087514658,0.4289359187674561,0.6489795918367347,0.07857955089155232,0.43706691304346135,2
p0_defect_discovery_mvtec|wood|1024|0|oracle|cls|ward,p0_defect_discovery_mvtec,wood,dinov2_s,1024,0,oracle,cls,ward,49,4,4,0,10,0.6372061231544294,0.0,0.5023404749391965,0.7551020408163265,0.08307069087669414,0.5541354322777352,2
p0_defect_discovery_mvtec|wood|1024|0|oracle|mask_feat|kmeans,p0_defect_discovery_mvtec,wood,dinov2_s,1024,0,oracle,mask_feat,kmeans,49,4,4,0,10,0.6656529489809967,0.0009532230742882949,0.478801769785135,0.7061224489795919,0.08112515610049631,0.5845277928805004,2
p0_defect_discovery_mvtec|wood|1024|0|oracle|mask_feat|ward,p0_defect_discovery_mvtec,wood,dinov2_s,1024,0,oracle,mask_feat,ward,49,4,4,0,10,0.7238233493119014,0.0,0.543248601781434,0.7959183673469388,0.0778042059887575,0.6460191433231439,2
p0_defect_discovery_mvtec|wood|1024|0|detected|topk_feat|kmeans,p0_defect_discovery_mvtec,wood,dinov2_s,1024,0,detected,topk_feat,kmeans,41,4,5,0,10,0.6618095594174944,0.06050935011130493,0.45007002361518944,0.6878048780487805,0.12638584711031386,0.5354237123071806,2
p0_defect_discovery_mvtec|wood|1024|0|detected|topk_feat|ward,p0_defect_discovery_mvtec,wood,dinov2_s,1024,0,detected,topk_feat,ward,41,4,5,0,10,0.7703587064478853,0.0,0.5640932705086384,0.7560975609756098,0.11882936195989686,0.6515293444879884,2
p0_defect_discovery_mvtec|wood|1024|0|detected|topk_resid|kmeans,p0_defect_discovery_mvtec,wood,dinov2_s,1024,0,detected,topk_resid,kmeans,41,4,5,0,10,0.5880051700333891,0.04177695279828001,0.3814203732261532,0.6341463414634146,0.12219289987385354,0.46581227015953564,2
p0_defect_discovery_mvtec|wood|1024|0|detected|topk_resid|ward,p0_defect_discovery_mvtec,wood,dinov2_s,1024,0,detected,topk_resid,ward,41,4,5,0,10,0.7098008634174008,0.0,0.5028101023763438,0.7317073170731707,0.11916342392498509,0.5906374394924157,2
p0_defect_discovery_mvtec|wood|1024|0|detected|cls|kmeans,p0_defect_discovery_mvtec,wood,dinov2_s,1024,0,detected,cls,kmeans,41,4,5,0,10,0.5628144938923738,0.04631615662726292,0.4537218623660534,0.6487804878048781,0.12164143990845569,0.44117305398391815,2
p0_defect_discovery_mvtec|wood|1024|0|detected|cls|ward,p0_defect_discovery_mvtec,wood,dinov2_s,1024,0,detected,cls,ward,41,4,5,0,10,0.5743253311595825,0.0,0.4858856499701623,0.6829268292682927,0.11693427298147567,0.4573910581781068,2
p0_defect_discovery_mvtec|wood|1024|0|detected|mask_feat|kmeans,p0_defect_discovery_mvtec,wood,dinov2_s,1024,0,detected,mask_feat,kmeans,41,4,5,0,10,0.7452163985133422,0.054201816039405284,0.571137979536408,0.751219512195122,0.12857399431698496,0.6166424041963572,2
p0_defect_discovery_mvtec|wood|1024|0|detected|mask_feat|ward,p0_defect_discovery_mvtec,wood,dinov2_s,1024,0,detected,mask_feat,ward,41,4,5,0,10,0.7875531140263436,0.0,0.6183729974048102,0.8048780487804879,0.12138859664616779,0.6661645173801759,2
p0_defect_discovery_mvtec|wood|1024|1|oracle|topk_feat|kmeans,p0_defect_discovery_mvtec,wood,dinov2_s,1024,1,oracle,topk_feat,kmeans,49,4,4,0,10,0.6045190530419013,0.020043633424806185,0.4204237165688697,0.6693877551020408,0.07801132821090606,0.5265077248309953,2
p0_defect_discovery_mvtec|wood|1024|1|oracle|topk_feat|ward,p0_defect_discovery_mvtec,wood,dinov2_s,1024,1,oracle,topk_feat,ward,49,4,4,0,10,0.605865429089234,0.0,0.3886547632250194,0.6326530612244898,0.08225184549120752,0.5236135835980265,2
p0_defect_discovery_mvtec|wood|1024|1|oracle|topk_resid|kmeans,p0_defect_discovery_mvtec,wood,dinov2_s,1024,1,oracle,topk_resid,kmeans,49,4,4,0,10,0.6001809256688303,0.06481043968270445,0.4146309875354398,0.6612244897959183,0.07695220301674627,0.523228722652084,2
p0_defect_discovery_mvtec|wood|1024|1|oracle|topk_resid|ward,p0_defect_discovery_mvtec,wood,dinov2_s,1024,1,oracle,topk_resid,ward,49,4,4,0,10,0.7050439213402254,0.0,0.4982649752545651,0.673469387755102,0.08388636018761894,0.6211575611526065,2
p0_defect_discovery_mvtec|wood|1024|1|oracle|cls|kmeans,p0_defect_discovery_mvtec,wood,dinov2_s,1024,1,oracle,cls,kmeans,49,4,4,0,10,0.5156464639350137,0.013134139087514658,0.4289359187674561,0.6489795918367347,0.07857955089155232,0.43706691304346135,2
p0_defect_discovery_mvtec|wood|1024|1|oracle|cls|ward,p0_defect_discovery_mvtec,wood,dinov2_s,1024,1,oracle,cls,ward,49,4,4,0,10,0.6372061231544294,0.0,0.5023404749391965,0.7551020408163265,0.08307069087669414,0.5541354322777352,2
p0_defect_discovery_mvtec|wood|1024|1|oracle|mask_feat|kmeans,p0_defect_discovery_mvtec,wood,dinov2_s,1024,1,oracle,mask_feat,kmeans,49,4,4,0,10,0.6656529489809967,0.0009532230742882949,0.478801769785135,0.7061224489795919,0.08112515610049631,0.5845277928805004,2
p0_defect_discovery_mvtec|wood|1024|1|oracle|mask_feat|ward,p0_defect_discovery_mvtec,wood,dinov2_s,1024,1,oracle,mask_feat,ward,49,4,4,0,10,0.7238233493119014,0.0,0.543248601781434,0.7959183673469388,0.0778042059887575,0.6460191433231439,2
p0_defect_discovery_mvtec|wood|1024|1|detected|topk_feat|kmeans,p0_defect_discovery_mvtec,wood,dinov2_s,1024,1,detected,topk_feat,kmeans,41,4,5,0,10,0.6741058203182794,0.03851740476992225,0.5001985928103323,0.7219512195121952,0.12105461543820786,0.5530512048800715,2
p0_defect_discovery_mvtec|wood|1024|1|detected|topk_feat|ward,p0_defect_discovery_mvtec,wood,dinov2_s,1024,1,detected,topk_feat,ward,41,4,5,0,10,0.7065556079065696,0.0,0.566864471827208,0.7804878048780488,0.11868658766247919,0.5878690202440904,2
p0_defect_discovery_mvtec|wood|1024|1|detected|topk_resid|kmeans,p0_defect_discovery_mvtec,wood,dinov2_s,1024,1,detected,topk_resid,kmeans,41,4,5,0,10,0.6009783516130836,0.06560682074461581,0.41689467695821686,0.6536585365853659,0.13132207575406615,0.46965627585901737,2
p0_defect_discovery_mvtec|wood|1024|1|detected|topk_resid|ward,p0_defect_discovery_mvtec,wood,dinov2_s,1024,1,detected,topk_resid,ward,41,4,5,0,10,0.6011853380949636,0.0,0.3640380995467802,0.6585365853658537,0.126092160680054,0.47509317741490953,2
p0_defect_discovery_mvtec|wood|1024|1|detected|cls|kmeans,p0_defect_discovery_mvtec,wood,dinov2_s,1024,1,detected,cls,kmeans,41,4,5,0,10,0.5403433519628711,0.057784206318958795,0.40458621298796976,0.6097560975609756,0.1186924239016863,0.42165092806118476,2
p0_defect_discovery_mvtec|wood|1024|1|detected|cls|ward,p0_defect_discovery_mvtec,wood,dinov2_s,1024,1,detected,cls,ward,41,4,5,0,10,0.5743253311595825,0.0,0.4858856499701623,0.6829268292682927,0.10213851336422002,0.4721868177953625,2
p0_defect_discovery_mvtec|wood|1024|1|detected|mask_feat|kmeans,p0_defect_discovery_mvtec,wood,dinov2_s,1024,1,detected,mask_feat,kmeans,41,4,5,0,10,0.7029204809276146,0.0565574823451508,0.5376893337056127,0.751219512195122,0.12155240465212791,0.5813680762754867,2
p0_defect_discovery_mvtec|wood|1024|1|detected|mask_feat|ward,p0_defect_discovery_mvtec,wood,dinov2_s,1024,1,detected,mask_feat,ward,41,4,5,0,10,0.7875531140263436,0.0,0.6183729974048102,0.8048780487804879,0.12287428293060496,0.6646788310957387,2
p0_defect_discovery_mvtec|wood|1024|2|oracle|topk_feat|kmeans,p0_defect_discovery_mvtec,wood,dinov2_s,1024,2,oracle,topk_feat,kmeans,49,4,4,0,10,0.5962277082604086,0.02752278210788926,0.4155198705152435,0.7306122448979593,0.07795286227337235,0.5182748459870362,2
p0_defect_discovery_mvtec|wood|1024|2|oracle|topk_feat|ward,p0_defect_discovery_mvtec,wood,dinov2_s,1024,2,oracle,topk_feat,ward,49,4,4,0,10,0.7439606507852184,0.0,0.6005670742512847,0.8367346938775511,0.07472088108495291,0.6692397697002656,2
p0_defect_discovery_mvtec|wood|1024|2|oracle|topk_resid|kmeans,p0_defect_discovery_mvtec,wood,dinov2_s,1024,2,oracle,topk_resid,kmeans,49,4,4,0,10,0.587017272045412,0.0368959716758726,0.4108348136685576,0.6244897959183674,0.07703034281079588,0.5099869292346161,2
p0_defect_discovery_mvtec|wood|1024|2|oracle|topk_resid|ward,p0_defect_discovery_mvtec,wood,dinov2_s,1024,2,oracle,topk_resid,ward,49,4,4,0,10,0.6967690914277719,0.0,0.6554339133552105,0.7551020408163265,0.07718659201024818,0.6195824994175237,2
p0_defect_discovery_mvtec|wood|1024|2|oracle|cls|kmeans,p0_defect_discovery_mvtec,wood,dinov2_s,1024,2,oracle,cls,kmeans,49,4,4,0,10,0.5156464639350137,0.013134139087514658,0.4289359187674561,0.6489795918367347,0.07857955089155232,0.43706691304346135,2
p0_defect_discovery_mvtec|wood|1024|2|oracle|cls|ward,p0_defect_discovery_mvtec,wood,dinov2_s,1024,2,oracle,cls,ward,49,4,4,0,10,0.6372061231544294,0.0,0.5023404749391965,0.7551020408163265,0.08307069087669414,0.5541354322777352,2
p0_defect_discovery_mvtec|wood|1024|2|oracle|mask_feat|kmeans,p0_defect_discovery_mvtec,wood,dinov2_s,1024,2,oracle,mask_feat,kmeans,49,4,4,0,10,0.6656529489809967,0.0009532230742882949,0.478801769785135,0.7061224489795919,0.08112515610049631,0.5845277928805004,2
p0_defect_discovery_mvtec|wood|1024|2|oracle|mask_feat|ward,p0_defect_discovery_mvtec,wood,dinov2_s,1024,2,oracle,mask_feat,ward,49,4,4,0,10,0.7238233493119014,0.0,0.543248601781434,0.7959183673469388,0.0778042059887575,0.6460191433231439,2
p0_defect_discovery_mvtec|wood|1024|2|detected|topk_feat|kmeans,p0_defect_discovery_mvtec,wood,dinov2_s,1024,2,detected,topk_feat,kmeans,41,4,5,0,10,0.6915048296807186,0.03369679005813844,0.5363489248840412,0.7414634146341463,0.11751518215896303,0.5739896475217555,2
p0_defect_discovery_mvtec|wood|1024|2|detected|topk_feat|ward,p0_defect_discovery_mvtec,wood,dinov2_s,1024,2,detected,topk_feat,ward,41,4,5,0,10,0.7265419432204018,0.0,0.5520193224014984,0.7317073170731707,0.1162789543584549,0.6102629888619469,2
p0_defect_discovery_mvtec|wood|1024|2|detected|topk_resid|kmeans,p0_defect_discovery_mvtec,wood,dinov2_s,1024,2,detected,topk_resid,kmeans,41,4,5,0,10,0.6056696697682801,0.05293072080566151,0.42911982797168785,0.6585365853658537,0.11807353539381989,0.4875961343744602,2
p0_defect_discovery_mvtec|wood|1024|2|detected|topk_resid|ward,p0_defect_discovery_mvtec,wood,dinov2_s,1024,2,detected,topk_resid,ward,41,4,5,0,10,0.5547806197654295,0.0,0.38603059150711305,0.6585365853658537,0.11079801423896554,0.44398260552646396,2
p0_defect_discovery_mvtec|wood|1024|2|detected|cls|kmeans,p0_defect_discovery_mvtec,wood,dinov2_s,1024,2,detected,cls,kmeans,41,4,5,0,10,0.5182907059508859,0.019876076178512756,0.3982597781297387,0.6097560975609756,0.12365658210427595,0.39463412384660995,2
p0_defect_discovery_mvtec|wood|1024|2|detected|cls|ward,p0_defect_discovery_mvtec,wood,dinov2_s,1024,2,detected,cls,ward,41,4,5,0,10,0.5743253311595825,0.0,0.4858856499701623,0.6829268292682927,0.1027846292030928,0.4715407019564897,2
p0_defect_discovery_mvtec|wood|1024|2|detected|mask_feat|kmeans,p0_defect_discovery_mvtec,wood,dinov2_s,1024,2,detected,mask_feat,kmeans,41,4,5,0,10,0.7664830350648839,0.03716105132941295,0.5991554048511416,0.7560975609756098,0.1209779999462381,0.6455050351186458,2
p0_defect_discovery_mvtec|wood|1024|2|detected|mask_feat|ward,p0_defect_discovery_mvtec,wood,dinov2_s,1024,2,detected,mask_feat,ward,41,4,5,0,10,0.7875531140263436,0.0,0.6183729974048102,0.8048780487804879,0.1117182520565612,0.6758348619697825,2
p0_defect_discovery_mvtec|zipper|1024|0|oracle|topk_feat|kmeans,p0_defect_discovery_mvtec,zipper,dinov2_s,1024,0,oracle,topk_feat,kmeans,103,6,6,0,10,0.5672909013687766,0.027236727828854803,0.4384685181302432,0.6485436893203883,0.07994133587957324,0.48734956548920333,2
p0_defect_discovery_mvtec|zipper|1024|0|oracle|topk_feat|ward,p0_defect_discovery_mvtec,zipper,dinov2_s,1024,0,oracle,topk_feat,ward,103,6,6,0,10,0.5692993859655644,0.0,0.42703316914750994,0.6213592233009708,0.07557000622015442,0.49372937974541,2
p0_defect_discovery_mvtec|zipper|1024|0|oracle|topk_resid|kmeans,p0_defect_discovery_mvtec,zipper,dinov2_s,1024,0,oracle,topk_resid,kmeans,103,6,6,0,10,0.6025735851813134,0.029686172653881265,0.4816996482288691,0.7029126213592234,0.07832329019563408,0.5242502949856793,2
p0_defect_discovery_mvtec|zipper|1024|0|oracle|topk_resid|ward,p0_defect_discovery_mvtec,zipper,dinov2_s,1024,0,oracle,topk_resid,ward,103,6,6,0,10,0.5805199904429645,0.0,0.4607400999498852,0.6990291262135923,0.08164174094364315,0.49887824949932136,2
p0_defect_discovery_mvtec|zipper|1024|0|oracle|cls|kmeans,p0_defect_discovery_mvtec,zipper,dinov2_s,1024,0,oracle,cls,kmeans,103,6,6,0,10,0.5682511679860587,0.035809477867947005,0.4331648043293364,0.625242718446602,0.07543906346876242,0.4928121045172963,2
p0_defect_discovery_mvtec|zipper|1024|0|oracle|cls|ward,p0_defect_discovery_mvtec,zipper,dinov2_s,1024,0,oracle,cls,ward,103,6,6,0,10,0.5761483751749573,0.0,0.4634692287717476,0.6019417475728155,0.07008691737586877,0.5060614577990885,2
p0_defect_discovery_mvtec|zipper|1024|0|oracle|mask_feat|kmeans,p0_defect_discovery_mvtec,zipper,dinov2_s,1024,0,oracle,mask_feat,kmeans,103,6,6,0,10,0.7308932072960316,0.02201379935734166,0.5901076962927317,0.7262135922330097,0.0784452785607178,0.6524479287353138,2
p0_defect_discovery_mvtec|zipper|1024|0|oracle|mask_feat|ward,p0_defect_discovery_mvtec,zipper,dinov2_s,1024,0,oracle,mask_feat,ward,103,6,6,0,10,0.7428308988686697,0.0,0.5925487354766975,0.7184466019417476,0.07944610791702288,0.6633847909516468,2
p0_defect_discovery_mvtec|zipper|1024|0|detected|topk_feat|kmeans,p0_defect_discovery_mvtec,zipper,dinov2_s,1024,0,detected,topk_feat,kmeans,88,6,7,0,10,0.6144009545586827,0.04434110455364823,0.5175068444757264,0.6772727272727272,0.10980614353312887,0.5045948110255538,2
p0_defect_discovery_mvtec|zipper|1024|0|detected|topk_feat|ward,p0_defect_discovery_mvtec,zipper,dinov2_s,1024,0,detected,topk_feat,ward,88,6,7,0,10,0.6143017719553766,0.0,0.5332791001223811,0.7045454545454546,0.11834115648555317,0.49596061546982345,2
p0_defect_discovery_mvtec|zipper|1024|0|detected|topk_resid|kmeans,p0_defect_discovery_mvtec,zipper,dinov2_s,1024,0,detected,topk_resid,kmeans,88,6,7,0,10,0.6395618231051408,0.019625200959283363,0.5389892995685768,0.7159090909090908,0.10736123362080618,0.5322005894843346,2
p0_defect_discovery_mvtec|zipper|1024|0|detected|topk_resid|ward,p0_defect_discovery_mvtec,zipper,dinov2_s,1024,0,detected,topk_resid,ward,88,6,7,0,10,0.6024119981887844,0.0,0.4656197008814678,0.6477272727272727,0.11446201227836306,0.4879499859104214,2
p0_defect_discovery_mvtec|zipper|1024|0|detected|cls|kmeans,p0_defect_discovery_mvtec,zipper,dinov2_s,1024,0,detected,cls,kmeans,88,6,7,0,10,0.596358970235294,0.034753791363431444,0.46625132321958357,0.6181818181818182,0.10927660130873187,0.4870823689265622,2
p0_defect_discovery_mvtec|zipper|1024|0|detected|cls|ward,p0_defect_discovery_mvtec,zipper,dinov2_s,1024,0,detected,cls,ward,88,6,7,0,10,0.5440895206169903,0.0,0.38188292050900424,0.5340909090909091,0.11434602204724395,0.42974349856974636,2
p0_defect_discovery_mvtec|zipper|1024|0|detected|mask_feat|kmeans,p0_defect_discovery_mvtec,zipper,dinov2_s,1024,0,detected,mask_feat,kmeans,88,6,7,0,10,0.7772051049760486,0.011376439740868157,0.6572800828979315,0.7272727272727273,0.10957757200230285,0.6676275329737457,2
p0_defect_discovery_mvtec|zipper|1024|0|detected|mask_feat|ward,p0_defect_discovery_mvtec,zipper,dinov2_s,1024,0,detected,mask_feat,ward,88,6,7,0,10,0.7559187441079568,0.0,0.6210454013796495,0.7159090909090909,0.11663643565755451,0.6392823084504022,2
p0_defect_discovery_mvtec|zipper|1024|1|oracle|topk_feat|kmeans,p0_defect_discovery_mvtec,zipper,dinov2_s,1024,1,oracle,topk_feat,kmeans,103,6,6,0,10,0.5651634204746554,0.03279556857747935,0.4167199221892467,0.6252427184466021,0.07764984459659396,0.48751357587806143,2
p0_defect_discovery_mvtec|zipper|1024|1|oracle|topk_feat|ward,p0_defect_discovery_mvtec,zipper,dinov2_s,1024,1,oracle,topk_feat,ward,103,6,6,0,10,0.5628899296374157,0.0,0.4050779550979334,0.5825242718446602,0.07413727571556748,0.4887526539218482,2
p0_defect_discovery_mvtec|zipper|1024|1|oracle|topk_resid|kmeans,p0_defect_discovery_mvtec,zipper,dinov2_s,1024,1,oracle,topk_resid,kmeans,103,6,6,0,10,0.5388855284469404,0.02616081570833613,0.39433701000571875,0.6504854368932039,0.0751580497261217,0.46372747872081865,2
p0_defect_discovery_mvtec|zipper|1024|1|oracle|topk_resid|ward,p0_defect_discovery_mvtec,zipper,dinov2_s,1024,1,oracle,topk_resid,ward,103,6,6,0,10,0.5359315152153787,0.0,0.3736225303228314,0.6213592233009708,0.07107950314893294,0.4648520120664458,2
p0_defect_discovery_mvtec|zipper|1024|1|oracle|cls|kmeans,p0_defect_discovery_mvtec,zipper,dinov2_s,1024,1,oracle,cls,kmeans,103,6,6,0,10,0.5682511679860587,0.035809477867947005,0.4331648043293364,0.625242718446602,0.07543906346876242,0.4928121045172963,2
p0_defect_discovery_mvtec|zipper|1024|1|oracle|cls|ward,p0_defect_discovery_mvtec,zipper,dinov2_s,1024,1,oracle,cls,ward,103,6,6,0,10,0.5761483751749573,0.0,0.4634692287717476,0.6019417475728155,0.07008691737586877,0.5060614577990885,2
p0_defect_discovery_mvtec|zipper|1024|1|oracle|mask_feat|kmeans,p0_defect_discovery_mvtec,zipper,dinov2_s,1024,1,oracle,mask_feat,kmeans,103,6,6,0,10,0.7308932072960316,0.02201379935734166,0.5901076962927317,0.7262135922330097,0.0784452785607178,0.6524479287353138,2
p0_defect_discovery_mvtec|zipper|1024|1|oracle|mask_feat|ward,p0_defect_discovery_mvtec,zipper,dinov2_s,1024,1,oracle,mask_feat,ward,103,6,6,0,10,0.7428308988686697,0.0,0.5925487354766975,0.7184466019417476,0.07944610791702288,0.6633847909516468,2
p0_defect_discovery_mvtec|zipper|1024|1|detected|topk_feat|kmeans,p0_defect_discovery_mvtec,zipper,dinov2_s,1024,1,detected,topk_feat,kmeans,88,6,7,0,10,0.6371326771247551,0.02373394846923777,0.5397879362651498,0.675,0.10727261532092872,0.5298600618038264,2
p0_defect_discovery_mvtec|zipper|1024|1|detected|topk_feat|ward,p0_defect_discovery_mvtec,zipper,dinov2_s,1024,1,detected,topk_feat,ward,88,6,7,0,10,0.6280465090630051,0.0,0.537058991159794,0.6590909090909091,0.10192643544024933,0.5261200736227557,2
p0_defect_discovery_mvtec|zipper|1024|1|detected|topk_resid|kmeans,p0_defect_discovery_mvtec,zipper,dinov2_s,1024,1,detected,topk_resid,kmeans,88,6,7,0,10,0.6178612892798949,0.04034144893139641,0.4958539628693475,0.6931818181818181,0.1119735605224815,0.5058877287574134,2
p0_defect_discovery_mvtec|zipper|1024|1|detected|topk_resid|ward,p0_defect_discovery_mvtec,zipper,dinov2_s,1024,1,detected,topk_resid,ward,88,6,7,0,10,0.5387229461672455,0.0,0.38317987767727923,0.6022727272727273,0.10498283890508504,0.43374010726216045,2
p0_defect_discovery_mvtec|zipper|1024|1|detected|cls|kmeans,p0_defect_discovery_mvtec,zipper,dinov2_s,1024,1,detected,cls,kmeans,88,6,7,0,10,0.6408505999720752,0.05972930392601824,0.51382038738586,0.6659090909090909,0.113373666464085,0.5274769335079902,2
p0_defect_discovery_mvtec|zipper|1024|1|detected|cls|ward,p0_defect_discovery_mvtec,zipper,dinov2_s,1024,1,detected,cls,ward,88,6,7,0,10,0.5975407806483454,0.0,0.4795920245876606,0.6704545454545454,0.10179727202985087,0.4957435086184945,2
p0_defect_discovery_mvtec|zipper|1024|1|detected|mask_feat|kmeans,p0_defect_discovery_mvtec,zipper,dinov2_s,1024,1,detected,mask_feat,kmeans,88,6,7,0,10,0.7655260450283772,0.03245441122726499,0.6559277168152572,0.7454545454545454,0.10585415072383982,0.6596718943045373,2
p0_defect_discovery_mvtec|zipper|1024|1|detected|mask_feat|ward,p0_defect_discovery_mvtec,zipper,dinov2_s,1024,1,detected,mask_feat,ward,88,6,7,0,10,0.7559187441079568,0.0,0.6210454013796495,0.7159090909090909,0.10406144562248301,0.6518572984854738,2
p0_defect_discovery_mvtec|zipper|1024|2|oracle|topk_feat|kmeans,p0_defect_discovery_mvtec,zipper,dinov2_s,1024,2,oracle,topk_feat,kmeans,103,6,6,0,10,0.5598030633090457,0.028091397592565088,0.4292795307470235,0.654368932038835,0.07767834228739542,0.48212472102165027,2
p0_defect_discovery_mvtec|zipper|1024|2|oracle|topk_feat|ward,p0_defect_discovery_mvtec,zipper,dinov2_s,1024,2,oracle,topk_feat,ward,103,6,6,0,10,0.5264340822472365,0.0,0.394365932425777,0.5728155339805825,0.0800187276878023,0.44641535455943426,2
p0_defect_discovery_mvtec|zipper|1024|2|oracle|topk_resid|kmeans,p0_defect_discovery_mvtec,zipper,dinov2_s,1024,2,oracle,topk_resid,kmeans,103,6,6,0,10,0.5770994477705067,0.033096298247671685,0.4551668655293061,0.6796116504854369,0.07918108726132947,0.49791836050917726,2
p0_defect_discovery_mvtec|zipper|1024|2|oracle|topk_resid|ward,p0_defect_discovery_mvtec,zipper,dinov2_s,1024,2,oracle,topk_resid,ward,103,6,6,0,10,0.5463240617549934,0.0,0.41250336895719086,0.6601941747572816,0.07116160903312396,0.4751624527218694,2
p0_defect_discovery_mvtec|zipper|1024|2|oracle|cls|kmeans,p0_defect_discovery_mvtec,zipper,dinov2_s,1024,2,oracle,cls,kmeans,103,6,6,0,10,0.5682511679860587,0.035809477867947005,0.4331648043293364,0.625242718446602,0.07543906346876242,0.4928121045172963,2
p0_defect_discovery_mvtec|zipper|1024|2|oracle|cls|ward,p0_defect_discovery_mvtec,zipper,dinov2_s,1024,2,oracle,cls,ward,103,6,6,0,10,0.5761483751749573,0.0,0.4634692287717476,0.6019417475728155,0.07008691737586877,0.5060614577990885,2
p0_defect_discovery_mvtec|zipper|1024|2|oracle|mask_feat|kmeans,p0_defect_discovery_mvtec,zipper,dinov2_s,1024,2,oracle,mask_feat,kmeans,103,6,6,0,10,0.7308932072960316,0.02201379935734166,0.5901076962927317,0.7262135922330097,0.0784452785607178,0.6524479287353138,2
p0_defect_discovery_mvtec|zipper|1024|2|oracle|mask_feat|ward,p0_defect_discovery_mvtec,zipper,dinov2_s,1024,2,oracle,mask_feat,ward,103,6,6,0,10,0.7428308988686697,0.0,0.5925487354766975,0.7184466019417476,0.07944610791702288,0.6633847909516468,2
p0_defect_discovery_mvtec|zipper|1024|2|detected|topk_feat|kmeans,p0_defect_discovery_mvtec,zipper,dinov2_s,1024,2,detected,topk_feat,kmeans,88,6,7,0,10,0.6665013278574027,0.041577627649823826,0.555275996922647,0.6795454545454545,0.10862393972746127,0.5578773881299414,2
p0_defect_discovery_mvtec|zipper|1024|2|detected|topk_feat|ward,p0_defect_discovery_mvtec,zipper,dinov2_s,1024,2,detected,topk_feat,ward,88,6,7,0,10,0.63766018532902,0.0,0.5221870301052565,0.7045454545454546,0.11262853746794263,0.5250316478610774,2
p0_defect_discovery_mvtec|zipper|1024|2|detected|topk_resid|kmeans,p0_defect_discovery_mvtec,zipper,dinov2_s,1024,2,detected,topk_resid,kmeans,88,6,7,0,10,0.6266445229348885,0.020238321242075846,0.5207590428706772,0.6909090909090908,0.10905307130758354,0.5175914516273049,2
p0_defect_discovery_mvtec|zipper|1024|2|detected|topk_resid|ward,p0_defect_discovery_mvtec,zipper,dinov2_s,1024,2,detected,topk_resid,ward,88,6,7,0,10,0.5810853024265934,0.0,0.4449221340529168,0.6477272727272727,0.11150704263494929,0.46957825979164414,2
p0_defect_discovery_mvtec|zipper|1024|2|detected|cls|kmeans,p0_defect_discovery_mvtec,zipper,dinov2_s,1024,2,detected,cls,kmeans,88,6,7,0,10,0.5737925580156213,0.04775634927004027,0.4178222584460397,0.584090909090909,0.1092044471399313,0.4645881108756901,2
p0_defect_discovery_mvtec|zipper|1024|2|detected|cls|ward,p0_defect_discovery_mvtec,zipper,dinov2_s,1024,2,detected,cls,ward,88,6,7,0,10,0.5962223909296239,0.0,0.4759962967201007,0.6590909090909091,0.11444897903148792,0.481773411898136,2
p0_defect_discovery_mvtec|zipper|1024|2|detected|mask_feat|kmeans,p0_defect_discovery_mvtec,zipper,dinov2_s,1024,2,detected,mask_feat,kmeans,88,6,7,0,10,0.7495022871108207,0.0189716374829422,0.6098457008288507,0.6840909090909091,0.11362401846128989,0.6358782686495308,2
p0_defect_discovery_mvtec|zipper|1024|2|detected|mask_feat|ward,p0_defect_discovery_mvtec,zipper,dinov2_s,1024,2,detected,mask_feat,ward,88,6,7,0,10,0.7558021660050411,0.0,0.6195138594514118,0.7045454545454546,0.12204647997798608,0.633755686027055,2
