run_id,config,category,extractor,n_train,n_test,n_anomalous,patches_per_image,extract_seconds,n_cpu,gpu,method,k,vocab_seed,vocab_peak_gpu_mb,vocab_seconds,vocab_peak_rss_mb,select_peak_gpu_mb,select_seconds,select_peak_rss_mb,score_peak_gpu_mb,score_seconds,score_peak_rss_mb,n_words,n_patches,bank_size,image_auroc,image_auroc_by_type,pixel_auroc,aupro,pixel_dprime,image_auroc_top1,image_auroc_top3,image_auroc_top10,image_auroc_top30
p0_hybrid_mvtec|bottle|dinov2_s|hybrid_w50|64|0,p0_hybrid_mvtec,bottle,dinov2_s,209,83,63,1024,27.518106266999894,2,Tesla T4,hybrid_w50,64,0,0.0,5.1140261479999936,1991.23828125,732.6875,0.5599964839998393,1991.23828125,22.25048828125,0.19683045700003277,1991.23828125,32,32,64,0.9992063492063492,"{""broken_large"": 1.0, ""broken_small"": 0.9977272727272727, ""contamination"": 1.0}",0.9897662270480372,0.9578673375961437,4.292294025421143,0.9992063492063492,1.0,1.0,1.0
p0_hybrid_mvtec|bottle|dinov2_s|hybrid_w50|64|1,p0_hybrid_mvtec,bottle,dinov2_s,209,83,63,1024,27.518106266999894,2,Tesla T4,hybrid_w50,64,1,8.125,4.2094782239996675,2375.9453125,740.8125,0.17451391400027205,2375.9453125,22.25048828125,0.10557531699987521,2375.9453125,32,32,64,1.0,"{""broken_large"": 1.0, ""broken_small"": 1.0, ""contamination"": 1.0}",0.9890813869794157,0.9564666551927655,4.217633247375488,1.0,1.0,1.0,1.0
p0_hybrid_mvtec|bottle|dinov2_s|hybrid_w50|64|2,p0_hybrid_mvtec,bottle,dinov2_s,209,83,63,1024,27.518106266999894,2,Tesla T4,hybrid_w50,64,2,8.125,2.7723499250000714,2376.16796875,740.8125,0.17421564599999328,2376.16796875,22.25048828125,0.10908509299997604,2376.16796875,32,32,64,0.9976190476190476,"{""broken_large"": 1.0, ""broken_small"": 0.9931818181818182, ""contamination"": 1.0}",0.9899794599020274,0.9597301932730156,4.3022379875183105,0.9976190476190476,1.0,1.0,1.0
p0_hybrid_mvtec|bottle|dinov2_s|hybrid_w50|256|0,p0_hybrid_mvtec,bottle,dinov2_s,209,83,63,1024,27.518106266999894,2,Tesla T4,hybrid_w50,256,0,8.125,11.926944757000001,2376.16796875,740.8125,0.4117501989999255,2376.16796875,28.5322265625,0.08928717699973276,2376.16796875,128,128,256,1.0,"{""broken_large"": 1.0, ""broken_small"": 1.0, ""contamination"": 1.0}",0.9912832720787188,0.959990523361974,4.364452838897705,1.0,1.0,1.0,1.0
p0_hybrid_mvtec|bottle|dinov2_s|hybrid_w50|256|1,p0_hybrid_mvtec,bottle,dinov2_s,209,83,63,1024,27.518106266999894,2,Tesla T4,hybrid_w50,256,1,8.125,12.297224970000116,2381.24609375,740.8125,0.4013541939998504,2381.24609375,28.5322265625,0.11509307800042734,2381.24609375,128,128,256,1.0,"{""broken_large"": 1.0, ""broken_small"": 1.0, ""contamination"": 1.0}",0.9911283070664572,0.9601135460626842,4.218053817749023,1.0,1.0,1.0,1.0
p0_hybrid_mvtec|bottle|dinov2_s|hybrid_w50|256|2,p0_hybrid_mvtec,bottle,dinov2_s,209,83,63,1024,27.518106266999894,2,Tesla T4,hybrid_w50,256,2,8.125,11.804165746999843,2391.53125,740.8125,0.40787744099998235,2391.53125,28.5322265625,0.0844017609997536,2391.53125,128,128,256,1.0,"{""broken_large"": 1.0, ""broken_small"": 1.0, ""contamination"": 1.0}",0.9912330438128872,0.9617533831111125,4.33357048034668,1.0,1.0,1.0,1.0
p0_hybrid_mvtec|bottle|dinov2_s|hybrid_w50|1024|0,p0_hybrid_mvtec,bottle,dinov2_s,209,83,63,1024,27.518106266999894,2,Tesla T4,hybrid_w50,1024,0,8.125,37.772233460999814,2391.53125,950.697265625,1.395702739999706,2391.53125,63.66015625,0.1408384159999514,2391.53125,512,512,1024,1.0,"{""broken_large"": 1.0, ""broken_small"": 1.0, ""contamination"": 1.0}",0.9913440853464283,0.9601245512755657,4.017996788024902,1.0,1.0,1.0,1.0
p0_hybrid_mvtec|bottle|dinov2_s|hybrid_w50|1024|1,p0_hybrid_mvtec,bottle,dinov2_s,209,83,63,1024,27.518106266999894,2,Tesla T4,hybrid_w50,1024,1,8.125,37.79967624699975,2392.7421875,950.697265625,1.320399298999746,2392.7421875,63.66015625,0.10454001400012203,2392.7421875,512,512,1024,1.0,"{""broken_large"": 1.0, ""broken_small"": 1.0, ""contamination"": 1.0}",0.9912827883681569,0.9589911215897511,3.9933862686157227,1.0,1.0,1.0,1.0
p0_hybrid_mvtec|bottle|dinov2_s|hybrid_w50|1024|2,p0_hybrid_mvtec,bottle,dinov2_s,209,83,63,1024,27.518106266999894,2,Tesla T4,hybrid_w50,1024,2,8.125,36.79987220400017,2392.7421875,950.697265625,1.3123773949996576,2392.7421875,63.66015625,0.10442709800008743,2392.7421875,512,512,1024,1.0,"{""broken_large"": 1.0, ""broken_small"": 1.0, ""contamination"": 1.0}",0.9915255054565774,0.9614925900793144,4.003383159637451,1.0,1.0,1.0,1.0
p0_hybrid_mvtec|cable|dinov2_s|hybrid_w50|64|0,p0_hybrid_mvtec,cable,dinov2_s,224,150,92,1024,22.425007147999622,2,Tesla T4,hybrid_w50,64,0,8.125,6.174026268000034,2572.0546875,792.3125,0.18954009200024302,2572.0546875,22.25048828125,0.15069776400014234,2572.0546875,32,32,64,0.8729385307346327,"{""bent_wire"": 0.9960212201591513, ""cable_swap"": 0.4410919540229885, ""combined"": 0.9858934169278997, ""cut_inner_insulation"": 0.9913793103448276, ""cut_outer_insulation"": 0.9086206896551724, ""missing_cable"": 1.0, ""missing_wire"": 0.6293103448275862, ""poke_insulation"": 0.996551724137931}",0.9503135025488465,0.8830777178052276,3.4920101165771484,0.8729385307346327,0.8770614692653673,0.8986131934032984,0.9222263868065966
p0_hybrid_mvtec|cable|dinov2_s|hybrid_w50|64|1,p0_hybrid_mvtec,cable,dinov2_s,224,150,92,1024,22.425007147999622,2,Tesla T4,hybrid_w50,64,1,8.125,3.216684867999902,2572.0546875,792.3125,0.19077907600012622,2572.0546875,22.25048828125,0.15781265200030248,2572.0546875,32,32,64,0.8849325337331335,"{""bent_wire"": 0.9920424403183024, ""cable_swap"": 0.39224137931034486, ""combined"": 0.9921630094043886, ""cut_inner_insulation"": 0.9605911330049262, ""cut_outer_insulation"": 0.9275862068965517, ""missing_cable"": 1.0, ""missing_wire"": 0.8310344827586207, ""poke_insulation"": 0.9862068965517241}",0.9437711118773427,0.8826355574038585,3.695063352584839,0.8849325337331335,0.9008620689655171,0.9091079460269866,0.9216641679160419
p0_hybrid_mvtec|cable|dinov2_s|hybrid_w50|64|2,p0_hybrid_mvtec,cable,dinov2_s,224,150,92,1024,22.425007147999622,2,Tesla T4,hybrid_w50,64,2,8.125,4.355430639000133,2572.0546875,792.3125,0.18908775200043237,2572.0546875,22.25048828125,0.17742350999969858,2572.0546875,32,32,64,0.8931784107946027,"{""bent_wire"": 0.9986737400530503, ""cable_swap"": 0.33477011494252873, ""combined"": 0.9984326018808777, ""cut_inner_insulation"": 0.9679802955665024, ""cut_outer_insulation"": 0.956896551724138, ""missing_cable"": 1.0, ""missing_wire"": 0.9120689655172414, ""poke_insulation"": 0.9948275862068966}",0.945582913732375,0.8786778501160324,3.7023861408233643,0.8931784107946027,0.9087331334332833,0.9134182908545728,0.9293478260869565
p0_hybrid_mvtec|cable|dinov2_s|hybrid_w50|256|0,p0_hybrid_mvtec,cable,dinov2_s,224,150,92,1024,22.425007147999622,2,Tesla T4,hybrid_w50,256,0,8.125,12.34535950999998,2572.0546875,792.3125,0.4310814489999757,2572.0546875,28.5322265625,0.1482671680000749,2572.0546875,128,128,256,0.9023613193403298,"{""bent_wire"": 1.0, ""cable_swap"": 0.40660919540229884, ""combined"": 0.9686520376175549, ""cut_inner_insulation"": 0.9975369458128079, ""cut_outer_insulation"": 0.9948275862068966, ""missing_cable"": 1.0, ""missing_wire"": 0.856896551724138, ""poke_insulation"": 1.0}",0.9574633083509761,0.9003900599476544,3.922027349472046,0.9023613193403298,0.9134182908545727,0.9274737631184409,0.9392803598200901
p0_hybrid_mvtec|cable|dinov2_s|hybrid_w50|256|1,p0_hybrid_mvtec,cable,dinov2_s,224,150,92,1024,22.425007147999622,2,Tesla T4,hybrid_w50,256,1,8.125,12.352057388000048,2575.97265625,792.3125,0.43185955100034334,2575.97265625,28.5322265625,0.15083985999990546,2575.97265625,128,128,256,0.9340329835082458,"{""bent_wire"": 1.0, ""cable_swap"": 0.6192528735632185, ""combined"": 0.9890282131661442, ""cut_inner_insulation"": 0.9913793103448276, ""cut_outer_insulation"": 0.996551724137931, ""missing_cable"": 1.0, ""missing_wire"": 0.8793103448275862, ""poke_insulation"": 0.9982758620689655}",0.9573045461748353,0.9008794207117954,3.7708985805511475,0.9340329835082458,0.9360944527736133,0.9512743628185908,0.9548350824587706
p0_hybrid_mvtec|cable|dinov2_s|hybrid_w50|256|2,p0_hybrid_mvtec,cable,dinov2_s,224,150,92,1024,22.425007147999622,2,Tesla T4,hybrid_w50,256,2,8.125,12.534208772999591,2575.97265625,792.3125,0.43894639500013,2575.97265625,28.5322265625,0.1533648979998361,2575.97265625,128,128,256,0.9248500749625187,"{""bent_wire"": 1.0, ""cable_swap"": 0.5158045977011494, ""combined"": 0.9843260188087775, ""cut_inner_insulation"": 0.9926108374384236, ""cut_outer_insulation"": 0.9913793103448275, ""missing_cable"": 1.0, ""missing_wire"": 0.9258620689655173, ""poke_insulation"": 1.0}",0.9598987652572261,0.9041850181997118,3.901789903640747,0.9248500749625187,0.9340329835082459,0.9402173913043478,0.9473388305847077
p0_hybrid_mvtec|cable|dinov2_s|hybrid_w50|1024|0,p0_hybrid_mvtec,cable,dinov2_s,224,150,92,1024,22.425007147999622,2,Tesla T4,hybrid_w50,1024,0,8.125,43.376893826000014,2575.984375,1018.314453125,1.4049743640002816,2575.984375,63.66015625,0.17920976300001712,2575.984375,512,512,1024,0.9441529235382309,"{""bent_wire"": 1.0, ""cable_swap"": 0.5933908045977012, ""combined"": 0.9968652037617556, ""cut_inner_insulation"": 1.0, ""cut_outer_insulation"": 1.0, ""missing_cable"": 1.0, ""missing_wire"": 0.9775862068965517, ""poke_insulation"": 1.0}",0.9680411227139051,0.9148000275489337,4.126666069030762,0.9441529235382309,0.9582083958020988,0.9664542728635682,0.9685157421289355
p0_hybrid_mvtec|cable|dinov2_s|hybrid_w50|1024|1,p0_hybrid_mvtec,cable,dinov2_s,224,150,92,1024,22.425007147999622,2,Tesla T4,hybrid_w50,1024,1,8.125,38.35654814600002,2575.984375,1018.314453125,1.4242450380002083,2575.984375,63.66015625,0.19091656599994167,2575.984375,512,512,1024,0.9368440779610195,"{""bent_wire"": 1.0, ""cable_swap"": 0.5431034482758621, ""combined"": 0.9921630094043886, ""cut_inner_insulation"": 1.0, ""cut_outer_insulation"": 1.0, ""missing_cable"": 1.0, ""missing_wire"": 0.9758620689655172, ""poke_insulation"": 1.0}",0.9686009928835548,0.9176530047862196,4.111676216125488,0.9368440779610195,0.9456521739130435,0.957833583208396,0.9642053973013494
p0_hybrid_mvtec|cable|dinov2_s|hybrid_w50|1024|2,p0_hybrid_mvtec,cable,dinov2_s,224,150,92,1024,22.425007147999622,2,Tesla T4,hybrid_w50,1024,2,8.125,39.24893521799959,2588.97265625,1018.314453125,1.409589256000345,2588.97265625,63.66015625,0.17942630900006407,2588.97265625,512,512,1024,0.9364692653673163,"{""bent_wire"": 1.0, ""cable_swap"": 0.5804597701149425, ""combined"": 0.9905956112852665, ""cut_inner_insulation"": 1.0, ""cut_outer_insulation"": 0.9982758620689655, ""missing_cable"": 1.0, ""missing_wire"": 0.9310344827586208, ""poke_insulation"": 1.0}",0.9679411149164417,0.9161227098270164,4.104605674743652,0.9364692653673163,0.9469640179910044,0.957271364317841,0.9627061469265368
p0_hybrid_mvtec|capsule|dinov2_s|hybrid_w50|64|0,p0_hybrid_mvtec,capsule,dinov2_s,219,132,109,1024,21.017523612999867,2,Tesla T4,hybrid_w50,64,0,8.125,3.3885174519996326,2588.97265625,774.8125,0.18265692399972977,2588.97265625,22.25048828125,0.13567573399996036,2588.97265625,32,32,64,0.9142401276426008,"{""crack"": 0.9187145557655955, ""faulty_imprint"": 0.8636363636363636, ""poke"": 0.9585921325051759, ""scratch"": 0.8638941398865785, ""squeeze"": 0.9760869565217392}",0.9768895951982837,0.9212265841565265,3.9681525230407715,0.9142401276426008,0.93777423214998,0.9553250897487037,0.9633027522935781
p0_hybrid_mvtec|capsule|dinov2_s|hybrid_w50|64|1,p0_hybrid_mvtec,capsule,dinov2_s,219,132,109,1024,21.017523612999867,2,Tesla T4,hybrid_w50,64,1,8.125,2.9606639749999886,2588.97265625,774.8125,0.18392034899989085,2588.97265625,22.25048828125,0.20682245000034527,2588.97265625,32,32,64,0.9333865177502991,"{""crack"": 0.8809073724007561, ""faulty_imprint"": 0.9051383399209486, ""poke"": 0.9296066252587991, ""scratch"": 0.9603024574669188, ""squeeze"": 0.9978260869565218}",0.9618559967848022,0.9210861032416828,3.8967175483703613,0.9333865177502991,0.9453530115676106,0.9461507778220982,0.9473474272038294
p0_hybrid_mvtec|capsule|dinov2_s|hybrid_w50|64|2,p0_hybrid_mvtec,capsule,dinov2_s,219,132,109,1024,21.017523612999867,2,Tesla T4,hybrid_w50,64,2,8.125,3.1141063049999502,2588.97265625,774.8125,0.18623503699973298,2588.97265625,22.25048828125,0.1509775780000382,2588.97265625,32,32,64,0.9042680494615077,"{""crack"": 0.8544423440453687, ""faulty_imprint"": 0.9189723320158104, ""poke"": 0.9047619047619048, ""scratch"": 0.9035916824196597, ""squeeze"": 0.9456521739130435}",0.9750482956626733,0.9200927033396774,3.859361171722412,0.9042680494615077,0.9190267251695253,0.9353809333865178,0.9449541284403671
p0_hybrid_mvtec|capsule|dinov2_s|hybrid_w50|256|0,p0_hybrid_mvtec,capsule,dinov2_s,219,132,109,1024,21.017523612999867,2,Tesla T4,hybrid_w50,256,0,8.125,12.164060461999725,2588.97265625,774.8125,0.445161397999982,2588.97265625,28.5322265625,0.13264224499971533,2588.97265625,128,128,256,0.9485440765855605,"{""crack"": 0.9224952741020793, ""faulty_imprint"": 0.91699604743083, ""poke"": 0.9503105590062111, ""scratch"": 0.9640831758034026, ""squeeze"": 0.9934782608695653}",0.9836675484116516,0.947017088788517,5.007499694824219,0.9485440765855605,0.9569206222576785,0.9589150378938971,0.9625049860390906
p0_hybrid_mvtec|capsule|dinov2_s|hybrid_w50|256|1,p0_hybrid_mvtec,capsule,dinov2_s,219,132,109,1024,21.017523612999867,2,Tesla T4,hybrid_w50,256,1,8.125,11.911161754999739,2588.97265625,774.8125,0.4263420120000774,2588.97265625,28.5322265625,0.1334738630002903,2588.97265625,128,128,256,0.949341842840048,"{""crack"": 0.9603024574669188, ""faulty_imprint"": 0.9288537549407115, ""poke"": 0.9544513457556936, ""scratch"": 0.9168241965973536, ""squeeze"": 0.991304347826087}",0.9832687228745134,0.9534844238283643,4.916419982910156,0.949341842840048,0.9525329078579976,0.9609094535301157,0.9633027522935781
p0_hybrid_mvtec|capsule|dinov2_s|hybrid_w50|256|2,p0_hybrid_mvtec,capsule,dinov2_s,219,132,109,1024,21.017523612999867,2,Tesla T4,hybrid_w50,256,2,8.125,12.122070432999863,2588.97265625,774.8125,0.42643988000008903,2588.97265625,28.5322265625,0.12995664800018858,2588.97265625,128,128,256,0.9652971679297966,"{""crack"": 0.9584120982986768, ""faulty_imprint"": 0.9466403162055336, ""poke"": 0.9606625258799172, ""scratch"": 0.9659735349716445, ""squeeze"": 0.9978260869565218}",0.9840198977344131,0.9492895734323422,4.9873456954956055,0.9652971679297966,0.9553250897487037,0.9557239728759473,0.9637016354208219
p0_hybrid_mvtec|capsule|dinov2_s|hybrid_w50|1024|0,p0_hybrid_mvtec,capsule,dinov2_s,219,132,109,1024,21.017523612999867,2,Tesla T4,hybrid_w50,1024,0,8.125,39.01583316999995,2588.97265625,995.775390625,1.3709632969998893,2588.97265625,63.66015625,0.17366246500023408,2588.97265625,512,512,1024,0.9648982848025529,"{""crack"": 0.9584120982986768, ""faulty_imprint"": 0.9229249011857708, ""poke"": 0.968944099378882, ""scratch"": 0.9810964083175804, ""squeeze"": 0.9956521739130435}",0.9900633969432833,0.9571239927006702,5.42401123046875,0.9648982848025529,0.9625049860390906,0.9756681292381333,0.9752692461108895
p0_hybrid_mvtec|capsule|dinov2_s|hybrid_w50|1024|1,p0_hybrid_mvtec,capsule,dinov2_s,219,132,109,1024,21.017523612999867,2,Tesla T4,hybrid_w50,1024,1,8.125,39.115971423000246,2588.97265625,995.775390625,1.3976381850002326,2588.97265625,63.66015625,0.16260494299967831,2588.97265625,512,512,1024,0.9708815317112086,"{""crack"": 0.9640831758034026, ""faulty_imprint"": 0.9604743083003953, ""poke"": 0.958592132505176, ""scratch"": 0.9773156899810964, ""squeeze"": 0.9956521739130435}",0.9899754025259517,0.9576886144192894,5.441540241241455,0.9708815317112086,0.9676904666932589,0.9704826485839649,0.9740725967291584
p0_hybrid_mvtec|capsule|dinov2_s|hybrid_w50|1024|2,p0_hybrid_mvtec,capsule,dinov2_s,219,132,109,1024,21.017523612999867,2,Tesla T4,hybrid_w50,1024,2,8.125,39.33144617900007,2588.97265625,995.775390625,1.3746810459997505,2588.97265625,63.66015625,0.1577380090002407,2588.97265625,512,512,1024,0.9668927004387714,"{""crack"": 0.9546313799621928, ""faulty_imprint"": 0.9407114624505929, ""poke"": 0.9751552795031055, ""scratch"": 0.9716446124763705, ""squeeze"": 0.9956521739130435}",0.9902541263995541,0.958931857006938,5.4420552253723145,0.9668927004387714,0.96888711607499,0.9728759473474272,0.9684882329477463
p0_hybrid_mvtec|carpet|dinov2_s|hybrid_w50|64|0,p0_hybrid_mvtec,carpet,dinov2_s,280,117,89,1024,23.490016327999683,2,Tesla T4,hybrid_w50,64,0,8.125,3.0666711149997354,2662.98046875,916.3125,0.23135301799993613,2662.98046875,22.25048828125,0.12618320600086008,2662.98046875,32,32,64,1.0,"{""color"": 1.0, ""cut"": 1.0, ""hole"": 1.0, ""metal_contamination"": 1.0, ""thread"": 1.0}",0.9915103565781542,0.9729267748614351,4.868736267089844,1.0,1.0,1.0,1.0
p0_hybrid_mvtec|carpet|dinov2_s|hybrid_w50|64|1,p0_hybrid_mvtec,carpet,dinov2_s,280,117,89,1024,23.490016327999683,2,Tesla T4,hybrid_w50,64,1,8.125,3.7384479669999564,2662.98046875,916.3125,0.23191212300025654,2662.98046875,22.25048828125,0.12094686299951718,2662.98046875,32,32,64,0.9991974317817015,"{""color"": 1.0, ""cut"": 1.0, ""hole"": 1.0, ""metal_contamination"": 1.0, ""thread"": 0.9962406015037594}",0.9922251492767166,0.973429500954839,4.9253764152526855,0.9991974317817015,1.0,0.9995987158908507,0.9995987158908507
p0_hybrid_mvtec|carpet|dinov2_s|hybrid_w50|64|2,p0_hybrid_mvtec,carpet,dinov2_s,280,117,89,1024,23.490016327999683,2,Tesla T4,hybrid_w50,64,2,8.125,2.809636054999828,2666.703125,916.3125,0.22911176700017677,2666.703125,22.25048828125,0.1285266569993837,2666.703125,32,32,64,0.9983948635634029,"{""color"": 1.0, ""cut"": 1.0, ""hole"": 1.0, ""metal_contamination"": 1.0, ""thread"": 0.9924812030075189}",0.9918056735050288,0.9729736919106868,4.909826755523682,0.9983948635634029,0.9987961476725522,0.9995987158908507,1.0
p0_hybrid_mvtec|carpet|dinov2_s|hybrid_w50|256|0,p0_hybrid_mvtec,carpet,dinov2_s,280,117,89,1024,23.490016327999683,2,Tesla T4,hybrid_w50,256,0,8.125,10.457194926999364,2666.703125,916.3125,0.5303636660000848,2666.703125,28.5322265625,0.1406987410000511,2666.703125,128,128,256,0.9991974317817015,"{""color"": 1.0, ""cut"": 1.0, ""hole"": 1.0, ""metal_contamination"": 1.0, ""thread"": 0.9962406015037595}",0.9920643989953353,0.9742654537291248,5.037844657897949,0.9991974317817015,0.9991974317817015,1.0,1.0
p0_hybrid_mvtec|carpet|dinov2_s|hybrid_w50|256|1,p0_hybrid_mvtec,carpet,dinov2_s,280,117,89,1024,23.490016327999683,2,Tesla T4,hybrid_w50,256,1,8.125,11.002891317999456,2666.7109375,916.3125,0.5369130489998497,2666.7109375,28.5322265625,0.12026980800055753,2666.7109375,128,128,256,0.9991974317817015,"{""color"": 1.0, ""cut"": 1.0, ""hole"": 1.0, ""metal_contamination"": 1.0, ""thread"": 0.9962406015037594}",0.992525338094411,0.9751652506704422,5.0981035232543945,0.9991974317817015,0.9991974317817015,1.0,1.0
p0_hybrid_mvtec|carpet|dinov2_s|hybrid_w50|256|2,p0_hybrid_mvtec,carpet,dinov2_s,280,117,89,1024,23.490016327999683,2,Tesla T4,hybrid_w50,256,2,8.125,11.841076476000126,2666.7109375,916.3125,0.5450534100000368,2666.7109375,28.5322265625,0.12211453300005815,2666.7109375,128,128,256,0.9995987158908507,"{""color"": 1.0, ""cut"": 1.0, ""hole"": 1.0, ""metal_contamination"": 1.0, ""thread"": 0.9981203007518797}",0.9914098649015325,0.9713244849237428,4.855502605438232,0.9995987158908507,0.9995987158908507,1.0,1.0
p0_hybrid_mvtec|carpet|dinov2_s|hybrid_w50|1024|0,p0_hybrid_mvtec,carpet,dinov2_s,280,117,89,1024,23.490016327999683,2,Tesla T4,hybrid_w50,1024,0,8.125,38.55684561399994,2666.7109375,1174.658203125,1.7453794020002533,2666.7109375,63.66015625,0.1623895850007102,2666.7109375,512,512,1024,0.9995987158908507,"{""color"": 1.0, ""cut"": 1.0, ""hole"": 1.0, ""metal_contamination"": 1.0, ""thread"": 0.9981203007518797}",0.9920333830767626,0.973745446839217,5.034029483795166,0.9995987158908507,1.0,1.0,1.0
p0_hybrid_mvtec|carpet|dinov2_s|hybrid_w50|1024|1,p0_hybrid_mvtec,carpet,dinov2_s,280,117,89,1024,23.490016327999683,2,Tesla T4,hybrid_w50,1024,1,8.125,40.82803745000001,2666.7109375,1174.658203125,1.7406362669998998,2666.7109375,63.66015625,0.1516263949997665,2666.7109375,512,512,1024,0.9995987158908507,"{""color"": 1.0, ""cut"": 1.0, ""hole"": 1.0, ""metal_contamination"": 1.0, ""thread"": 0.9981203007518797}",0.992056943417111,0.9736979404388859,5.045445919036865,0.9995987158908507,1.0,1.0,1.0
p0_hybrid_mvtec|carpet|dinov2_s|hybrid_w50|1024|2,p0_hybrid_mvtec,carpet,dinov2_s,280,117,89,1024,23.490016327999683,2,Tesla T4,hybrid_w50,1024,2,8.125,39.004508932000135,2668.234375,1174.658203125,1.7464634959997056,2668.234375,63.66015625,0.14804891199946724,2668.234375,512,512,1024,0.9995987158908507,"{""color"": 1.0, ""cut"": 1.0, ""hole"": 1.0, ""metal_contamination"": 1.0, ""thread"": 0.9981203007518797}",0.9919443048606637,0.9732218509208157,5.003284454345703,0.9995987158908507,0.9991974317817015,1.0,1.0
p0_hybrid_mvtec|grid|dinov2_s|hybrid_w50|64|0,p0_hybrid_mvtec,grid,dinov2_s,264,78,57,1024,12.241776278000088,2,Tesla T4,hybrid_w50,64,0,8.125,3.7747482130007484,2668.234375,908.3125,0.2558892150000247,2668.234375,22.25048828125,0.11187756500021351,2668.234375,32,32,64,0.9974937343358397,"{""bent"": 1.0, ""broken"": 1.0, ""glue"": 0.9870129870129871, ""metal_contamination"": 1.0, ""thread"": 1.0}",0.9908371400924113,0.9623801901826037,4.386104583740234,0.9974937343358397,0.9966583124477861,0.9974937343358397,0.9974937343358397
p0_hybrid_mvtec|grid|dinov2_s|hybrid_w50|64|1,p0_hybrid_mvtec,grid,dinov2_s,264,78,57,1024,12.241776278000088,2,Tesla T4,hybrid_w50,64,1,8.125,3.1229451720000725,2668.234375,908.3125,0.2178128369996557,2668.234375,22.25048828125,0.08989336100057699,2668.234375,32,32,64,0.9966583124477861,"{""bent"": 1.0, ""broken"": 1.0, ""glue"": 0.9826839826839827, ""metal_contamination"": 1.0, ""thread"": 1.0}",0.9919566095070973,0.9659296703346703,4.531375885009766,0.9966583124477861,0.9991645781119465,1.0,0.9983291562238931
p0_hybrid_mvtec|grid|dinov2_s|hybrid_w50|64|2,p0_hybrid_mvtec,grid,dinov2_s,264,78,57,1024,12.241776278000088,2,Tesla T4,hybrid_w50,64,2,8.125,2.8513694789999136,2668.234375,908.3125,0.2207493030000478,2668.234375,22.25048828125,0.08744184100032726,2668.234375,32,32,64,0.9991645781119465,"{""bent"": 1.0, ""broken"": 1.0, ""glue"": 0.9956709956709956, ""metal_contamination"": 1.0, ""thread"": 1.0}",0.9906515009767859,0.9593011278982396,4.308781147003174,0.9991645781119465,0.9991645781119465,0.9991645781119465,0.9991645781119465
p0_hybrid_mvtec|grid|dinov2_s|hybrid_w50|256|0,p0_hybrid_mvtec,grid,dinov2_s,264,78,57,1024,12.241776278000088,2,Tesla T4,hybrid_w50,256,0,8.125,11.112336025000332,2668.234375,908.3125,0.5145327919999545,2668.234375,28.5322265625,0.08463317899986578,2668.234375,128,128,256,1.0,"{""bent"": 1.0, ""broken"": 1.0, ""glue"": 1.0, ""metal_contamination"": 1.0, ""thread"": 1.0}",0.9911554418893664,0.9618439717836003,4.470643520355225,1.0,1.0,1.0,1.0
p0_hybrid_mvtec|grid|dinov2_s|hybrid_w50|256|1,p0_hybrid_mvtec,grid,dinov2_s,264,78,57,1024,12.241776278000088,2,Tesla T4,hybrid_w50,256,1,8.125,12.207688262000374,2668.234375,908.3125,0.5011513629997353,2668.234375,28.5322265625,0.0868218120003803,2668.234375,128,128,256,1.0,"{""bent"": 1.0, ""broken"": 1.0, ""glue"": 1.0, ""metal_contamination"": 1.0, ""thread"": 1.0}",0.9910486855195247,0.9605875156366922,4.417169094085693,1.0,1.0,1.0,1.0
p0_hybrid_mvtec|grid|dinov2_s|hybrid_w50|256|2,p0_hybrid_mvtec,grid,dinov2_s,264,78,57,1024,12.241776278000088,2,Tesla T4,hybrid_w50,256,2,8.125,11.985992791000172,2668.234375,908.3125,0.5089999560004799,2668.234375,28.5322265625,0.09293567799977609,2668.234375,128,128,256,1.0,"{""bent"": 1.0, ""broken"": 1.0, ""glue"": 1.0, ""metal_contamination"": 1.0, ""thread"": 1.0}",0.9906633497768527,0.9600014057780292,4.452805995941162,1.0,1.0,1.0,1.0
p0_hybrid_mvtec|grid|dinov2_s|hybrid_w50|1024|0,p0_hybrid_mvtec,grid,dinov2_s,264,78,57,1024,12.241776278000088,2,Tesla T4,hybrid_w50,1024,0,8.125,38.43367794799997,2668.234375,1166.595703125,1.652408744999775,2668.234375,63.66015625,0.11317478999990271,2668.234375,512,512,1024,1.0,"{""bent"": 1.0, ""broken"": 1.0, ""glue"": 1.0, ""metal_contamination"": 1.0, ""thread"": 1.0}",0.9911955361171446,0.960902215543877,4.478702068328857,1.0,1.0,1.0,1.0
p0_hybrid_mvtec|grid|dinov2_s|hybrid_w50|1024|1,p0_hybrid_mvtec,grid,dinov2_s,264,78,57,1024,12.241776278000088,2,Tesla T4,hybrid_w50,1024,1,8.125,38.69364408900037,2668.234375,1166.595703125,1.7430889240004035,2668.234375,63.66015625,0.11208387300030154,2668.234375,512,512,1024,1.0,"{""bent"": 1.0, ""broken"": 1.0, ""glue"": 1.0, ""metal_contamination"": 1.0, ""thread"": 1.0}",0.9907629282563454,0.9615811313581087,4.459668159484863,1.0,1.0,1.0,1.0
p0_hybrid_mvtec|grid|dinov2_s|hybrid_w50|1024|2,p0_hybrid_mvtec,grid,dinov2_s,264,78,57,1024,12.241776278000088,2,Tesla T4,hybrid_w50,1024,2,8.125,37.305865993000225,2668.234375,1166.595703125,1.6491990900003657,2668.234375,63.66015625,0.12394482099989546,2668.234375,512,512,1024,1.0,"{""bent"": 1.0, ""broken"": 1.0, ""glue"": 1.0, ""metal_contamination"": 1.0, ""thread"": 1.0}",0.9911167149012644,0.9626133260732963,4.444904327392578,1.0,1.0,1.0,1.0
p0_hybrid_mvtec|hazelnut|dinov2_s|hybrid_w50|64|0,p0_hybrid_mvtec,hazelnut,dinov2_s,391,110,70,1024,30.32248612500007,2,Tesla T4,hybrid_w50,64,0,8.125,3.1671953679997387,2886.23046875,971.8125,0.31712112900004286,2886.23046875,22.25048828125,0.11146600099982606,2886.23046875,32,32,64,0.9703571428571429,"{""crack"": 0.9875, ""cut"": 0.9632352941176471, ""hole"": 0.9861111111111112, ""print"": 0.9426470588235294}",0.9947626369822089,0.9669576729484405,4.335597515106201,0.9703571428571429,0.9860714285714286,0.9992857142857142,0.9992857142857142
p0_hybrid_mvtec|hazelnut|dinov2_s|hybrid_w50|64|1,p0_hybrid_mvtec,hazelnut,dinov2_s,391,110,70,1024,30.32248612500007,2,Tesla T4,hybrid_w50,64,1,8.125,3.209098504999929,2886.23046875,971.8125,0.39697848899959354,2886.23046875,22.25048828125,0.16267606899964449,2886.23046875,32,32,64,0.9635714285714285,"{""crack"": 0.9944444444444445, ""cut"": 0.9676470588235295, ""hole"": 0.8944444444444444, ""print"": 1.0}",0.9948486961905412,0.9691961533365597,4.235822677612305,0.9635714285714285,0.9817857142857143,0.9939285714285715,0.9964285714285714
p0_hybrid_mvtec|hazelnut|dinov2_s|hybrid_w50|64|2,p0_hybrid_mvtec,hazelnut,dinov2_s,391,110,70,1024,30.32248612500007,2,Tesla T4,hybrid_w50,64,2,8.125,2.9280958850004026,2893.09375,971.8125,0.3154166009999244,2893.09375,22.25048828125,0.11448572800054535,2893.09375,32,32,64,0.9667857142857144,"{""crack"": 0.9902777777777778, ""cut"": 0.9426470588235294, ""hole"": 0.9916666666666667, ""print"": 0.9397058823529412}",0.9949382030547013,0.9620931719827535,4.277272701263428,0.9667857142857144,0.99,0.9975,0.9992857142857142
p0_hybrid_mvtec|hazelnut|dinov2_s|hybrid_w50|256|0,p0_hybrid_mvtec,hazelnut,dinov2_s,391,110,70,1024,30.32248612500007,2,Tesla T4,hybrid_w50,256,0,8.125,12.39392997899995,2893.09375,971.8125,0.7271497159999853,2893.09375,28.5322265625,0.10788952999973844,2893.09375,128,128,256,0.9664285714285714,"{""crack"": 0.9791666666666667, ""cut"": 0.9397058823529412, ""hole"": 0.9666666666666667, ""print"": 0.9794117647058824}",0.9961033367977602,0.9679640271318828,4.651918411254883,0.9664285714285714,0.9942857142857142,0.9992857142857142,1.0
p0_hybrid_mvtec|hazelnut|dinov2_s|hybrid_w50|256|1,p0_hybrid_mvtec,hazelnut,dinov2_s,391,110,70,1024,30.32248612500007,2,Tesla T4,hybrid_w50,256,1,8.125,11.795461133000572,2893.10546875,971.8125,0.7405740630001674,2893.10546875,28.5322265625,0.10988255900065269,2893.10546875,128,128,256,0.9985714285714286,"{""crack"": 1.0, ""cut"": 0.9985294117647059, ""hole"": 0.9958333333333333, ""print"": 1.0}",0.996176616988796,0.9755456723327011,4.698822021484375,0.9985714285714286,1.0,1.0,1.0
p0_hybrid_mvtec|hazelnut|dinov2_s|hybrid_w50|256|2,p0_hybrid_mvtec,hazelnut,dinov2_s,391,110,70,1024,30.32248612500007,2,Tesla T4,hybrid_w50,256,2,8.125,12.131059285999982,2893.10546875,971.8125,0.7247524549993614,2893.10546875,28.5322265625,0.10918569699970249,2893.10546875,128,128,256,0.967857142857143,"{""crack"": 0.9958333333333333, ""cut"": 0.9117647058823529, ""hole"": 0.9750000000000001, ""print"": 0.986764705882353}",0.9958269942706293,0.9689112870719279,4.574955463409424,0.967857142857143,0.9882142857142857,0.9971428571428571,1.0
p0_hybrid_mvtec|hazelnut|dinov2_s|hybrid_w50|1024|0,p0_hybrid_mvtec,hazelnut,dinov2_s,391,110,70,1024,30.32248612500007,2,Tesla T4,hybrid_w50,1024,0,8.125,38.53987157899974,2893.109375,1258.119140625,2.3957279129999733,2893.109375,63.66015625,0.1380758249997598,2893.109375,512,512,1024,0.9853571428571428,"{""crack"": 1.0, ""cut"": 0.9558823529411765, ""hole"": 0.9861111111111112, ""print"": 0.9985294117647059}",0.9963834777716464,0.9717630643992974,4.859181880950928,0.9853571428571428,0.9942857142857143,1.0,1.0
p0_hybrid_mvtec|hazelnut|dinov2_s|hybrid_w50|1024|1,p0_hybrid_mvtec,hazelnut,dinov2_s,391,110,70,1024,30.32248612500007,2,Tesla T4,hybrid_w50,1024,1,8.125,37.453677363999304,2893.67578125,1258.119140625,2.48128466199978,2893.67578125,63.66015625,0.14498507600001176,2893.67578125,512,512,1024,0.9896428571428573,"{""crack"": 1.0, ""cut"": 0.9647058823529413, ""hole"": 0.9958333333333333, ""print"": 0.9970588235294118}",0.9963792611801352,0.9707804904597255,4.830511093139648,0.9896428571428573,0.9957142857142858,0.9978571428571428,0.9996428571428572
p0_hybrid_mvtec|hazelnut|dinov2_s|hybrid_w50|1024|2,p0_hybrid_mvtec,hazelnut,dinov2_s,391,110,70,1024,30.32248612500007,2,Tesla T4,hybrid_w50,1024,2,8.125,38.27476420499988,2893.67578125,1258.119140625,2.4950959490006426,2893.67578125,63.66015625,0.1385091640004248,2893.67578125,512,512,1024,0.995,"{""crack"": 1.0, ""cut"": 0.9794117647058824, ""hole"": 1.0, ""print"": 1.0}",0.9962768065483784,0.9726297635162081,4.772518157958984,0.995,0.9971428571428572,0.9996428571428572,1.0
p0_hybrid_mvtec|leather|dinov2_s|hybrid_w50|64|0,p0_hybrid_mvtec,leather,dinov2_s,245,124,92,1024,20.056968901999426,2,Tesla T4,hybrid_w50,64,0,8.125,2.9449528330005705,2893.67578125,866.8125,0.2049070919993028,2893.67578125,22.25048828125,0.12418583799990301,2893.67578125,32,32,64,1.0,"{""color"": 1.0, ""cut"": 1.0, ""fold"": 1.0, ""glue"": 1.0, ""poke"": 1.0}",0.9901617355378987,0.964193655121745,3.883944272994995,1.0,1.0,1.0,1.0
p0_hybrid_mvtec|leather|dinov2_s|hybrid_w50|64|1,p0_hybrid_mvtec,leather,dinov2_s,245,124,92,1024,20.056968901999426,2,Tesla T4,hybrid_w50,64,1,8.125,2.882975441999406,2893.67578125,866.8125,0.20815806500013423,2893.67578125,22.25048828125,0.1348801080002886,2893.67578125,32,32,64,1.0,"{""color"": 1.0, ""cut"": 1.0, ""fold"": 1.0, ""glue"": 1.0, ""poke"": 1.0}",0.9902020778894992,0.9632171626650958,3.8507158756256104,1.0,1.0,1.0,1.0
p0_hybrid_mvtec|leather|dinov2_s|hybrid_w50|64|2,p0_hybrid_mvtec,leather,dinov2_s,245,124,92,1024,20.056968901999426,2,Tesla T4,hybrid_w50,64,2,8.125,2.465050154999517,2893.67578125,866.8125,0.2034080969997376,2893.67578125,22.25048828125,0.12830232800024532,2893.67578125,32,32,64,1.0,"{""color"": 1.0, ""cut"": 1.0, ""fold"": 1.0, ""glue"": 1.0, ""poke"": 1.0}",0.9912850672511838,0.9705561388799222,3.9613735675811768,1.0,1.0,1.0,1.0
p0_hybrid_mvtec|leather|dinov2_s|hybrid_w50|256|0,p0_hybrid_mvtec,leather,dinov2_s,245,124,92,1024,20.056968901999426,2,Tesla T4,hybrid_w50,256,0,8.125,8.934123562999957,2893.67578125,866.8125,0.47309327499988285,2893.67578125,28.5322265625,0.12596754199967108,2893.67578125,128,128,256,1.0,"{""color"": 1.0, ""cut"": 1.0, ""fold"": 1.0, ""glue"": 1.0, ""poke"": 1.0}",0.9907379558248999,0.9635102370808853,4.0062079429626465,1.0,1.0,1.0,1.0
p0_hybrid_mvtec|leather|dinov2_s|hybrid_w50|256|1,p0_hybrid_mvtec,leather,dinov2_s,245,124,92,1024,20.056968901999426,2,Tesla T4,hybrid_w50,256,1,8.125,10.28444021499945,2893.67578125,866.8125,0.4809837669999979,2893.67578125,28.5322265625,0.12101822099975834,2893.67578125,128,128,256,1.0,"{""color"": 1.0, ""cut"": 1.0, ""fold"": 1.0, ""glue"": 1.0, ""poke"": 1.0}",0.9909486445092205,0.965809447423404,4.009001731872559,1.0,1.0,1.0,1.0
p0_hybrid_mvtec|leather|dinov2_s|hybrid_w50|256|2,p0_hybrid_mvtec,leather,dinov2_s,245,124,92,1024,20.056968901999426,2,Tesla T4,hybrid_w50,256,2,8.125,10.677632507999988,2893.67578125,866.8125,0.4743893009999738,2893.67578125,28.5322265625,0.12238821499977348,2893.67578125,128,128,256,1.0,"{""color"": 1.0, ""cut"": 1.0, ""fold"": 1.0, ""glue"": 1.0, ""poke"": 1.0}",0.9908939756395072,0.9657888125527491,4.070805072784424,1.0,1.0,1.0,1.0
p0_hybrid_mvtec|leather|dinov2_s|hybrid_w50|1024|0,p0_hybrid_mvtec,leather,dinov2_s,245,124,92,1024,20.056968901999426,2,Tesla T4,hybrid_w50,1024,0,8.125,37.647066808999625,2893.67578125,1112.978515625,1.5383319649999976,2893.67578125,63.66015625,0.1477057699994475,2893.67578125,512,512,1024,1.0,"{""color"": 1.0, ""cut"": 1.0, ""fold"": 1.0, ""glue"": 1.0, ""poke"": 1.0}",0.9909636001198895,0.9658917874487446,4.085712909698486,1.0,1.0,1.0,1.0
p0_hybrid_mvtec|leather|dinov2_s|hybrid_w50|1024|1,p0_hybrid_mvtec,leather,dinov2_s,245,124,92,1024,20.056968901999426,2,Tesla T4,hybrid_w50,1024,1,8.125,39.596723820999614,2893.67578125,1112.978515625,1.5228938419995757,2893.67578125,63.66015625,0.15088610399925528,2893.67578125,512,512,1024,1.0,"{""color"": 1.0, ""cut"": 1.0, ""fold"": 1.0, ""glue"": 1.0, ""poke"": 1.0}",0.9908382896569737,0.9651031990752078,4.051833629608154,1.0,1.0,1.0,1.0
p0_hybrid_mvtec|leather|dinov2_s|hybrid_w50|1024|2,p0_hybrid_mvtec,leather,dinov2_s,245,124,92,1024,20.056968901999426,2,Tesla T4,hybrid_w50,1024,2,8.125,38.98111116400014,2893.67578125,1112.978515625,1.534789274999639,2893.67578125,63.66015625,0.14700519199959672,2893.67578125,512,512,1024,1.0,"{""color"": 1.0, ""cut"": 1.0, ""fold"": 1.0, ""glue"": 1.0, ""poke"": 1.0}",0.9904683418602523,0.9648960082385498,4.0496931076049805,1.0,1.0,1.0,1.0
p0_hybrid_mvtec|metal_nut|dinov2_s|hybrid_w50|64|0,p0_hybrid_mvtec,metal_nut,dinov2_s,220,115,93,1024,10.55649128999903,2,Tesla T4,hybrid_w50,64,0,8.125,3.3457008949999363,2893.67578125,778.3125,0.25882292999995116,2893.67578125,22.25048828125,0.14487760399970284,2893.67578125,32,32,64,0.998533724340176,"{""bent"": 0.9945454545454545, ""color"": 1.0, ""flip"": 1.0, ""scratch"": 1.0}",0.9590050040890024,0.9174094363867246,2.291780710220337,0.998533724340176,0.9990224828934506,0.9990224828934506,0.9956011730205279
p0_hybrid_mvtec|metal_nut|dinov2_s|hybrid_w50|64|1,p0_hybrid_mvtec,metal_nut,dinov2_s,220,115,93,1024,10.55649128999903,2,Tesla T4,hybrid_w50,64,1,8.125,2.765967265000654,2893.67578125,778.3125,0.18471126399981586,2893.67578125,22.25048828125,0.11780992100011645,2893.67578125,32,32,64,0.9970674486803519,"{""bent"": 0.9890909090909091, ""color"": 1.0, ""flip"": 1.0, ""scratch"": 1.0}",0.9592296163740507,0.9215237158969211,2.328131675720215,0.9970674486803519,0.9970674486803519,0.9975562072336266,0.992179863147605
p0_hybrid_mvtec|metal_nut|dinov2_s|hybrid_w50|64|2,p0_hybrid_mvtec,metal_nut,dinov2_s,220,115,93,1024,10.55649128999903,2,Tesla T4,hybrid_w50,64,2,8.125,2.8839950080000563,2893.67578125,778.3125,0.18461373500031186,2893.67578125,22.25048828125,0.12028077600007236,2893.67578125,32,32,64,0.9897360703812317,"{""bent"": 0.9818181818181818, ""color"": 0.9834710743801653, ""flip"": 0.9980237154150198, ""scratch"": 0.9960474308300395}",0.9624436586273184,0.9193620265681345,2.3705475330352783,0.9897360703812317,0.9926686217008798,0.9956011730205279,0.990713587487781
p0_hybrid_mvtec|metal_nut|dinov2_s|hybrid_w50|256|0,p0_hybrid_mvtec,metal_nut,dinov2_s,220,115,93,1024,10.55649128999903,2,Tesla T4,hybrid_w50,256,0,8.125,8.557076099999904,2893.67578125,778.3125,0.42652702600025805,2893.67578125,28.5322265625,0.11041929099974368,2893.67578125,128,128,256,0.9990224828934506,"{""bent"": 0.9981818181818182, ""color"": 0.9979338842975207, ""flip"": 1.0, ""scratch"": 1.0}",0.9770251658536274,0.9432430783093856,2.7787885665893555,0.9990224828934506,0.9990224828934506,1.0,0.9990224828934506
p0_hybrid_mvtec|metal_nut|dinov2_s|hybrid_w50|256|1,p0_hybrid_mvtec,metal_nut,dinov2_s,220,115,93,1024,10.55649128999903,2,Tesla T4,hybrid_w50,256,1,8.125,9.606112911999844,2893.67578125,778.3125,0.4330059699996127,2893.67578125,28.5322265625,0.1124492189992452,2893.67578125,128,128,256,1.0,"{""bent"": 1.0, ""color"": 1.0, ""flip"": 1.0, ""scratch"": 1.0}",0.9767474659132558,0.9439852379465541,2.7898454666137695,1.0,1.0,1.0,1.0
p0_hybrid_mvtec|metal_nut|dinov2_s|hybrid_w50|256|2,p0_hybrid_mvtec,metal_nut,dinov2_s,220,115,93,1024,10.55649128999903,2,Tesla T4,hybrid_w50,256,2,8.125,10.762181140999928,2893.67578125,778.3125,0.4319719850000183,2893.67578125,28.5322265625,0.11433140200006164,2893.67578125,128,128,256,0.9980449657869013,"{""bent"": 0.9963636363636365, ""color"": 0.9958677685950413, ""flip"": 1.0, ""scratch"": 1.0}",0.9771483730649948,0.9438428528105116,2.8158531188964844,0.9980449657869013,0.9980449657869013,1.0,0.9956011730205279
p0_hybrid_mvtec|metal_nut|dinov2_s|hybrid_w50|1024|0,p0_hybrid_mvtec,metal_nut,dinov2_s,220,115,93,1024,10.55649128999903,2,Tesla T4,hybrid_w50,1024,0,8.125,37.59521528999994,2893.67578125,1000.283203125,1.3739496469997903,2893.67578125,63.66015625,0.13786764499946003,2893.67578125,512,512,1024,1.0,"{""bent"": 1.0, ""color"": 1.0, ""flip"": 1.0, ""scratch"": 1.0}",0.9821352001255452,0.9528602891237113,3.174267530441284,1.0,1.0,1.0,1.0
p0_hybrid_mvtec|metal_nut|dinov2_s|hybrid_w50|1024|1,p0_hybrid_mvtec,metal_nut,dinov2_s,220,115,93,1024,10.55649128999903,2,Tesla T4,hybrid_w50,1024,1,8.125,35.23121782100043,2893.67578125,1000.283203125,1.4669501230000606,2893.67578125,63.66015625,0.16307810299986158,2893.67578125,512,512,1024,1.0,"{""bent"": 1.0, ""color"": 1.0, ""flip"": 1.0, ""scratch"": 1.0}",0.9819359751969525,0.9511708616643488,3.1595778465270996,1.0,1.0,1.0,1.0
p0_hybrid_mvtec|metal_nut|dinov2_s|hybrid_w50|1024|2,p0_hybrid_mvtec,metal_nut,dinov2_s,220,115,93,1024,10.55649128999903,2,Tesla T4,hybrid_w50,1024,2,8.125,35.41641681400051,2893.67578125,1000.283203125,1.3782500309998795,2893.67578125,63.66015625,0.13877695700011827,2893.67578125,512,512,1024,1.0,"{""bent"": 1.0, ""color"": 1.0, ""flip"": 1.0, ""scratch"": 1.0}",0.9820756389503574,0.9522091955896447,3.164616346359253,1.0,1.0,1.0,1.0
p0_hybrid_mvtec|pill|dinov2_s|hybrid_w50|64|0,p0_hybrid_mvtec,pill,dinov2_s,267,167,141,1024,17.555453615999795,2,Tesla T4,hybrid_w50,64,0,8.125,3.0126728779996483,2893.67578125,909.8125,0.22499505099949602,2893.67578125,22.25048828125,0.17807703699963895,2893.67578125,32,32,64,0.854064375340971,"{""color"": 0.7692307692307693, ""combined"": 0.9298642533936652, ""contamination"": 0.9597069597069596, ""crack"": 0.7662721893491125, ""faulty_imprint"": 0.7813765182186235, ""pill_type"": 1.0, ""scratch"": 0.8942307692307693}",0.9541149255330444,0.9516655327460193,3.4766955375671387,0.854064375340971,0.8887070376432078,0.9165302782324058,0.9154391707583197
p0_hybrid_mvtec|pill|dinov2_s|hybrid_w50|64|1,p0_hybrid_mvtec,pill,dinov2_s,267,167,141,1024,17.555453615999795,2,Tesla T4,hybrid_w50,64,1,8.125,5.37108175999947,2893.67578125,909.8125,0.22497130899955664,2893.67578125,22.25048828125,0.16634293099923525,2893.67578125,32,32,64,0.8788870703764321,"{""color"": 0.7538461538461538, ""combined"": 0.9819004524886878, ""contamination"": 0.9652014652014651, ""crack"": 0.8091715976331361, ""faulty_imprint"": 0.8441295546558705, ""pill_type"": 1.0, ""scratch"": 0.9182692307692308}",0.9515332984427584,0.9424479122028395,3.4815635681152344,0.8788870703764321,0.8911620294599017,0.9274413529732678,0.9266230223677031
p0_hybrid_mvtec|pill|dinov2_s|hybrid_w50|64|2,p0_hybrid_mvtec,pill,dinov2_s,267,167,141,1024,17.555453615999795,2,Tesla T4,hybrid_w50,64,2,8.125,2.9615091380001104,2893.67578125,909.8125,0.2247516519992132,2893.67578125,22.25048828125,0.19226174499999615,2893.67578125,32,32,64,0.8584288052373158,"{""color"": 0.7707692307692308, ""combined"": 0.9683257918552036, ""contamination"": 0.9670329670329669, ""crack"": 0.7544378698224852, ""faulty_imprint"": 0.7995951417004048, ""pill_type"": 1.0, ""scratch"": 0.8830128205128205}",0.9526971893914777,0.9492253868442884,3.5268959999084473,0.8584288052373158,0.8854337152209492,0.9178941625750136,0.9198036006546645
p0_hybrid_mvtec|pill|dinov2_s|hybrid_w50|256|0,p0_hybrid_mvtec,pill,dinov2_s,267,167,141,1024,17.555453615999795,2,Tesla T4,hybrid_w50,256,0,8.125,8.40905416700025,2893.67578125,909.8125,0.5163600030000453,2893.67578125,28.5322265625,0.17101070700027776,2893.67578125,128,128,256,0.9762684124386252,"{""color"": 0.9492307692307692, ""combined"": 1.0, ""contamination"": 1.0, ""crack"": 0.9659763313609468, ""faulty_imprint"": 0.9797570850202428, ""pill_type"": 1.0, ""scratch"": 0.9663461538461539}",0.9666643123018439,0.9661204220092409,4.251892566680908,0.9762684124386252,0.9839061647572286,0.9882705946535734,0.9828150572831423
p0_hybrid_mvtec|pill|dinov2_s|hybrid_w50|256|1,p0_hybrid_mvtec,pill,dinov2_s,267,167,141,1024,17.555453615999795,2,Tesla T4,hybrid_w50,256,1,8.125,8.555641747999289,2893.67578125,909.8125,0.5155797389998042,2893.67578125,28.5322265625,0.17094698999972024,2893.67578125,128,128,256,0.9367157665030006,"{""color"": 0.916923076923077, ""combined"": 0.9886877828054299, ""contamination"": 0.989010989010989, ""crack"": 0.8417159763313609, ""faulty_imprint"": 0.9372469635627529, ""pill_type"": 1.0, ""scratch"": 0.953525641025641}",0.9676447955395278,0.9666240061034631,4.300187110900879,0.9367157665030006,0.9530823786142935,0.9664484451718495,0.9620840152755046
p0_hybrid_mvtec|pill|dinov2_s|hybrid_w50|256|2,p0_hybrid_mvtec,pill,dinov2_s,267,167,141,1024,17.555453615999795,2,Tesla T4,hybrid_w50,256,2,8.125,8.534642753999833,2893.67578125,909.8125,0.5220984339994175,2893.67578125,28.5322265625,0.17549704700013535,2893.67578125,128,128,256,0.944899072558647,"{""color"": 0.936923076923077, ""combined"": 0.9886877828054299, ""contamination"": 0.989010989010989, ""crack"": 0.8683431952662721, ""faulty_imprint"": 0.9493927125506073, ""pill_type"": 1.0, ""scratch"": 0.9423076923076923}",0.9660622936745593,0.9658028072265595,4.292459011077881,0.944899072558647,0.9683578832515001,0.977632296781233,0.972176759410802
p0_hybrid_mvtec|pill|dinov2_s|hybrid_w50|1024|0,p0_hybrid_mvtec,pill,dinov2_s,267,167,141,1024,17.555453615999795,2,Tesla T4,hybrid_w50,1024,0,8.125,36.29557175199989,2893.67578125,1168.107421875,1.655855574999805,2893.67578125,63.66015625,0.20780200099943613,2893.67578125,512,512,1024,0.9890889252591379,"{""color"": 0.98, ""combined"": 1.0, ""contamination"": 1.0, ""crack"": 0.9630177514792899, ""faulty_imprint"": 0.9979757085020243, ""pill_type"": 1.0, ""scratch"": 0.9983974358974359}",0.976685130053688,0.9723013803159324,4.640879154205322,0.9890889252591379,0.9920894708128751,0.9934533551554827,0.9907255864702673
p0_hybrid_mvtec|pill|dinov2_s|hybrid_w50|1024|1,p0_hybrid_mvtec,pill,dinov2_s,267,167,141,1024,17.555453615999795,2,Tesla T4,hybrid_w50,1024,1,8.125,35.74077663400021,2893.67578125,1168.107421875,1.6645318669998233,2893.67578125,63.66015625,0.21089124099944456,2893.67578125,512,512,1024,0.9950900163666121,"{""color"": 0.9907692307692308, ""combined"": 1.0, ""contamination"": 1.0, ""crack"": 0.9822485207100592, ""faulty_imprint"": 1.0, ""pill_type"": 1.0, ""scratch"": 1.0}",0.9756432014375521,0.9713273043596904,4.567454814910889,0.9950900163666121,0.996999454446263,0.9956355701036552,0.9896344789961811
p0_hybrid_mvtec|pill|dinov2_s|hybrid_w50|1024|2,p0_hybrid_mvtec,pill,dinov2_s,267,167,141,1024,17.555453615999795,2,Tesla T4,hybrid_w50,1024,2,8.125,37.103023509000195,2893.67578125,1168.107421875,1.6591921859999275,2893.67578125,63.66015625,0.20312838800055033,2893.67578125,512,512,1024,0.9918166939443536,"{""color"": 0.996923076923077, ""combined"": 1.0, ""contamination"": 1.0, ""crack"": 0.9585798816568047, ""faulty_imprint"": 1.0, ""pill_type"": 1.0, ""scratch"": 1.0}",0.9763017380351883,0.9720606919687144,4.589995861053467,0.9918166939443536,0.9934533551554828,0.9945444626295691,0.9888161483906164
p0_hybrid_mvtec|screw|dinov2_s|hybrid_w50|64|0,p0_hybrid_mvtec,screw,dinov2_s,320,160,119,1024,17.0737839049998,2,Tesla T4,hybrid_w50,64,0,8.125,2.9068074899996645,2893.67578125,936.3125,0.2670520920000854,2893.67578125,22.25048828125,0.16260601900012261,2893.67578125,32,32,64,0.745029719204755,"{""manipulated_front"": 0.7317073170731707, ""scratch_head"": 0.8028455284552846, ""scratch_neck"": 0.8253658536585365, ""thread_side"": 0.6033934252386002, ""thread_top"": 0.752916224814422}",0.9273122447183644,0.7629462891051928,2.553086042404175,0.745029719204755,0.7515884402541505,0.7423652387784382,0.6839516294322607
p0_hybrid_mvtec|screw|dinov2_s|hybrid_w50|64|1,p0_hybrid_mvtec,screw,dinov2_s,320,160,119,1024,17.0737839049998,2,Tesla T4,hybrid_w50,64,1,8.125,6.029284227000062,2893.67578125,936.3125,0.26937513499979104,2893.67578125,22.25048828125,0.164371946000756,2893.67578125,32,32,64,0.7130559540889526,"{""manipulated_front"": 0.6067073170731707, ""scratch_head"": 0.7642276422764228, ""scratch_neck"": 0.7853658536585366, ""thread_side"": 0.6394485683987275, ""thread_top"": 0.7656415694591729}",0.9372899532628152,0.7832659300974445,2.56001615524292,0.7130559540889526,0.7546628407460545,0.7604017216642754,0.7255585160893626
p0_hybrid_mvtec|screw|dinov2_s|hybrid_w50|64|2,p0_hybrid_mvtec,screw,dinov2_s,320,160,119,1024,17.0737839049998,2,Tesla T4,hybrid_w50,64,2,8.125,2.514313423999738,2893.67578125,936.3125,0.2606678849997479,2893.67578125,22.25048828125,0.15809072899992316,2893.67578125,32,32,64,0.7230989956958392,"{""manipulated_front"": 0.7347560975609757, ""scratch_head"": 0.714430894308943, ""scratch_neck"": 0.7853658536585365, ""thread_side"": 0.6362672322375398, ""thread_top"": 0.7391304347826086}",0.9228427352548133,0.7509697939968935,2.3791451454162598,0.7230989956958392,0.7243287558926009,0.7218692354990777,0.703012912482066
p0_hybrid_mvtec|screw|dinov2_s|hybrid_w50|256|0,p0_hybrid_mvtec,screw,dinov2_s,320,160,119,1024,17.0737839049998,2,Tesla T4,hybrid_w50,256,0,8.125,8.369420562999949,2893.67578125,936.3125,0.6126586310001585,2893.67578125,28.5322265625,0.1620870749993628,2893.67578125,128,128,256,0.8317278130764502,"{""manipulated_front"": 0.6971544715447154, ""scratch_head"": 0.8404471544715447, ""scratch_neck"": 0.935609756097561, ""thread_side"": 0.8080593849416756, ""thread_top"": 0.8738069989395545}",0.9590249849956469,0.8431211692156897,3.207692861557007,0.8317278130764502,0.8491494158639067,0.8477146956343513,0.7827423652387784
p0_hybrid_mvtec|screw|dinov2_s|hybrid_w50|256|1,p0_hybrid_mvtec,screw,dinov2_s,320,160,119,1024,17.0737839049998,2,Tesla T4,hybrid_w50,256,1,8.125,10.14028305300053,2893.67578125,936.3125,0.6133744300004764,2893.67578125,28.5322265625,0.1836487769996893,2893.67578125,128,128,256,0.8827628612420578,"{""manipulated_front"": 0.8109756097560976, ""scratch_head"": 0.9176829268292683, ""scratch_neck"": 0.9541463414634146, ""thread_side"": 0.8048780487804879, ""thread_top"": 0.9215270413573701}",0.9529804405131803,0.8306417592074343,3.1856210231781006,0.8827628612420578,0.896085263373642,0.86185693789711,0.7772084443533509
p0_hybrid_mvtec|screw|dinov2_s|hybrid_w50|256|2,p0_hybrid_mvtec,screw,dinov2_s,320,160,119,1024,17.0737839049998,2,Tesla T4,hybrid_w50,256,2,8.125,7.883554766999623,2893.67578125,936.3125,0.6070172350000576,2893.67578125,28.5322265625,0.16527209200012294,2893.67578125,128,128,256,0.8745644599303136,"{""manipulated_front"": 0.8434959349593496, ""scratch_head"": 0.8932926829268293, ""scratch_neck"": 0.9473170731707317, ""thread_side"": 0.7751855779427359, ""thread_top"": 0.9077412513255567}",0.9536606007579058,0.8370299208724763,3.2271618843078613,0.8745644599303136,0.8800983808157409,0.8532486165197787,0.7817175650748105
p0_hybrid_mvtec|screw|dinov2_s|hybrid_w50|1024|0,p0_hybrid_mvtec,screw,dinov2_s,320,160,119,1024,17.0737839049998,2,Tesla T4,hybrid_w50,1024,0,8.125,35.095543751999685,2893.67578125,1194.814453125,1.9809423400001833,2893.67578125,63.66015625,0.20302388699928997,2893.67578125,512,512,1024,0.9270342283254766,"{""manipulated_front"": 0.8871951219512195, ""scratch_head"": 0.9563008130081301, ""scratch_neck"": 0.9785365853658536, ""thread_side"": 0.8536585365853658, ""thread_top"": 0.9554612937433722}",0.9700186596160869,0.8723590611564987,3.9831044673919678,0.9270342283254766,0.9397417503586801,0.9151465464234474,0.8481246156999386
p0_hybrid_mvtec|screw|dinov2_s|hybrid_w50|1024|1,p0_hybrid_mvtec,screw,dinov2_s,320,160,119,1024,17.0737839049998,2,Tesla T4,hybrid_w50,1024,1,8.125,38.714338476000194,2893.67578125,1194.814453125,1.9766319970003678,2893.67578125,63.66015625,0.19071947900010855,2893.67578125,512,512,1024,0.8962902234064358,"{""manipulated_front"": 0.8851626016260163, ""scratch_head"": 0.9258130081300814, ""scratch_neck"": 0.9346341463414634, ""thread_side"": 0.8038176033934252, ""thread_top"": 0.9278897136797454}",0.968636424385519,0.868932972415877,3.9506258964538574,0.8962902234064358,0.9219102275056363,0.8981348637015782,0.8114367698298832
p0_hybrid_mvtec|screw|dinov2_s|hybrid_w50|1024|2,p0_hybrid_mvtec,screw,dinov2_s,320,160,119,1024,17.0737839049998,2,Tesla T4,hybrid_w50,1024,2,8.125,36.66493246900063,2893.67578125,1194.814453125,1.979350429999613,2893.67578125,63.66015625,0.19437428699984594,2893.67578125,512,512,1024,0.910227505636401,"{""manipulated_front"": 0.8739837398373984, ""scratch_head"": 0.9430894308943089, ""scratch_neck"": 0.9707317073170731, ""thread_side"": 0.8112407211028632, ""thread_top"": 0.9469777306468716}",0.9647173083379452,0.8631934186869478,3.9991211891174316,0.910227505636401,0.925189588030334,0.8983398237343718,0.8350071736011477
p0_hybrid_mvtec|tile|dinov2_s|hybrid_w50|64|0,p0_hybrid_mvtec,tile,dinov2_s,230,117,84,1024,15.497438329000943,2,Tesla T4,hybrid_w50,64,0,8.125,5.26586266600043,2893.67578125,815.3125,0.19349721700018563,2893.67578125,22.25048828125,0.13424821100034023,2893.67578125,32,32,64,0.9971139971139972,"{""crack"": 1.0, ""glue_strip"": 1.0, ""gray_stroke"": 0.9886363636363636, ""oil"": 1.0, ""rough"": 0.9959595959595959}",0.9543883996417323,0.8645069372306051,2.710024356842041,0.9971139971139972,1.0,1.0,1.0
p0_hybrid_mvtec|tile|dinov2_s|hybrid_w50|64|1,p0_hybrid_mvtec,tile,dinov2_s,230,117,84,1024,15.497438329000943,2,Tesla T4,hybrid_w50,64,1,8.125,2.918795941999633,2893.67578125,815.3125,0.19397391299935407,2893.67578125,22.25048828125,0.11843135299932328,2893.67578125,32,32,64,1.0,"{""crack"": 1.0, ""glue_strip"": 1.0, ""gray_stroke"": 1.0, ""oil"": 1.0, ""rough"": 1.0}",0.9528773606708842,0.8655503036122597,2.6905744075775146,1.0,1.0,1.0,1.0
p0_hybrid_mvtec|tile|dinov2_s|hybrid_w50|64|2,p0_hybrid_mvtec,tile,dinov2_s,230,117,84,1024,15.497438329000943,2,Tesla T4,hybrid_w50,64,2,8.125,5.633708958999705,2893.67578125,815.3125,0.18992063899986533,2893.67578125,22.25048828125,0.11850233299992396,2893.67578125,32,32,64,0.9985569985569985,"{""crack"": 1.0, ""glue_strip"": 1.0, ""gray_stroke"": 0.9943181818181819, ""oil"": 1.0, ""rough"": 0.997979797979798}",0.9541750663977523,0.8660411267640014,2.6801156997680664,0.9985569985569985,1.0,1.0,1.0
p0_hybrid_mvtec|tile|dinov2_s|hybrid_w50|256|0,p0_hybrid_mvtec,tile,dinov2_s,230,117,84,1024,15.497438329000943,2,Tesla T4,hybrid_w50,256,0,8.125,10.070200915999521,2893.67578125,815.3125,0.4715591410003981,2893.67578125,28.5322265625,0.11479190799946082,2893.67578125,128,128,256,0.9996392496392497,"{""crack"": 1.0, ""glue_strip"": 1.0, ""gray_stroke"": 1.0, ""oil"": 1.0, ""rough"": 0.997979797979798}",0.9547969569603374,0.8666483100650659,2.7434442043304443,0.9996392496392497,1.0,1.0,1.0
p0_hybrid_mvtec|tile|dinov2_s|hybrid_w50|256|1,p0_hybrid_mvtec,tile,dinov2_s,230,117,84,1024,15.497438329000943,2,Tesla T4,hybrid_w50,256,1,8.125,9.064953176000017,2893.67578125,815.3125,0.46095274400067865,2893.67578125,28.5322265625,0.1501569419997395,2893.67578125,128,128,256,0.9985569985569985,"{""crack"": 1.0, ""glue_strip"": 1.0, ""gray_stroke"": 1.0, ""oil"": 1.0, ""rough"": 0.9919191919191919}",0.9543138411157489,0.8640818059020927,2.7458901405334473,0.9985569985569985,0.9996392496392497,1.0,1.0
p0_hybrid_mvtec|tile|dinov2_s|hybrid_w50|256|2,p0_hybrid_mvtec,tile,dinov2_s,230,117,84,1024,15.497438329000943,2,Tesla T4,hybrid_w50,256,2,8.125,8.949055052999938,2893.67578125,815.3125,0.5179569890005951,2893.67578125,28.5322265625,0.14068686599966895,2893.67578125,128,128,256,1.0,"{""crack"": 1.0, ""glue_strip"": 1.0, ""gray_stroke"": 1.0, ""oil"": 1.0, ""rough"": 1.0}",0.9545724414513194,0.8651535204760996,2.732729196548462,1.0,1.0,1.0,1.0
p0_hybrid_mvtec|tile|dinov2_s|hybrid_w50|1024|0,p0_hybrid_mvtec,tile,dinov2_s,230,117,84,1024,15.497438329000943,2,Tesla T4,hybrid_w50,1024,0,8.125,35.400824473000284,2893.67578125,1045.361328125,1.4569508619997578,2893.67578125,63.66015625,0.14132363299995632,2893.67578125,512,512,1024,1.0,"{""crack"": 1.0, ""glue_strip"": 1.0, ""gray_stroke"": 1.0, ""oil"": 1.0, ""rough"": 1.0}",0.9543402998813505,0.8674425832396347,2.7418007850646973,1.0,1.0,1.0,1.0
p0_hybrid_mvtec|tile|dinov2_s|hybrid_w50|1024|1,p0_hybrid_mvtec,tile,dinov2_s,230,117,84,1024,15.497438329000943,2,Tesla T4,hybrid_w50,1024,1,8.125,36.61380421299964,2893.67578125,1045.361328125,1.440588745000241,2893.67578125,63.66015625,0.15044258800026,2893.67578125,512,512,1024,1.0,"{""crack"": 1.0, ""glue_strip"": 1.0, ""gray_stroke"": 1.0, ""oil"": 1.0, ""rough"": 1.0}",0.9543951185866941,0.8663514409085837,2.742171049118042,1.0,1.0,1.0,1.0
p0_hybrid_mvtec|tile|dinov2_s|hybrid_w50|1024|2,p0_hybrid_mvtec,tile,dinov2_s,230,117,84,1024,15.497438329000943,2,Tesla T4,hybrid_w50,1024,2,8.125,36.754610039,2893.67578125,1045.361328125,1.494751713000369,2893.67578125,63.66015625,0.1397402830007195,2893.67578125,512,512,1024,1.0,"{""crack"": 1.0, ""glue_strip"": 1.0, ""gray_stroke"": 1.0, ""oil"": 1.0, ""rough"": 1.0}",0.9554801291588656,0.8679799332696497,2.7589850425720215,1.0,1.0,1.0,1.0
p0_hybrid_mvtec|toothbrush|dinov2_s|hybrid_w50|64|0,p0_hybrid_mvtec,toothbrush,dinov2_s,60,42,30,1024,6.190173956000763,2,Tesla T4,hybrid_w50,64,0,8.125,4.220086725000328,2893.67578125,218.3125,0.056876276999901165,2893.67578125,22.25048828125,0.047531284999422496,2893.67578125,32,32,64,0.9500000000000001,"{""defective"": 0.9500000000000001}",0.9935494505839931,0.9473604290286074,4.107841491699219,0.9500000000000001,0.9555555555555556,0.9888888888888889,0.9888888888888889
p0_hybrid_mvtec|toothbrush|dinov2_s|hybrid_w50|64|1,p0_hybrid_mvtec,toothbrush,dinov2_s,60,42,30,1024,6.190173956000763,2,Tesla T4,hybrid_w50,64,1,8.125,1.99027602499973,2893.67578125,218.3125,0.05526231700059725,2893.67578125,22.25048828125,0.04682288000003609,2893.67578125,32,32,64,0.9722222222222223,"{""defective"": 0.9722222222222223}",0.9935425487992018,0.9458432700434581,3.9177701473236084,0.9722222222222223,0.9694444444444446,0.9944444444444445,0.9944444444444445
p0_hybrid_mvtec|toothbrush|dinov2_s|hybrid_w50|64|2,p0_hybrid_mvtec,toothbrush,dinov2_s,60,42,30,1024,6.190173956000763,2,Tesla T4,hybrid_w50,64,2,8.125,2.1006275300005655,2893.67578125,218.3125,0.05362066799989407,2893.67578125,22.25048828125,0.04660762699950283,2893.67578125,32,32,64,0.9527777777777777,"{""defective"": 0.9527777777777777}",0.9936652821044246,0.9426175910924427,4.116306781768799,0.9527777777777777,0.9555555555555556,0.9833333333333334,0.9861111111111112
p0_hybrid_mvtec|toothbrush|dinov2_s|hybrid_w50|256|0,p0_hybrid_mvtec,toothbrush,dinov2_s,60,42,30,1024,6.190173956000763,2,Tesla T4,hybrid_w50,256,0,8.125,10.135302922999472,2893.67578125,218.3125,0.13399975699940114,2893.67578125,28.5322265625,0.04205502400054684,2893.67578125,128,128,256,0.9083333333333334,"{""defective"": 0.9083333333333334}",0.9944689648911532,0.9508507145706852,4.519458293914795,0.9083333333333334,0.9194444444444445,0.9805555555555556,0.9972222222222222
p0_hybrid_mvtec|toothbrush|dinov2_s|hybrid_w50|256|1,p0_hybrid_mvtec,toothbrush,dinov2_s,60,42,30,1024,6.190173956000763,2,Tesla T4,hybrid_w50,256,1,8.125,7.568404281999392,2893.67578125,218.3125,0.19517530800021632,2893.67578125,28.5322265625,0.0600214779997259,2893.67578125,128,128,256,0.9361111111111111,"{""defective"": 0.9361111111111111}",0.9943762213335628,0.9512714336236036,4.530665874481201,0.9361111111111111,0.9333333333333333,0.9888888888888889,0.9944444444444445
p0_hybrid_mvtec|toothbrush|dinov2_s|hybrid_w50|256|2,p0_hybrid_mvtec,toothbrush,dinov2_s,60,42,30,1024,6.190173956000763,2,Tesla T4,hybrid_w50,256,2,8.125,7.85681797899997,2893.67578125,218.3125,0.13343289000022196,2893.67578125,28.5322265625,0.043719410999983666,2893.67578125,128,128,256,0.8861111111111111,"{""defective"": 0.8861111111111111}",0.9946329030215257,0.9525181553723879,4.421626567840576,0.8861111111111111,0.9055555555555556,0.9888888888888889,0.9972222222222222
p0_hybrid_mvtec|toothbrush|dinov2_s|hybrid_w50|1024|0,p0_hybrid_mvtec,toothbrush,dinov2_s,60,42,30,1024,6.190173956000763,2,Tesla T4,hybrid_w50,1024,0,8.125,31.713856001999375,2893.67578125,279.033203125,0.44386087900056737,2893.67578125,63.66015625,0.05110507300014433,2893.67578125,512,512,1024,0.9083333333333333,"{""defective"": 0.9083333333333333}",0.9943045230927717,0.9545910505352936,4.475971698760986,0.9083333333333333,0.9166666666666667,0.9833333333333334,0.9972222222222222
p0_hybrid_mvtec|toothbrush|dinov2_s|hybrid_w50|1024|1,p0_hybrid_mvtec,toothbrush,dinov2_s,60,42,30,1024,6.190173956000763,2,Tesla T4,hybrid_w50,1024,1,8.125,34.453277327999785,2893.67578125,279.033203125,0.4320038449995991,2893.67578125,63.66015625,0.04827856000065367,2893.67578125,512,512,1024,0.9083333333333333,"{""defective"": 0.9083333333333333}",0.9943157999884144,0.9546845306628343,4.506249904632568,0.9083333333333333,0.9111111111111112,0.9861111111111112,0.9972222222222222
p0_hybrid_mvtec|toothbrush|dinov2_s|hybrid_w50|1024|2,p0_hybrid_mvtec,toothbrush,dinov2_s,60,42,30,1024,6.190173956000763,2,Tesla T4,hybrid_w50,1024,2,8.125,32.419108285999755,2893.67578125,279.033203125,0.42479288800041104,2893.67578125,63.66015625,0.050616588000593765,2893.67578125,512,512,1024,0.9333333333333333,"{""defective"": 0.9333333333333333}",0.9944690171785641,0.953322549202883,4.498025894165039,0.9333333333333333,0.9277777777777778,0.9888888888888889,1.0
p0_hybrid_mvtec|transistor|dinov2_s|hybrid_w50|64|0,p0_hybrid_mvtec,transistor,dinov2_s,213,100,40,1024,19.017880432999846,2,Tesla T4,hybrid_w50,64,0,8.125,2.9488852089998545,2893.67578125,754.8125,0.18034925699976156,2893.67578125,22.25048828125,0.10930430400003388,2893.67578125,32,32,64,0.9320833333333334,"{""bent_lead"": 0.9650000000000001, ""cut_lead"": 0.78, ""damaged_case"": 1.0, ""misplaced"": 0.9833333333333333}",0.8951540712805577,0.6741548789807055,2.4815218448638916,0.9320833333333334,0.95,0.9537500000000001,0.9479166666666666
p0_hybrid_mvtec|transistor|dinov2_s|hybrid_w50|64|1,p0_hybrid_mvtec,transistor,dinov2_s,213,100,40,1024,19.017880432999846,2,Tesla T4,hybrid_w50,64,1,8.125,4.360184795999885,2893.67578125,754.8125,0.18239235199962422,2893.67578125,22.25048828125,0.10241008899993176,2893.67578125,32,32,64,0.9345833333333333,"{""bent_lead"": 0.9616666666666667, ""cut_lead"": 0.8316666666666667, ""damaged_case"": 0.9983333333333333, ""misplaced"": 0.9466666666666665}",0.889801964649834,0.6614414705587418,2.434802770614624,0.9345833333333333,0.95875,0.9608333333333333,0.9483333333333334
p0_hybrid_mvtec|transistor|dinov2_s|hybrid_w50|64|2,p0_hybrid_mvtec,transistor,dinov2_s,213,100,40,1024,19.017880432999846,2,Tesla T4,hybrid_w50,64,2,8.125,2.6438866500002405,2893.67578125,754.8125,0.17856512299931637,2893.67578125,22.25048828125,0.10394305600038933,2893.67578125,32,32,64,0.8866666666666666,"{""bent_lead"": 0.9316666666666668, ""cut_lead"": 0.7150000000000001, ""damaged_case"": 0.9666666666666667, ""misplaced"": 0.9333333333333333}",0.8876125601678159,0.6464564939322768,2.369189500808716,0.8866666666666666,0.9095833333333333,0.9345833333333333,0.9299999999999999
p0_hybrid_mvtec|transistor|dinov2_s|hybrid_w50|256|0,p0_hybrid_mvtec,transistor,dinov2_s,213,100,40,1024,19.017880432999846,2,Tesla T4,hybrid_w50,256,0,8.125,11.275446886000282,2893.67578125,754.8125,0.41352295399974537,2893.67578125,28.5322265625,0.09799361400018824,2893.67578125,128,128,256,0.98375,"{""bent_lead"": 0.9816666666666667, ""cut_lead"": 0.9716666666666667, ""damaged_case"": 0.9866666666666667, ""misplaced"": 0.995}",0.9380186549731627,0.7281229184693876,3.1164848804473877,0.98375,0.9845833333333333,0.9866666666666666,0.98125
p0_hybrid_mvtec|transistor|dinov2_s|hybrid_w50|256|1,p0_hybrid_mvtec,transistor,dinov2_s,213,100,40,1024,19.017880432999846,2,Tesla T4,hybrid_w50,256,1,8.125,11.564067108000017,2893.67578125,754.8125,0.41181136700015486,2893.67578125,28.5322265625,0.10149683899999218,2893.67578125,128,128,256,0.9658333333333333,"{""bent_lead"": 0.9583333333333334, ""cut_lead"": 0.9349999999999999, ""damaged_case"": 0.9933333333333334, ""misplaced"": 0.9766666666666667}",0.9349711832298058,0.7224622415928719,3.0809197425842285,0.9658333333333333,0.9795833333333334,0.9824999999999999,0.9800000000000001
p0_hybrid_mvtec|transistor|dinov2_s|hybrid_w50|256|2,p0_hybrid_mvtec,transistor,dinov2_s,213,100,40,1024,19.017880432999846,2,Tesla T4,hybrid_w50,256,2,8.125,11.480801988999701,2893.67578125,754.8125,0.4144792850001977,2893.67578125,28.5322265625,0.098460545999842,2893.67578125,128,128,256,0.9570833333333334,"{""bent_lead"": 0.9616666666666667, ""cut_lead"": 0.915, ""damaged_case"": 0.9916666666666666, ""misplaced"": 0.9600000000000001}",0.9369649227072273,0.7278602904277791,3.069690704345703,0.9570833333333334,0.9670833333333334,0.9804166666666667,0.98125
p0_hybrid_mvtec|transistor|dinov2_s|hybrid_w50|1024|0,p0_hybrid_mvtec,transistor,dinov2_s,213,100,40,1024,19.017880432999846,2,Tesla T4,hybrid_w50,1024,0,8.125,37.35670152500006,2893.67578125,968.728515625,1.3610987379997823,2893.67578125,63.66015625,0.11989502099913807,2893.67578125,512,512,1024,0.9916666666666667,"{""bent_lead"": 0.99, ""cut_lead"": 0.9816666666666667, ""damaged_case"": 1.0, ""misplaced"": 0.995}",0.9568851983392084,0.7746623178692443,3.5631446838378906,0.9916666666666667,0.9945833333333334,0.9945833333333334,0.99125
p0_hybrid_mvtec|transistor|dinov2_s|hybrid_w50|1024|1,p0_hybrid_mvtec,transistor,dinov2_s,213,100,40,1024,19.017880432999846,2,Tesla T4,hybrid_w50,1024,1,8.125,35.99282978300016,2893.67578125,968.728515625,1.3477874109994445,2893.67578125,63.66015625,0.15008117799970933,2893.67578125,512,512,1024,0.9854166666666667,"{""bent_lead"": 0.99, ""cut_lead"": 0.9766666666666667, ""damaged_case"": 1.0, ""misplaced"": 0.9750000000000001}",0.9568450223261282,0.7727275676199201,3.558471441268921,0.9854166666666667,0.9891666666666667,0.9904166666666666,0.9870833333333333
p0_hybrid_mvtec|transistor|dinov2_s|hybrid_w50|1024|2,p0_hybrid_mvtec,transistor,dinov2_s,213,100,40,1024,19.017880432999846,2,Tesla T4,hybrid_w50,1024,2,8.125,35.473686457999975,2893.67578125,968.728515625,1.3391339620002327,2893.67578125,63.66015625,0.12425798699950974,2893.67578125,512,512,1024,0.9850000000000001,"{""bent_lead"": 0.9866666666666667, ""cut_lead"": 0.9550000000000001, ""damaged_case"": 1.0, ""misplaced"": 0.9983333333333333}",0.9576784373919127,0.772490181280578,3.5721428394317627,0.9850000000000001,0.9916666666666666,0.9920833333333333,0.9933333333333333
p0_hybrid_mvtec|wood|dinov2_s|hybrid_w50|64|0,p0_hybrid_mvtec,wood,dinov2_s,247,79,60,1024,19.71069652499955,2,Tesla T4,hybrid_w50,64,0,8.125,4.5979658440001,2893.67578125,872.8125,0.20543279400044412,2893.67578125,22.25048828125,0.10203277900018293,2893.67578125,32,32,64,0.987719298245614,"{""color"": 1.0, ""combined"": 0.9952153110047848, ""hole"": 0.968421052631579, ""liquid"": 1.0, ""scratch"": 0.9824561403508771}",0.9383608935801762,0.9335078388300366,3.4298248291015625,0.987719298245614,0.9859649122807017,0.9824561403508771,0.9859649122807017
p0_hybrid_mvtec|wood|dinov2_s|hybrid_w50|64|1,p0_hybrid_mvtec,wood,dinov2_s,247,79,60,1024,19.71069652499955,2,Tesla T4,hybrid_w50,64,1,8.125,2.704519541999616,2893.67578125,872.8125,0.20569170599992503,2893.67578125,22.25048828125,0.08961946999988868,2893.67578125,32,32,64,0.9921052631578947,"{""color"": 1.0, ""combined"": 1.0, ""hole"": 1.0, ""liquid"": 1.0, ""scratch"": 0.9774436090225564}",0.9403893397729824,0.9326612592991731,3.3565914630889893,0.9921052631578947,0.9912280701754386,0.9885964912280701,0.9859649122807017
p0_hybrid_mvtec|wood|dinov2_s|hybrid_w50|64|2,p0_hybrid_mvtec,wood,dinov2_s,247,79,60,1024,19.71069652499955,2,Tesla T4,hybrid_w50,64,2,8.125,4.095631997000055,2893.67578125,872.8125,0.2499639470006514,2893.67578125,22.25048828125,0.1077546850001454,2893.67578125,32,32,64,0.986842105263158,"{""color"": 1.0, ""combined"": 1.0, ""hole"": 0.968421052631579, ""liquid"": 1.0, ""scratch"": 0.9774436090225564}",0.9376038611553688,0.9309286266354,3.3882923126220703,0.986842105263158,0.9894736842105263,0.986842105263158,0.9859649122807017
p0_hybrid_mvtec|wood|dinov2_s|hybrid_w50|256|0,p0_hybrid_mvtec,wood,dinov2_s,247,79,60,1024,19.71069652499955,2,Tesla T4,hybrid_w50,256,0,8.125,8.496971305999978,2893.67578125,872.8125,0.4689130219994695,2893.67578125,28.5322265625,0.08330849999947532,2893.67578125,128,128,256,0.9868421052631577,"{""color"": 0.993421052631579, ""combined"": 0.9952153110047848, ""hole"": 0.9894736842105264, ""liquid"": 1.0, ""scratch"": 0.9724310776942355}",0.9468993008484525,0.938989280395716,3.516887664794922,0.9868421052631577,0.9894736842105263,0.9903508771929824,0.986842105263158
p0_hybrid_mvtec|wood|dinov2_s|hybrid_w50|256|1,p0_hybrid_mvtec,wood,dinov2_s,247,79,60,1024,19.71069652499955,2,Tesla T4,hybrid_w50,256,1,8.125,9.029349264999837,2893.67578125,872.8125,0.4796547070000088,2893.67578125,28.5322265625,0.0788330239993229,2893.67578125,128,128,256,0.9964912280701755,"{""color"": 1.0, ""combined"": 0.9952153110047848, ""hole"": 0.9894736842105264, ""liquid"": 1.0, ""scratch"": 0.9974937343358397}",0.945820761581759,0.9332181482265067,3.4828577041625977,0.9964912280701755,0.9947368421052631,0.9912280701754386,0.986842105263158
p0_hybrid_mvtec|wood|dinov2_s|hybrid_w50|256|2,p0_hybrid_mvtec,wood,dinov2_s,247,79,60,1024,19.71069652499955,2,Tesla T4,hybrid_w50,256,2,8.125,11.467842334000125,2893.67578125,872.8125,0.47365229499973793,2893.67578125,28.5322265625,0.0784973469999386,2893.67578125,128,128,256,0.992982456140351,"{""color"": 1.0, ""combined"": 1.0, ""hole"": 0.9736842105263158, ""liquid"": 1.0, ""scratch"": 0.9924812030075187}",0.9454311089003328,0.9340215676751015,3.5326666831970215,0.992982456140351,0.9929824561403509,0.9929824561403509,0.9885964912280703
p0_hybrid_mvtec|wood|dinov2_s|hybrid_w50|1024|0,p0_hybrid_mvtec,wood,dinov2_s,247,79,60,1024,19.71069652499955,2,Tesla T4,hybrid_w50,1024,0,8.125,36.730940351000754,2893.67578125,1121.994140625,1.5364627429999018,2893.67578125,63.66015625,0.11314630299966666,2893.67578125,512,512,1024,0.9973684210526316,"{""color"": 1.0, ""combined"": 1.0, ""hole"": 0.9947368421052633, ""liquid"": 1.0, ""scratch"": 0.9949874686716792}",0.9479468395266397,0.9368321553004868,3.559150457382202,0.9973684210526316,0.9956140350877192,0.9929824561403509,0.9859649122807017
p0_hybrid_mvtec|wood|dinov2_s|hybrid_w50|1024|1,p0_hybrid_mvtec,wood,dinov2_s,247,79,60,1024,19.71069652499955,2,Tesla T4,hybrid_w50,1024,1,8.125,34.540806369000165,2893.67578125,1121.994140625,1.5372207549999075,2893.67578125,63.66015625,0.09961892299997999,2893.67578125,512,512,1024,0.992982456140351,"{""color"": 1.0, ""combined"": 1.0, ""hole"": 0.9736842105263158, ""liquid"": 1.0, ""scratch"": 0.9924812030075187}",0.9475643321381212,0.9356655122938766,3.5571751594543457,0.992982456140351,0.9964912280701754,0.9912280701754386,0.9859649122807017
p0_hybrid_mvtec|wood|dinov2_s|hybrid_w50|1024|2,p0_hybrid_mvtec,wood,dinov2_s,247,79,60,1024,19.71069652499955,2,Tesla T4,hybrid_w50,1024,2,8.125,35.56629983899984,2893.67578125,1121.994140625,1.5397641119998298,2893.67578125,63.66015625,0.10041768100018089,2893.67578125,512,512,1024,0.9973684210526316,"{""color"": 1.0, ""combined"": 1.0, ""hole"": 0.9947368421052633, ""liquid"": 1.0, ""scratch"": 0.9949874686716792}",0.948203784279437,0.938998940520928,3.560229539871216,0.9973684210526316,0.9964912280701754,0.9956140350877193,0.9894736842105263
p0_hybrid_mvtec|zipper|dinov2_s|hybrid_w50|64|0,p0_hybrid_mvtec,zipper,dinov2_s,240,151,119,1024,13.428216547000375,2,Tesla T4,hybrid_w50,64,0,8.125,5.494897885999308,2893.67578125,848.3125,0.2583208510004624,2893.67578125,22.25048828125,0.15336701500018535,2893.67578125,32,32,64,0.9737394957983193,"{""broken_teeth"": 0.9555921052631579, ""combined"": 0.99609375, ""fabric_border"": 1.0, ""fabric_interior"": 0.998046875, ""rough"": 0.9908088235294118, ""split_teeth"": 0.9756944444444444, ""squeezed_teeth"": 0.900390625}",0.8935277853781538,0.7784824078639104,2.693434000015259,0.9737394957983193,0.9816176470588235,0.9829306722689075,0.9813550420168067
p0_hybrid_mvtec|zipper|dinov2_s|hybrid_w50|64|1,p0_hybrid_mvtec,zipper,dinov2_s,240,151,119,1024,13.428216547000375,2,Tesla T4,hybrid_w50,64,1,8.125,2.769563960000596,2893.67578125,848.3125,0.20037528400007432,2893.67578125,22.25048828125,0.1617685219998748,2893.67578125,32,32,64,0.9661239495798319,"{""broken_teeth"": 0.9424342105263157, ""combined"": 0.99609375, ""fabric_border"": 1.0, ""fabric_interior"": 1.0, ""rough"": 0.9963235294117647, ""split_teeth"": 0.9635416666666666, ""squeezed_teeth"": 0.865234375}",0.8901588374536918,0.7751216547973234,2.6892807483673096,0.9661239495798319,0.9800420168067226,0.9852941176470589,0.9871323529411764
p0_hybrid_mvtec|zipper|dinov2_s|hybrid_w50|64|2,p0_hybrid_mvtec,zipper,dinov2_s,240,151,119,1024,13.428216547000375,2,Tesla T4,hybrid_w50,64,2,8.125,5.100719991000005,2893.67578125,848.3125,0.20010299800014764,2893.67578125,22.25048828125,0.15450560500084976,2893.67578125,32,32,64,0.9845063025210083,"{""broken_teeth"": 0.981907894736842, ""combined"": 0.99609375, ""fabric_border"": 1.0, ""fabric_interior"": 1.0, ""rough"": 0.9908088235294118, ""split_teeth"": 0.9791666666666666, ""squeezed_teeth"": 0.943359375}",0.873487625987496,0.7499314348978969,2.514744281768799,0.9845063025210083,0.9863445378151261,0.9852941176470589,0.9829306722689075
p0_hybrid_mvtec|zipper|dinov2_s|hybrid_w50|256|0,p0_hybrid_mvtec,zipper,dinov2_s,240,151,119,1024,13.428216547000375,2,Tesla T4,hybrid_w50,256,0,8.125,11.231292434000352,2893.67578125,848.3125,0.4643214669995359,2893.67578125,28.5322265625,0.15163696799936588,2893.67578125,128,128,256,0.9887079831932772,"{""broken_teeth"": 0.9851973684210527, ""combined"": 1.0, ""fabric_border"": 1.0, ""fabric_interior"": 0.998046875, ""rough"": 1.0, ""split_teeth"": 0.9878472222222222, ""squeezed_teeth"": 0.94921875}",0.9262903893996364,0.8309953060746711,3.064577579498291,0.9887079831932772,0.990546218487395,0.9879201680672269,0.9887079831932774
p0_hybrid_mvtec|zipper|dinov2_s|hybrid_w50|256|1,p0_hybrid_mvtec,zipper,dinov2_s,240,151,119,1024,13.428216547000375,2,Tesla T4,hybrid_w50,256,1,8.125,11.31786766499954,2893.67578125,848.3125,0.4578036319999228,2893.67578125,28.5322265625,0.15196448799997597,2893.67578125,128,128,256,0.9934348739495799,"{""broken_teeth"": 0.9901315789473684, ""combined"": 1.0, ""fabric_border"": 1.0, ""fabric_interior"": 1.0, ""rough"": 1.0, ""split_teeth"": 0.9982638888888888, ""squeezed_teeth"": 0.96484375}",0.9324838750563992,0.8396050700601891,3.133267641067505,0.9934348739495799,0.9960609243697479,0.9960609243697479,0.9929096638655462
p0_hybrid_mvtec|zipper|dinov2_s|hybrid_w50|256|2,p0_hybrid_mvtec,zipper,dinov2_s,240,151,119,1024,13.428216547000375,2,Tesla T4,hybrid_w50,256,2,8.125,11.162403285000437,2893.67578125,848.3125,0.4639413880004213,2893.67578125,28.5322265625,0.1709755049996602,2893.67578125,128,128,256,0.9902836134453782,"{""broken_teeth"": 0.9884868421052632, ""combined"": 1.0, ""fabric_border"": 1.0, ""fabric_interior"": 1.0, ""rough"": 1.0, ""split_teeth"": 0.9947916666666666, ""squeezed_teeth"": 0.947265625}",0.9302106463511872,0.836775799122295,3.19716215133667,0.9902836134453782,0.9913340336134454,0.9902836134453782,0.9876575630252101
p0_hybrid_mvtec|zipper|dinov2_s|hybrid_w50|1024|0,p0_hybrid_mvtec,zipper,dinov2_s,240,151,119,1024,13.428216547000375,2,Tesla T4,hybrid_w50,1024,0,8.125,36.05048825099948,2893.67578125,1090.439453125,1.5418341280001187,2893.67578125,63.66015625,0.2525091799998336,2893.67578125,512,512,1024,0.9942226890756303,"{""broken_teeth"": 1.0, ""combined"": 1.0, ""fabric_border"": 1.0, ""fabric_interior"": 1.0, ""rough"": 1.0, ""split_teeth"": 1.0, ""squeezed_teeth"": 0.95703125}",0.9504707301000511,0.8723451312370339,3.33308744430542,0.9942226890756303,0.9947478991596639,0.9944852941176471,0.9921218487394958
p0_hybrid_mvtec|zipper|dinov2_s|hybrid_w50|1024|1,p0_hybrid_mvtec,zipper,dinov2_s,240,151,119,1024,13.428216547000375,2,Tesla T4,hybrid_w50,1024,1,8.125,35.35797799200009,2893.67578125,1090.439453125,1.5111214710004788,2893.67578125,63.66015625,0.24909919600031571,2893.67578125,512,512,1024,0.9978991596638656,"{""broken_teeth"": 0.9983552631578947, ""combined"": 1.0, ""fabric_border"": 1.0, ""fabric_interior"": 1.0, ""rough"": 1.0, ""split_teeth"": 1.0, ""squeezed_teeth"": 0.986328125}",0.9497678436649157,0.8709150313859859,3.3304789066314697,0.9978991596638656,0.9960609243697479,0.9950105042016807,0.9921218487394958
p0_hybrid_mvtec|zipper|dinov2_s|hybrid_w50|1024|2,p0_hybrid_mvtec,zipper,dinov2_s,240,151,119,1024,13.428216547000375,2,Tesla T4,hybrid_w50,1024,2,8.125,35.89489211599994,2893.67578125,1090.439453125,1.4976430610004172,2893.67578125,63.66015625,0.18504621100055374,2893.67578125,512,512,1024,0.9950105042016807,"{""broken_teeth"": 0.9950657894736842, ""combined"": 1.0, ""fabric_border"": 1.0, ""fabric_interior"": 1.0, ""rough"": 1.0, ""split_teeth"": 1.0, ""squeezed_teeth"": 0.96875}",0.9505445263360651,0.8723956278586475,3.328310251235962,0.9950105042016807,0.9955357142857143,0.9952731092436975,0.9913340336134454
p0_hybrid_mvtec|bottle|dinov2_s|hybrid_w75|64|0,p0_hybrid_mvtec,bottle,dinov2_s,209,83,63,1024,27.518106266999894,2,Tesla T4,hybrid_w75,64,0,0.0,4.979191587000059,1993.04296875,732.6875,0.5650765059999685,1993.04296875,22.25048828125,0.1850072890000547,1993.04296875,48,16,64,0.9984126984126984,"{""broken_large"": 1.0, ""broken_small"": 0.9977272727272727, ""contamination"": 0.9976190476190476}",0.99073916789753,0.9634355035834162,4.449071884155273,0.9984126984126984,1.0,1.0,1.0
p0_hybrid_mvtec|bottle|dinov2_s|hybrid_w75|64|1,p0_hybrid_mvtec,bottle,dinov2_s,209,83,63,1024,27.518106266999894,2,Tesla T4,hybrid_w75,64,1,8.125,4.536585704000004,2376.66796875,740.8125,0.13577940499999386,2376.66796875,22.25048828125,0.09110426400002325,2376.66796875,48,16,64,1.0,"{""broken_large"": 1.0, ""broken_small"": 1.0, ""contamination"": 1.0}",0.9902194340651944,0.9576416426567499,4.373384475708008,1.0,1.0,1.0,1.0
p0_hybrid_mvtec|bottle|dinov2_s|hybrid_w75|64|2,p0_hybrid_mvtec,bottle,dinov2_s,209,83,63,1024,27.518106266999894,2,Tesla T4,hybrid_w75,64,2,8.125,6.86006303399995,2376.66796875,740.8125,0.14046181499998056,2376.66796875,22.25048828125,0.0909489420000682,2376.66796875,48,16,64,1.0,"{""broken_large"": 1.0, ""broken_small"": 1.0, ""contamination"": 1.0}",0.9904120185188205,0.962141184494433,4.386804580688477,1.0,1.0,1.0,1.0
p0_hybrid_mvtec|bottle|dinov2_s|hybrid_w75|256|0,p0_hybrid_mvtec,bottle,dinov2_s,209,83,63,1024,27.518106266999894,2,Tesla T4,hybrid_w75,256,0,8.125,16.982488152999963,2376.66796875,740.8125,0.2730611780000345,2376.66796875,28.5322265625,0.0960025440000436,2376.66796875,192,64,256,1.0,"{""broken_large"": 1.0, ""broken_small"": 1.0, ""contamination"": 1.0}",0.9914591210807341,0.9655089836208932,4.282386302947998,1.0,1.0,1.0,1.0
p0_hybrid_mvtec|bottle|dinov2_s|hybrid_w75|256|1,p0_hybrid_mvtec,bottle,dinov2_s,209,83,63,1024,27.518106266999894,2,Tesla T4,hybrid_w75,256,1,8.125,16.638874349000048,2382.28125,740.8125,0.2619245809999029,2382.28125,28.5322265625,0.10840214999996078,2382.28125,192,64,256,1.0,"{""broken_large"": 1.0, ""broken_small"": 1.0, ""contamination"": 1.0}",0.9912681098328567,0.9637274955810745,4.214135646820068,1.0,1.0,1.0,1.0
p0_hybrid_mvtec|bottle|dinov2_s|hybrid_w75|256|2,p0_hybrid_mvtec,bottle,dinov2_s,209,83,63,1024,27.518106266999894,2,Tesla T4,hybrid_w75,256,2,8.125,15.726578868000047,2392.66015625,740.8125,0.3462132990000555,2392.66015625,28.5322265625,0.10572439300005954,2392.66015625,192,64,256,1.0,"{""broken_large"": 1.0, ""broken_small"": 1.0, ""contamination"": 1.0}",0.9913149037927536,0.9638136234673711,4.180339813232422,1.0,1.0,1.0,1.0
p0_hybrid_mvtec|bottle|dinov2_s|hybrid_w75|1024|0,p0_hybrid_mvtec,bottle,dinov2_s,209,83,63,1024,27.518106266999894,2,Tesla T4,hybrid_w75,1024,0,8.125,60.210169673999985,2392.66015625,1370.8232421875,0.8064918940000325,2392.66015625,63.66015625,0.14910335199999736,2392.66015625,768,256,1024,1.0,"{""broken_large"": 1.0, ""broken_small"": 1.0, ""contamination"": 1.0}",0.9914502337500019,0.9625656726443843,3.9841222763061523,1.0,1.0,1.0,1.0
p0_hybrid_mvtec|bottle|dinov2_s|hybrid_w75|1024|1,p0_hybrid_mvtec,bottle,dinov2_s,209,83,63,1024,27.518106266999894,2,Tesla T4,hybrid_w75,1024,1,8.125,60.426300659999924,2404.15625,1370.8232421875,0.7430072209999707,2404.15625,63.66015625,0.11127991200010001,2404.15625,768,256,1024,1.0,"{""broken_large"": 1.0, ""broken_small"": 1.0, ""contamination"": 1.0}",0.9914770839503495,0.9613347119711004,3.980051279067993,1.0,1.0,1.0,1.0
p0_hybrid_mvtec|bottle|dinov2_s|hybrid_w75|1024|2,p0_hybrid_mvtec,bottle,dinov2_s,209,83,63,1024,27.518106266999894,2,Tesla T4,hybrid_w75,1024,2,8.125,57.85130197700005,2404.15625,1370.8232421875,0.7461296550000043,2404.15625,63.66015625,0.108491681999908,2404.15625,768,256,1024,1.0,"{""broken_large"": 1.0, ""broken_small"": 1.0, ""contamination"": 1.0}",0.9914757222031972,0.9621541176903647,3.978529214859009,1.0,1.0,1.0,1.0
p0_hybrid_mvtec|cable|dinov2_s|hybrid_w75|64|0,p0_hybrid_mvtec,cable,dinov2_s,224,150,92,1024,22.425007147999622,2,Tesla T4,hybrid_w75,64,0,8.125,5.163123529999893,2583.2890625,792.3125,0.22401243000001614,2583.2890625,22.25048828125,0.20722238700000162,2583.2890625,48,16,64,0.9019865067466266,"{""bent_wire"": 0.9933687002652519, ""cable_swap"": 0.514367816091954, ""combined"": 0.9968652037617556, ""cut_inner_insulation"": 0.9470443349753694, ""cut_outer_insulation"": 0.9637931034482758, ""missing_cable"": 1.0, ""missing_wire"": 0.8103448275862069, ""poke_insulation"": 0.993103448275862}",0.9410809347902676,0.8826017930793356,3.8355047702789307,0.9019865067466266,0.914167916041979,0.9169790104947526,0.9325337331334334
p0_hybrid_mvtec|cable|dinov2_s|hybrid_w75|64|1,p0_hybrid_mvtec,cable,dinov2_s,224,150,92,1024,22.425007147999622,2,Tesla T4,hybrid_w75,64,1,8.125,4.2060174019999295,2583.2890625,792.3125,0.14595134600006077,2583.2890625,22.25048828125,0.1584543639999083,2583.2890625,48,16,64,0.868815592203898,"{""bent_wire"": 0.9907161803713528, ""cable_swap"": 0.21408045977011492, ""combined"": 0.9858934169278997, ""cut_inner_insulation"": 0.9667487684729064, ""cut_outer_insulation"": 0.9827586206896551, ""missing_cable"": 1.0, ""missing_wire"": 0.8275862068965517, ""poke_insulation"": 1.0}",0.9445554298788422,0.8867786207225685,3.7519657611846924,0.868815592203898,0.8841829085457271,0.8954272863568216,0.9113568215892053
p0_hybrid_mvtec|cable|dinov2_s|hybrid_w75|64|2,p0_hybrid_mvtec,cable,dinov2_s,224,150,92,1024,22.425007147999622,2,Tesla T4,hybrid_w75,64,2,8.125,6.204542706999973,2583.2890625,792.3125,0.1444422360000317,2583.2890625,22.25048828125,0.15362551200007601,2583.2890625,48,16,64,0.8888680659670165,"{""bent_wire"": 0.993368700265252, ""cable_swap"": 0.4022988505747126, ""combined"": 0.9717868338557993, ""cut_inner_insulation"": 0.9568965517241379, ""cut_outer_insulation"": 0.9517241379310345, ""missing_cable"": 1.0, ""missing_wire"": 0.8706896551724138, ""poke_insulation"": 0.9724137931034483}",0.947813735353598,0.8902107277000025,3.8092806339263916,0.8888680659670165,0.9006746626686656,0.9152923538230883,0.9327211394302848
p0_hybrid_mvtec|cable|dinov2_s|hybrid_w75|256|0,p0_hybrid_mvtec,cable,dinov2_s,224,150,92,1024,22.425007147999622,2,Tesla T4,hybrid_w75,256,0,8.125,17.347874245999947,2583.2890625,792.3125,0.2773832069999571,2583.2890625,28.5322265625,0.1529285419999269,2583.2890625,192,64,256,0.9061094452773613,"{""bent_wire"": 1.0, ""cable_swap"": 0.4698275862068965, ""combined"": 0.9623824451410659, ""cut_inner_insulation"": 0.9839901477832512, ""cut_outer_insulation"": 0.9827586206896552, ""missing_cable"": 1.0, ""missing_wire"": 0.8637931034482758, ""poke_insulation"": 0.9896551724137931}",0.9607627381814737,0.9055697414200022,3.9734387397766113,0.9061094452773613,0.9270989505247377,0.9304722638680659,0.9415292353823088
p0_hybrid_mvtec|cable|dinov2_s|hybrid_w75|256|1,p0_hybrid_mvtec,cable,dinov2_s,224,150,92,1024,22.425007147999622,2,Tesla T4,hybrid_w75,256,1,8.125,15.322945795999999,2583.2890625,792.3125,0.34305933600001026,2583.2890625,28.5322265625,0.15611394600000494,2583.2890625,192,64,256,0.9158545727136433,"{""bent_wire"": 0.9960212201591513, ""cable_swap"": 0.5402298850574713, ""combined"": 0.9529780564263322, ""cut_inner_insulation"": 0.9692118226600985, ""cut_outer_insulation"": 0.9896551724137932, ""missing_cable"": 1.0, ""missing_wire"": 0.8879310344827586, ""poke_insulation"": 1.0}",0.9611244898522762,0.9079830019778544,3.9725348949432373,0.9158545727136433,0.9241004497751124,0.9278485757121439,0.9407796101949025
p0_hybrid_mvtec|cable|dinov2_s|hybrid_w75|256|2,p0_hybrid_mvtec,cable,dinov2_s,224,150,92,1024,22.425007147999622,2,Tesla T4,hybrid_w75,256,2,8.125,16.72109346500008,2583.2890625,792.3125,0.28478765700003805,2583.2890625,28.5322265625,0.15953464300002906,2583.2890625,192,64,256,0.9173538230884558,"{""bent_wire"": 1.0, ""cable_swap"": 0.48850574712643674, ""combined"": 0.9686520376175549, ""cut_inner_insulation"": 0.9926108374384237, ""cut_outer_insulation"": 0.9706896551724138, ""missing_cable"": 1.0, ""missing_wire"": 0.9275862068965517, ""poke_insulation"": 1.0}",0.9611319977048525,0.9055128474629819,4.034887313842773,0.9173538230884558,0.918103448275862,0.9255997001499251,0.9381559220389806
p0_hybrid_mvtec|cable|dinov2_s|hybrid_w75|1024|0,p0_hybrid_mvtec,cable,dinov2_s,224,150,92,1024,22.425007147999622,2,Tesla T4,hybrid_w75,1024,0,8.125,67.160960316,2590.28125,1466.4404296875,0.7834889440000552,2590.28125,63.66015625,0.1817984700001034,2590.28125,768,256,1024,0.9469640179910045,"{""bent_wire"": 1.0, ""cable_swap"": 0.6235632183908046, ""combined"": 1.0, ""cut_inner_insulation"": 1.0, ""cut_outer_insulation"": 0.9948275862068966, ""missing_cable"": 1.0, ""missing_wire"": 0.9689655172413792, ""poke_insulation"": 1.0}",0.9699979148001223,0.9214083600021793,4.277519226074219,0.9469640179910045,0.9514617691154423,0.9610194902548725,0.9640179910044978
p0_hybrid_mvtec|cable|dinov2_s|hybrid_w75|1024|1,p0_hybrid_mvtec,cable,dinov2_s,224,150,92,1024,22.425007147999622,2,Tesla T4,hybrid_w75,1024,1,8.125,63.594184296999856,2590.28125,1466.4404296875,0.7889521779998176,2590.28125,63.66015625,0.18849179399990135,2590.28125,768,256,1024,0.9372188905547226,"{""bent_wire"": 1.0, ""cable_swap"": 0.5977011494252873, ""combined"": 0.9905956112852665, ""cut_inner_insulation"": 1.0, ""cut_outer_insulation"": 0.996551724137931, ""missing_cable"": 1.0, ""missing_wire"": 0.9189655172413793, ""poke_insulation"": 1.0}",0.9694176244158627,0.9197752786902723,4.220106601715088,0.9372188905547226,0.9434032983508246,0.9576461769115443,0.9597076461769115
p0_hybrid_mvtec|cable|dinov2_s|hybrid_w75|1024|2,p0_hybrid_mvtec,cable,dinov2_s,224,150,92,1024,22.425007147999622,2,Tesla T4,hybrid_w75,1024,2,8.125,61.65838830300004,2590.28125,1466.4404296875,0.867054023999799,2590.28125,63.66015625,0.2632174899999882,2590.28125,768,256,1024,0.9450899550224888,"{""bent_wire"": 1.0, ""cable_swap"": 0.632183908045977, ""combined"": 0.9921630094043886, ""cut_inner_insulation"": 1.0, ""cut_outer_insulation"": 1.0, ""missing_cable"": 1.0, ""missing_wire"": 0.9448275862068966, ""poke_insulation"": 1.0}",0.9694973800876296,0.9204052988290603,4.212584495544434,0.9450899550224888,0.9537106446776611,0.9602698650674663,0.9653298350824587
p0_hybrid_mvtec|capsule|dinov2_s|hybrid_w75|64|0,p0_hybrid_mvtec,capsule,dinov2_s,219,132,109,1024,21.017523612999867,2,Tesla T4,hybrid_w75,64,0,8.125,4.837661670999978,2590.28125,774.8125,0.1970428009999523,2590.28125,22.25048828125,0.20539401999985785,2590.28125,48,16,64,0.9305943358595931,"{""crack"": 0.9300567107750473, ""faulty_imprint"": 0.8517786561264822, ""poke"": 0.9233954451345755, ""scratch"": 0.9792060491493384, ""squeeze"": 0.9695652173913043}",0.9763330037199368,0.9432565973138994,4.406935214996338,0.9305943358595931,0.9509373753490227,0.9617072197846032,0.9609094535301157
p0_hybrid_mvtec|capsule|dinov2_s|hybrid_w75|64|1,p0_hybrid_mvtec,capsule,dinov2_s,219,132,109,1024,21.017523612999867,2,Tesla T4,hybrid_w75,64,1,8.125,3.880097395999883,2590.28125,774.8125,0.14164869599994745,2590.28125,22.25048828125,0.13937657599990416,2590.28125,48,16,64,0.9720781810929398,"{""crack"": 0.9603024574669188, ""faulty_imprint"": 0.9426877470355731, ""poke"": 0.9875776397515529, ""scratch"": 0.9867674858223062, ""squeeze"": 0.9847826086956522}",0.9742014820162868,0.9397460798547319,4.402423858642578,0.9720781810929398,0.9641005185480654,0.9641005185480654,0.9565217391304348
p0_hybrid_mvtec|capsule|dinov2_s|hybrid_w75|64|2,p0_hybrid_mvtec,capsule,dinov2_s,219,132,109,1024,21.017523612999867,2,Tesla T4,hybrid_w75,64,2,8.125,7.176735903999997,2590.28125,774.8125,0.14509217199997693,2590.28125,22.25048828125,0.14343383100003848,2590.28125,48,16,64,0.9585161547666534,"{""crack"": 0.9546313799621928, ""faulty_imprint"": 0.9466403162055337, ""poke"": 0.979296066252588, ""scratch"": 0.9319470699432892, ""squeeze"": 0.9847826086956522}",0.9774442016762854,0.9416120312059039,4.397402763366699,0.9585161547666534,0.9672915835660151,0.9637016354208218,0.9688871160749901
p0_hybrid_mvtec|capsule|dinov2_s|hybrid_w75|256|0,p0_hybrid_mvtec,capsule,dinov2_s,219,132,109,1024,21.017523612999867,2,Tesla T4,hybrid_w75,256,0,8.125,17.156190511999966,2590.28125,774.8125,0.301568245999988,2590.28125,28.5322265625,0.14119522299984055,2590.28125,192,64,256,0.9477463103310729,"{""crack"": 0.9735349716446124, ""faulty_imprint"": 0.8913043478260869, ""poke"": 0.9710144927536233, ""scratch"": 0.9187145557655955, ""squeeze"": 0.9891304347826088}",0.9872886281761727,0.9565263426976708,5.215588092803955,0.9477463103310729,0.952134024730754,0.957718388512166,0.960510570402872
p0_hybrid_mvtec|capsule|dinov2_s|hybrid_w75|256|1,p0_hybrid_mvtec,capsule,dinov2_s,219,132,109,1024,21.017523612999867,2,Tesla T4,hybrid_w75,256,1,8.125,18.48611148299983,2590.28125,774.8125,0.30874157800008106,2590.28125,28.5322265625,0.19813271500015617,2590.28125,192,64,256,0.9521340247307539,"{""crack"": 0.9697542533081286, ""faulty_imprint"": 0.9110671936758894, ""poke"": 0.9503105590062112, ""scratch"": 0.9338374291115312, ""squeeze"": 1.0}",0.9868730468971211,0.9552515660273838,5.139008522033691,0.9521340247307539,0.9597128041483846,0.9692859992022338,0.9641005185480654
p0_hybrid_mvtec|capsule|dinov2_s|hybrid_w75|256|2,p0_hybrid_mvtec,capsule,dinov2_s,219,132,109,1024,21.017523612999867,2,Tesla T4,hybrid_w75,256,2,8.125,17.373600183000008,2590.28125,774.8125,0.27083661899996514,2590.28125,28.5322265625,0.1372873120001259,2590.28125,192,64,256,0.9656960510570404,"{""crack"": 0.9603024574669188, ""faulty_imprint"": 0.9387351778656128, ""poke"": 0.979296066252588, ""scratch"": 0.9621928166351608, ""squeeze"": 0.9913043478260869}",0.9869258103845054,0.9555690081197477,5.147669792175293,0.9656960510570404,0.9629038691663343,0.9692859992022338,0.9692859992022338
p0_hybrid_mvtec|capsule|dinov2_s|hybrid_w75|1024|0,p0_hybrid_mvtec,capsule,dinov2_s,219,132,109,1024,21.017523612999867,2,Tesla T4,hybrid_w75,1024,0,8.125,63.44970569299994,2590.28125,1435.9013671875,0.7711003739998432,2590.28125,63.66015625,0.2181490959999337,2590.28125,768,256,1024,0.962106102911847,"{""crack"": 0.948960302457467, ""faulty_imprint"": 0.9387351778656128, ""poke"": 0.9668737060041408, ""scratch"": 0.9659735349716445, ""squeeze"": 0.9934782608695653}",0.9898088913790297,0.9599876120487976,5.448383808135986,0.962106102911847,0.9664938173115277,0.96888711607499,0.966094934184284
p0_hybrid_mvtec|capsule|dinov2_s|hybrid_w75|1024|1,p0_hybrid_mvtec,capsule,dinov2_s,219,132,109,1024,21.017523612999867,2,Tesla T4,hybrid_w75,1024,1,8.125,63.80661096999984,2590.28125,1435.9013671875,0.7697532689999207,2590.28125,63.66015625,0.17034961200010912,2590.28125,768,256,1024,0.9684882329477464,"{""crack"": 0.9546313799621928, ""faulty_imprint"": 0.9525691699604744, ""poke"": 0.9710144927536231, ""scratch"": 0.9716446124763705, ""squeeze"": 0.9956521739130435}",0.9902173023150362,0.9615544522958804,5.503489017486572,0.9684882329477464,0.9684882329477463,0.974471479856402,0.973274830474671
p0_hybrid_mvtec|capsule|dinov2_s|hybrid_w75|1024|2,p0_hybrid_mvtec,capsule,dinov2_s,219,132,109,1024,21.017523612999867,2,Tesla T4,hybrid_w75,1024,2,8.125,63.63216014999989,2590.28125,1435.9013671875,0.7660113549998186,2590.28125,63.66015625,0.16676319300017894,2590.28125,768,256,1024,0.963302752293578,"{""crack"": 0.9508506616257089, ""faulty_imprint"": 0.9486166007905138, ""poke"": 0.9585921325051759, ""scratch"": 0.9659735349716446, ""squeeze"": 0.9956521739130435}",0.9897902759714821,0.9602568720815158,5.464850902557373,0.963302752293578,0.9644994016753092,0.9716792979656961,0.9684882329477463
p0_hybrid_mvtec|carpet|dinov2_s|hybrid_w75|64|0,p0_hybrid_mvtec,carpet,dinov2_s,280,117,89,1024,23.490016327999683,2,Tesla T4,hybrid_w75,64,0,8.125,4.2357731770000555,2665.08203125,916.3125,0.18123097000011512,2665.08203125,22.25048828125,0.12590611699988585,2665.08203125,48,16,64,0.9995987158908507,"{""color"": 1.0, ""cut"": 1.0, ""hole"": 1.0, ""metal_contamination"": 1.0, ""thread"": 0.9981203007518797}",0.992038238386078,0.9736257690061838,4.974301338195801,0.9995987158908507,0.9991974317817015,1.0,1.0
p0_hybrid_mvtec|carpet|dinov2_s|hybrid_w75|64|1,p0_hybrid_mvtec,carpet,dinov2_s,280,117,89,1024,23.490016327999683,2,Tesla T4,hybrid_w75,64,1,8.125,7.1190786500001195,2665.08203125,916.3125,0.18263623999996526,2665.08203125,22.25048828125,0.12410313700002007,2665.08203125,48,16,64,0.9995987158908507,"{""color"": 1.0, ""cut"": 1.0, ""hole"": 1.0, ""metal_contamination"": 1.0, ""thread"": 0.9981203007518797}",0.9912774774197746,0.9694228460155567,4.717370986938477,0.9995987158908507,0.9995987158908507,0.9995987158908507,0.9995987158908507
p0_hybrid_mvtec|carpet|dinov2_s|hybrid_w75|64|2,p0_hybrid_mvtec,carpet,dinov2_s,280,117,89,1024,23.490016327999683,2,Tesla T4,hybrid_w75,64,2,8.125,4.4239981889998035,2667.9453125,916.3125,0.1799315260000185,2667.9453125,22.25048828125,0.12652527199998076,2667.9453125,48,16,64,0.9995987158908507,"{""color"": 1.0, ""cut"": 1.0, ""hole"": 1.0, ""metal_contamination"": 1.0, ""thread"": 0.9981203007518797}",0.9927130930226847,0.9761566918515112,5.134460926055908,0.9995987158908507,1.0,0.9995987158908507,0.9991974317817015
p0_hybrid_mvtec|carpet|dinov2_s|hybrid_w75|256|0,p0_hybrid_mvtec,carpet,dinov2_s,280,117,89,1024,23.490016327999683,2,Tesla T4,hybrid_w75,256,0,8.125,14.722116009000047,2667.9453125,916.3125,0.4222555690000718,2667.9453125,28.5322265625,0.1845796130000963,2667.9453125,192,64,256,0.9971910112359551,"{""color"": 1.0, ""cut"": 1.0, ""hole"": 0.9978991596638656, ""metal_contamination"": 1.0, ""thread"": 0.9887218045112782}",0.9922299410349238,0.974843497238731,5.109945774078369,0.9971910112359551,0.9983948635634029,1.0,1.0
p0_hybrid_mvtec|carpet|dinov2_s|hybrid_w75|256|1,p0_hybrid_mvtec,carpet,dinov2_s,280,117,89,1024,23.490016327999683,2,Tesla T4,hybrid_w75,256,1,8.125,17.02940829499994,2668.015625,916.3125,0.36588608299985026,2668.015625,28.5322265625,0.1230341220000355,2668.015625,192,64,256,0.9995987158908507,"{""color"": 1.0, ""cut"": 1.0, ""hole"": 1.0, ""metal_contamination"": 1.0, ""thread"": 0.9981203007518797}",0.9922556454769776,0.9733123590326591,5.078108787536621,0.9995987158908507,0.9995987158908507,1.0,1.0
p0_hybrid_mvtec|carpet|dinov2_s|hybrid_w75|256|2,p0_hybrid_mvtec,carpet,dinov2_s,280,117,89,1024,23.490016327999683,2,Tesla T4,hybrid_w75,256,2,8.125,16.641174996000018,2668.015625,916.3125,0.34151550000001407,2668.015625,28.5322265625,0.13257385900010377,2668.015625,192,64,256,0.9995987158908507,"{""color"": 1.0, ""cut"": 1.0, ""hole"": 1.0, ""metal_contamination"": 1.0, ""thread"": 0.9981203007518797}",0.9918640224580676,0.9727547836805436,4.962851524353027,0.9995987158908507,0.9995987158908507,1.0,1.0
p0_hybrid_mvtec|carpet|dinov2_s|hybrid_w75|1024|0,p0_hybrid_mvtec,carpet,dinov2_s,280,117,89,1024,23.490016327999683,2,Tesla T4,hybrid_w75,1024,0,8.125,57.302864064000005,2668.015625,1686.7841796875,1.0322414529998696,2668.015625,63.66015625,0.19697401899998113,2668.015625,768,256,1024,0.9995987158908507,"{""color"": 1.0, ""cut"": 1.0, ""hole"": 1.0, ""metal_contamination"": 1.0, ""thread"": 0.9981203007518797}",0.9919098246416311,0.9734032046701088,5.030411243438721,0.9995987158908507,0.9995987158908507,1.0,1.0
p0_hybrid_mvtec|carpet|dinov2_s|hybrid_w75|1024|1,p0_hybrid_mvtec,carpet,dinov2_s,280,117,89,1024,23.490016327999683,2,Tesla T4,hybrid_w75,1024,1,8.125,62.396571530999836,2668.015625,1686.7841796875,0.9719058460000269,2668.015625,63.66015625,0.15830439600017598,2668.015625,768,256,1024,0.9991974317817015,"{""color"": 1.0, ""cut"": 1.0, ""hole"": 1.0, ""metal_contamination"": 1.0, ""thread"": 0.9962406015037594}",0.99201779041152,0.9732792730033935,5.018235683441162,0.9991974317817015,0.9995987158908507,1.0,1.0
p0_hybrid_mvtec|carpet|dinov2_s|hybrid_w75|1024|2,p0_hybrid_mvtec,carpet,dinov2_s,280,117,89,1024,23.490016327999683,2,Tesla T4,hybrid_w75,1024,2,8.125,60.75668184599999,2668.015625,1686.7841796875,0.9776714240001638,2668.015625,63.66015625,0.15741217300001153,2668.015625,768,256,1024,0.9979935794542536,"{""color"": 1.0, ""cut"": 1.0, ""hole"": 1.0, ""metal_contamination"": 1.0, ""thread"": 0.9906015037593985}",0.9919844050523475,0.9736996633612357,5.035256862640381,0.9979935794542536,0.9995987158908507,1.0,1.0
p0_hybrid_mvtec|grid|dinov2_s|hybrid_w75|64|0,p0_hybrid_mvtec,grid,dinov2_s,264,78,57,1024,12.241776278000088,2,Tesla T4,hybrid_w75,64,0,8.125,7.623075038999787,2668.015625,908.3125,0.1718574650001301,2668.015625,22.25048828125,0.0904025229999661,2668.015625,48,16,64,0.9974937343358397,"{""bent"": 1.0, ""broken"": 1.0, ""glue"": 0.9870129870129871, ""metal_contamination"": 1.0, ""thread"": 1.0}",0.9920057686697465,0.9673289010868952,4.590979099273682,0.9974937343358397,0.9974937343358397,0.9983291562238931,0.9974937343358397
p0_hybrid_mvtec|grid|dinov2_s|hybrid_w75|64|1,p0_hybrid_mvtec,grid,dinov2_s,264,78,57,1024,12.241776278000088,2,Tesla T4,hybrid_w75,64,1,8.125,4.259470166000028,2668.015625,908.3125,0.16928146500004004,2668.015625,22.25048828125,0.09504784499995367,2668.015625,48,16,64,0.9991645781119465,"{""bent"": 1.0, ""broken"": 1.0, ""glue"": 0.9956709956709956, ""metal_contamination"": 1.0, ""thread"": 1.0}",0.9921224726633562,0.9663092615405426,4.602548122406006,0.9991645781119465,0.9991645781119465,1.0,0.9991645781119465
p0_hybrid_mvtec|grid|dinov2_s|hybrid_w75|64|2,p0_hybrid_mvtec,grid,dinov2_s,264,78,57,1024,12.241776278000088,2,Tesla T4,hybrid_w75,64,2,8.125,6.909981285999947,2668.015625,908.3125,0.169556448999856,2668.015625,22.25048828125,0.09223714100016878,2668.015625,48,16,64,0.9991645781119465,"{""bent"": 1.0, ""broken"": 1.0, ""glue"": 0.9956709956709956, ""metal_contamination"": 1.0, ""thread"": 1.0}",0.9919465932149528,0.967334467958878,4.520191192626953,0.9991645781119465,1.0,1.0,1.0
p0_hybrid_mvtec|grid|dinov2_s|hybrid_w75|256|0,p0_hybrid_mvtec,grid,dinov2_s,264,78,57,1024,12.241776278000088,2,Tesla T4,hybrid_w75,256,0,8.125,17.74307662399997,2668.015625,908.3125,0.33340223300001526,2668.015625,28.5322265625,0.08994434300007015,2668.015625,192,64,256,1.0,"{""bent"": 1.0, ""broken"": 1.0, ""glue"": 1.0, ""metal_contamination"": 1.0, ""thread"": 1.0}",0.9920607305657004,0.9647732550969476,4.636632442474365,1.0,1.0,1.0,1.0
p0_hybrid_mvtec|grid|dinov2_s|hybrid_w75|256|1,p0_hybrid_mvtec,grid,dinov2_s,264,78,57,1024,12.241776278000088,2,Tesla T4,hybrid_w75,256,1,8.125,18.5369286130001,2668.015625,908.3125,0.4057363230001556,2668.015625,28.5322265625,0.1332130790001429,2668.015625,192,64,256,1.0,"{""bent"": 1.0, ""broken"": 1.0, ""glue"": 1.0, ""metal_contamination"": 1.0, ""thread"": 1.0}",0.9914081906430979,0.9617871869713757,4.512238025665283,1.0,1.0,1.0,1.0
p0_hybrid_mvtec|grid|dinov2_s|hybrid_w75|256|2,p0_hybrid_mvtec,grid,dinov2_s,264,78,57,1024,12.241776278000088,2,Tesla T4,hybrid_w75,256,2,8.125,16.52662796300001,2668.015625,908.3125,0.3291992469999059,2668.015625,28.5322265625,0.0910964629999853,2668.015625,192,64,256,1.0,"{""bent"": 1.0, ""broken"": 1.0, ""glue"": 1.0, ""metal_contamination"": 1.0, ""thread"": 1.0}",0.991289083873266,0.9628343480446652,4.507057189941406,1.0,1.0,1.0,1.0
p0_hybrid_mvtec|grid|dinov2_s|hybrid_w75|1024|0,p0_hybrid_mvtec,grid,dinov2_s,264,78,57,1024,12.241776278000088,2,Tesla T4,hybrid_w75,1024,0,8.125,61.025965068000005,2668.015625,1678.7216796875,0.9219421919999604,2668.015625,63.66015625,0.11429171600002519,2668.015625,768,256,1024,1.0,"{""bent"": 1.0, ""broken"": 1.0, ""glue"": 1.0, ""metal_contamination"": 1.0, ""thread"": 1.0}",0.9913415982442306,0.961457495169263,4.491230487823486,1.0,1.0,1.0,1.0
p0_hybrid_mvtec|grid|dinov2_s|hybrid_w75|1024|1,p0_hybrid_mvtec,grid,dinov2_s,264,78,57,1024,12.241776278000088,2,Tesla T4,hybrid_w75,1024,1,8.125,61.58268870100005,2668.015625,1678.7216796875,0.9094784260000779,2668.015625,63.66015625,0.11436170999991191,2668.015625,768,256,1024,1.0,"{""bent"": 1.0, ""broken"": 1.0, ""glue"": 1.0, ""metal_contamination"": 1.0, ""thread"": 1.0}",0.9911380299373582,0.9612126222654499,4.475006580352783,1.0,1.0,1.0,1.0
p0_hybrid_mvtec|grid|dinov2_s|hybrid_w75|1024|2,p0_hybrid_mvtec,grid,dinov2_s,264,78,57,1024,12.241776278000088,2,Tesla T4,hybrid_w75,1024,2,8.125,63.06522735899989,2668.015625,1678.7216796875,0.9675020810000206,2668.015625,63.66015625,0.14053229999990435,2668.015625,768,256,1024,1.0,"{""bent"": 1.0, ""broken"": 1.0, ""glue"": 1.0, ""metal_contamination"": 1.0, ""thread"": 1.0}",0.9912780297385998,0.9613638176764693,4.468197345733643,1.0,1.0,1.0,1.0
p0_hybrid_mvtec|hazelnut|dinov2_s|hybrid_w75|64|0,p0_hybrid_mvtec,hazelnut,dinov2_s,391,110,70,1024,30.32248612500007,2,Tesla T4,hybrid_w75,64,0,8.125,3.6951114419998703,2886.98828125,971.8125,0.24900972299974455,2886.98828125,22.25048828125,0.12092800500022349,2886.98828125,48,16,64,0.9789285714285715,"{""crack"": 0.9930555555555556, ""cut"": 0.9426470588235294, ""hole"": 0.9875, ""print"": 0.9911764705882353}",0.9956488265170289,0.9717419462480075,4.547066688537598,0.9789285714285715,0.9942857142857142,0.9989285714285715,1.0
p0_hybrid_mvtec|hazelnut|dinov2_s|hybrid_w75|64|1,p0_hybrid_mvtec,hazelnut,dinov2_s,391,110,70,1024,30.32248612500007,2,Tesla T4,hybrid_w75,64,1,8.125,6.895366789999571,2886.98828125,971.8125,0.2465133219998279,2886.98828125,22.25048828125,0.11761729099998774,2886.98828125,48,16,64,0.9678571428571429,"{""crack"": 0.9875, ""cut"": 0.9352941176470588, ""hole"": 0.9583333333333334, ""print"": 0.9897058823529412}",0.9957531286520345,0.9713649542068753,4.4646382331848145,0.9678571428571429,0.9925,0.9978571428571429,0.9996428571428572
p0_hybrid_mvtec|hazelnut|dinov2_s|hybrid_w75|64|2,p0_hybrid_mvtec,hazelnut,dinov2_s,391,110,70,1024,30.32248612500007,2,Tesla T4,hybrid_w75,64,2,8.125,4.073115059999964,2894.1953125,971.8125,0.24474536199977592,2894.1953125,22.25048828125,0.1271574350002993,2894.1953125,48,16,64,0.9817857142857143,"{""crack"": 0.9916666666666667, ""cut"": 0.9676470588235293, ""hole"": 0.9819444444444444, ""print"": 0.9852941176470588}",0.9953864323137956,0.9722656315440947,4.591594696044922,0.9817857142857143,0.9942857142857143,0.9992857142857142,1.0
p0_hybrid_mvtec|hazelnut|dinov2_s|hybrid_w75|256|0,p0_hybrid_mvtec,hazelnut,dinov2_s,391,110,70,1024,30.32248612500007,2,Tesla T4,hybrid_w75,256,0,8.125,17.320000221999635,2894.1953125,971.8125,0.5414922869999828,2894.1953125,28.5322265625,0.17063653899958808,2894.1953125,192,64,256,0.9650000000000001,"{""crack"": 0.9847222222222223, ""cut"": 0.9294117647058824, ""hole"": 0.9652777777777778, ""print"": 0.9794117647058823}",0.9963025545387458,0.9714715193894523,4.7579121589660645,0.9650000000000001,0.9932142857142857,0.9996428571428572,1.0
p0_hybrid_mvtec|hazelnut|dinov2_s|hybrid_w75|256|1,p0_hybrid_mvtec,hazelnut,dinov2_s,391,110,70,1024,30.32248612500007,2,Tesla T4,hybrid_w75,256,1,8.125,16.684738484000263,2894.29296875,971.8125,0.4654351829999541,2894.29296875,28.5322265625,0.11825222100014798,2894.29296875,192,64,256,0.9821428571428572,"{""crack"": 0.9902777777777778, ""cut"": 0.9720588235294118, ""hole"": 0.9750000000000001, ""print"": 0.9911764705882352}",0.9963848813724933,0.9753411485868224,4.762195587158203,0.9821428571428572,1.0,1.0,1.0
p0_hybrid_mvtec|hazelnut|dinov2_s|hybrid_w75|256|2,p0_hybrid_mvtec,hazelnut,dinov2_s,391,110,70,1024,30.32248612500007,2,Tesla T4,hybrid_w75,256,2,8.125,16.618970495999747,2894.29296875,971.8125,0.46563463199981925,2894.29296875,28.5322265625,0.11052717200027473,2894.29296875,192,64,256,0.9846428571428572,"{""crack"": 1.0, ""cut"": 0.9661764705882353, ""hole"": 0.9819444444444444, ""print"": 0.9897058823529412}",0.9963394789138239,0.9732804693168956,4.748831272125244,0.9846428571428572,0.9989285714285714,1.0,1.0
p0_hybrid_mvtec|hazelnut|dinov2_s|hybrid_w75|1024|0,p0_hybrid_mvtec,hazelnut,dinov2_s,391,110,70,1024,30.32248612500007,2,Tesla T4,hybrid_w75,1024,0,8.125,60.70525544300017,2894.359375,1785.2451171875,1.4273566580000079,2894.359375,63.66015625,0.20187160899968148,2894.359375,768,256,1024,0.9807142857142856,"{""crack"": 0.9972222222222222, ""cut"": 0.95, ""hole"": 0.9916666666666667, ""print"": 0.9823529411764707}",0.9963312403724064,0.9716767498147298,4.868931293487549,0.9807142857142856,0.9967857142857143,1.0,1.0
p0_hybrid_mvtec|hazelnut|dinov2_s|hybrid_w75|1024|1,p0_hybrid_mvtec,hazelnut,dinov2_s,391,110,70,1024,30.32248612500007,2,Tesla T4,hybrid_w75,1024,1,8.125,61.48504518399977,2894.359375,1785.2451171875,1.3244914260003497,2894.359375,63.66015625,0.14620194400004038,2894.359375,768,256,1024,0.9864285714285714,"{""crack"": 1.0, ""cut"": 0.9573529411764706, ""hole"": 0.9972222222222222, ""print"": 0.9897058823529412}",0.9962941272508882,0.971396257114413,4.856939792633057,0.9864285714285714,0.9971428571428572,1.0,1.0
p0_hybrid_mvtec|hazelnut|dinov2_s|hybrid_w75|1024|2,p0_hybrid_mvtec,hazelnut,dinov2_s,391,110,70,1024,30.32248612500007,2,Tesla T4,hybrid_w75,1024,2,8.125,61.61898641700009,2895.37890625,1785.2451171875,1.3559922579997874,2895.37890625,63.66015625,0.17335266200007027,2895.37890625,768,256,1024,0.9917857142857144,"{""crack"": 1.0, ""cut"": 0.9720588235294119, ""hole"": 1.0, ""print"": 0.9941176470588236}",0.9963913773344376,0.9723439310188902,4.8550028800964355,0.9917857142857144,0.9960714285714285,0.9992857142857142,1.0
p0_hybrid_mvtec|leather|dinov2_s|hybrid_w75|64|0,p0_hybrid_mvtec,leather,dinov2_s,245,124,92,1024,20.056968901999426,2,Tesla T4,hybrid_w75,64,0,8.125,3.989927944000101,2895.37890625,866.8125,0.15709827799992127,2895.37890625,22.25048828125,0.13507445899995218,2895.37890625,48,16,64,1.0,"{""color"": 1.0, ""cut"": 1.0, ""fold"": 1.0, ""glue"": 1.0, ""poke"": 1.0}",0.9904483111899985,0.9623783959735093,3.952183246612549,1.0,1.0,1.0,1.0
p0_hybrid_mvtec|leather|dinov2_s|hybrid_w75|64|1,p0_hybrid_mvtec,leather,dinov2_s,245,124,92,1024,20.056968901999426,2,Tesla T4,hybrid_w75,64,1,8.125,6.47753220300001,2895.37890625,866.8125,0.1654005899999902,2895.37890625,22.25048828125,0.13481936100015446,2895.37890625,48,16,64,1.0,"{""color"": 1.0, ""cut"": 1.0, ""fold"": 1.0, ""glue"": 1.0, ""poke"": 1.0}",0.9907960295820132,0.966477864472558,3.9246017932891846,1.0,1.0,1.0,1.0
p0_hybrid_mvtec|leather|dinov2_s|hybrid_w75|64|2,p0_hybrid_mvtec,leather,dinov2_s,245,124,92,1024,20.056968901999426,2,Tesla T4,hybrid_w75,64,2,8.125,3.888833681000051,2895.37890625,866.8125,0.15754536800022834,2895.37890625,22.25048828125,0.1328328669997063,2895.37890625,48,16,64,1.0,"{""color"": 1.0, ""cut"": 1.0, ""fold"": 1.0, ""glue"": 1.0, ""poke"": 1.0}",0.9909635246419075,0.9707094998607668,4.018131732940674,1.0,1.0,1.0,1.0
p0_hybrid_mvtec|leather|dinov2_s|hybrid_w75|256|0,p0_hybrid_mvtec,leather,dinov2_s,245,124,92,1024,20.056968901999426,2,Tesla T4,hybrid_w75,256,0,8.125,14.915561488999629,2895.37890625,866.8125,0.3021914079999988,2895.37890625,28.5322265625,0.1280933789998926,2895.37890625,192,64,256,1.0,"{""color"": 1.0, ""cut"": 1.0, ""fold"": 1.0, ""glue"": 1.0, ""poke"": 1.0}",0.9907434879403059,0.9660924094893818,4.026324272155762,1.0,1.0,1.0,1.0
p0_hybrid_mvtec|leather|dinov2_s|hybrid_w75|256|1,p0_hybrid_mvtec,leather,dinov2_s,245,124,92,1024,20.056968901999426,2,Tesla T4,hybrid_w75,256,1,8.125,16.550464596999973,2895.37890625,866.8125,0.3007008989998212,2895.37890625,28.5322265625,0.13175397600025462,2895.37890625,192,64,256,1.0,"{""color"": 1.0, ""cut"": 1.0, ""fold"": 1.0, ""glue"": 1.0, ""poke"": 1.0}",0.9909039824905792,0.9655761241818028,4.025745868682861,1.0,1.0,1.0,1.0
p0_hybrid_mvtec|leather|dinov2_s|hybrid_w75|256|2,p0_hybrid_mvtec,leather,dinov2_s,245,124,92,1024,20.056968901999426,2,Tesla T4,hybrid_w75,256,2,8.125,16.459031529000185,2895.37890625,866.8125,0.3162929160002932,2895.37890625,28.5322265625,0.12947005099977105,2895.37890625,192,64,256,1.0,"{""color"": 1.0, ""cut"": 1.0, ""fold"": 1.0, ""glue"": 1.0, ""poke"": 1.0}",0.991109116708584,0.9664363732484343,4.073781967163086,1.0,1.0,1.0,1.0
p0_hybrid_mvtec|leather|dinov2_s|hybrid_w75|1024|0,p0_hybrid_mvtec,leather,dinov2_s,245,124,92,1024,20.056968901999426,2,Tesla T4,hybrid_w75,1024,0,8.125,60.721912368000176,2895.37890625,1605.1044921875,0.8477572420001707,2895.37890625,63.66015625,0.15782250499978545,2895.37890625,768,256,1024,1.0,"{""color"": 1.0, ""cut"": 1.0, ""fold"": 1.0, ""glue"": 1.0, ""poke"": 1.0}",0.9906731058975593,0.9638586841573942,4.041603088378906,1.0,1.0,1.0,1.0
p0_hybrid_mvtec|leather|dinov2_s|hybrid_w75|1024|1,p0_hybrid_mvtec,leather,dinov2_s,245,124,92,1024,20.056968901999426,2,Tesla T4,hybrid_w75,1024,1,8.125,59.80478374200038,2895.37890625,1605.1044921875,0.8616797559998304,2895.37890625,63.66015625,0.1604506459998447,2895.37890625,768,256,1024,1.0,"{""color"": 1.0, ""cut"": 1.0, ""fold"": 1.0, ""glue"": 1.0, ""poke"": 1.0}",0.9911323982513568,0.9660451505988754,4.080165863037109,1.0,1.0,1.0,1.0
p0_hybrid_mvtec|leather|dinov2_s|hybrid_w75|1024|2,p0_hybrid_mvtec,leather,dinov2_s,245,124,92,1024,20.056968901999426,2,Tesla T4,hybrid_w75,1024,2,8.125,65.88013846600006,2895.37890625,1605.1044921875,0.8552770920000512,2895.37890625,63.66015625,0.15740564700035975,2895.37890625,768,256,1024,1.0,"{""color"": 1.0, ""cut"": 1.0, ""fold"": 1.0, ""glue"": 1.0, ""poke"": 1.0}",0.9905837515333674,0.9646509068275446,4.035310745239258,1.0,1.0,1.0,1.0
p0_hybrid_mvtec|metal_nut|dinov2_s|hybrid_w75|64|0,p0_hybrid_mvtec,metal_nut,dinov2_s,220,115,93,1024,10.55649128999903,2,Tesla T4,hybrid_w75,64,0,8.125,4.213458818000163,2895.37890625,778.3125,0.144095297000149,2895.37890625,22.25048828125,0.12733173900005568,2895.37890625,48,16,64,0.9980449657869013,"{""bent"": 0.9963636363636365, ""color"": 0.9979338842975207, ""flip"": 1.0, ""scratch"": 0.9980237154150198}",0.9672763168224844,0.929728048294505,2.4775230884552,0.9980449657869013,0.9980449657869013,0.9990224828934506,0.9965786901270772
p0_hybrid_mvtec|metal_nut|dinov2_s|hybrid_w75|64|1,p0_hybrid_mvtec,metal_nut,dinov2_s,220,115,93,1024,10.55649128999903,2,Tesla T4,hybrid_w75,64,1,8.125,4.410443498999939,2895.37890625,778.3125,0.14290745299967966,2895.37890625,22.25048828125,0.1255159460001778,2895.37890625,48,16,64,0.9990224828934506,"{""bent"": 1.0, ""color"": 1.0, ""flip"": 1.0, ""scratch"": 0.9960474308300395}",0.963656935188158,0.9259116740987544,2.407371759414673,0.9990224828934506,0.9975562072336266,0.9995112414467253,0.9990224828934506
p0_hybrid_mvtec|metal_nut|dinov2_s|hybrid_w75|64|2,p0_hybrid_mvtec,metal_nut,dinov2_s,220,115,93,1024,10.55649128999903,2,Tesla T4,hybrid_w75,64,2,8.125,3.677617145000113,2895.37890625,778.3125,0.15376374000015858,2895.37890625,22.25048828125,0.18004853699994783,2895.37890625,48,16,64,0.9916911045943304,"{""bent"": 0.9963636363636363, ""color"": 0.9752066115702479, ""flip"": 1.0, ""scratch"": 0.9940711462450593}",0.966228986904766,0.9287538171554865,2.425403118133545,0.9916911045943304,0.9941348973607038,0.9980449657869013,0.9965786901270772
p0_hybrid_mvtec|metal_nut|dinov2_s|hybrid_w75|256|0,p0_hybrid_mvtec,metal_nut,dinov2_s,220,115,93,1024,10.55649128999903,2,Tesla T4,hybrid_w75,256,0,8.125,16.21111519399983,2895.37890625,778.3125,0.2754712609998933,2895.37890625,28.5322265625,0.14098708499977874,2895.37890625,192,64,256,0.998533724340176,"{""bent"": 0.9981818181818182, ""color"": 0.9958677685950413, ""flip"": 1.0, ""scratch"": 1.0}",0.9786663474972618,0.9482601754927708,2.888976573944092,0.998533724340176,0.9990224828934506,1.0,0.9990224828934506
p0_hybrid_mvtec|metal_nut|dinov2_s|hybrid_w75|256|1,p0_hybrid_mvtec,metal_nut,dinov2_s,220,115,93,1024,10.55649128999903,2,Tesla T4,hybrid_w75,256,1,8.125,15.846836541999892,2895.37890625,778.3125,0.2734803340003964,2895.37890625,28.5322265625,0.12200246500015055,2895.37890625,192,64,256,1.0,"{""bent"": 1.0, ""color"": 1.0, ""flip"": 1.0, ""scratch"": 1.0}",0.9785516337287139,0.9466497414752936,2.92087984085083,1.0,1.0,1.0,0.9990224828934506
p0_hybrid_mvtec|metal_nut|dinov2_s|hybrid_w75|256|2,p0_hybrid_mvtec,metal_nut,dinov2_s,220,115,93,1024,10.55649128999903,2,Tesla T4,hybrid_w75,256,2,8.125,17.295781006000198,2895.37890625,778.3125,0.356576270000005,2895.37890625,28.5322265625,0.1546545339997465,2895.37890625,192,64,256,0.9970674486803519,"{""bent"": 0.9945454545454545, ""color"": 0.993801652892562, ""flip"": 1.0, ""scratch"": 1.0}",0.9784494866548826,0.9471427330267498,2.875887393951416,0.9970674486803519,0.998533724340176,1.0,0.9995112414467253
p0_hybrid_mvtec|metal_nut|dinov2_s|hybrid_w75|1024|0,p0_hybrid_mvtec,metal_nut,dinov2_s,220,115,93,1024,10.55649128999903,2,Tesla T4,hybrid_w75,1024,0,8.125,59.7634471020001,2895.37890625,1440.4091796875,0.776709509000284,2895.37890625,63.66015625,0.1433367710001221,2895.37890625,768,256,1024,0.9995112414467253,"{""bent"": 1.0, ""color"": 0.9979338842975207, ""flip"": 1.0, ""scratch"": 1.0}",0.9823896011276962,0.954334144847537,3.224339485168457,0.9995112414467253,1.0,1.0,1.0
p0_hybrid_mvtec|metal_nut|dinov2_s|hybrid_w75|1024|1,p0_hybrid_mvtec,metal_nut,dinov2_s,220,115,93,1024,10.55649128999903,2,Tesla T4,hybrid_w75,1024,1,8.125,61.824730959000135,2895.37890625,1440.4091796875,0.7641543890003959,2895.37890625,63.66015625,0.16158451100000093,2895.37890625,768,256,1024,1.0,"{""bent"": 1.0, ""color"": 1.0, ""flip"": 1.0, ""scratch"": 1.0}",0.98250419944014,0.9538681212631713,3.2187299728393555,1.0,1.0,1.0,1.0
p0_hybrid_mvtec|metal_nut|dinov2_s|hybrid_w75|1024|2,p0_hybrid_mvtec,metal_nut,dinov2_s,220,115,93,1024,10.55649128999903,2,Tesla T4,hybrid_w75,1024,2,8.125,60.96025982900028,2895.37890625,1440.4091796875,0.8116181929999584,2895.37890625,63.66015625,0.19142244900012884,2895.37890625,768,256,1024,1.0,"{""bent"": 1.0, ""color"": 1.0, ""flip"": 1.0, ""scratch"": 1.0}",0.9825506920478383,0.9530861971005563,3.2077691555023193,1.0,1.0,1.0,1.0
p0_hybrid_mvtec|pill|dinov2_s|hybrid_w75|64|0,p0_hybrid_mvtec,pill,dinov2_s,267,167,141,1024,17.555453615999795,2,Tesla T4,hybrid_w75,64,0,8.125,4.438825347000147,2895.37890625,909.8125,0.17234028800021406,2895.37890625,22.25048828125,0.2425662050000028,2895.37890625,48,16,64,0.9018003273322422,"{""color"": 0.7784615384615384, ""combined"": 0.9841628959276018, ""contamination"": 0.9761904761904762, ""crack"": 0.849112426035503, ""faulty_imprint"": 0.9089068825910931, ""pill_type"": 1.0, ""scratch"": 0.921474358974359}",0.9605290165477429,0.9570896683618207,3.8131561279296875,0.9018003273322422,0.9222585924713584,0.9268957992362247,0.9233496999454447
p0_hybrid_mvtec|pill|dinov2_s|hybrid_w75|64|1,p0_hybrid_mvtec,pill,dinov2_s,267,167,141,1024,17.555453615999795,2,Tesla T4,hybrid_w75,64,1,8.125,3.968177153000397,2895.37890625,909.8125,0.17304373300021325,2895.37890625,22.25048828125,0.179852960000062,2895.37890625,48,16,64,0.8518821603927986,"{""color"": 0.793846153846154, ""combined"": 0.9411764705882353, ""contamination"": 0.9340659340659341, ""crack"": 0.7529585798816567, ""faulty_imprint"": 0.8178137651821862, ""pill_type"": 1.0, ""scratch"": 0.8557692307692308}",0.9579401564696752,0.9544568299269459,3.690680503845215,0.8518821603927986,0.8927986906710311,0.9241680305510093,0.9277141298417896
p0_hybrid_mvtec|pill|dinov2_s|hybrid_w75|64|2,p0_hybrid_mvtec,pill,dinov2_s,267,167,141,1024,17.555453615999795,2,Tesla T4,hybrid_w75,64,2,8.125,6.3325218919999315,2895.37890625,909.8125,0.20109978900018177,2895.37890625,22.25048828125,0.18784233099995618,2895.37890625,48,16,64,0.8756137479541735,"{""color"": 0.8076923076923077, ""combined"": 0.9547511312217194, ""contamination"": 0.9816849816849818, ""crack"": 0.7810650887573964, ""faulty_imprint"": 0.8319838056680161, ""pill_type"": 1.0, ""scratch"": 0.8878205128205128}",0.9589579593838687,0.9569933547235495,3.8478102684020996,0.8756137479541735,0.8977086743044189,0.920076377523186,0.9211674849972723
p0_hybrid_mvtec|pill|dinov2_s|hybrid_w75|256|0,p0_hybrid_mvtec,pill,dinov2_s,267,167,141,1024,17.555453615999795,2,Tesla T4,hybrid_w75,256,0,8.125,16.462338137000188,2895.37890625,909.8125,0.3441010040000947,2895.37890625,28.5322265625,0.18108762299971204,2895.37890625,192,64,256,0.9536279323513366,"{""color"": 0.9553846153846154, ""combined"": 0.9909502262443439, ""contamination"": 0.9908424908424909, ""crack"": 0.8994082840236686, ""faulty_imprint"": 0.951417004048583, ""pill_type"": 1.0, ""scratch"": 0.9358974358974359}",0.9722858178228619,0.969634331821898,4.442408561706543,0.9536279323513366,0.9719039825422804,0.9765411893071467,0.9738134206219312
p0_hybrid_mvtec|pill|dinov2_s|hybrid_w75|256|1,p0_hybrid_mvtec,pill,dinov2_s,267,167,141,1024,17.555453615999795,2,Tesla T4,hybrid_w75,256,1,8.125,14.989811321000161,2895.37890625,909.8125,0.32475757800011706,2895.37890625,28.5322265625,0.1832133539996903,2895.37890625,192,64,256,0.9353518821603928,"{""color"": 0.9107692307692309, ""combined"": 0.9932126696832579, ""contamination"": 0.9853479853479854, ""crack"": 0.8491124260355029, ""faulty_imprint"": 0.937246963562753, ""pill_type"": 1.0, ""scratch"": 0.9439102564102564}",0.9714675636753146,0.9691458404603439,4.4199748039245605,0.9353518821603928,0.9569012547735952,0.9738134206219312,0.9634478996181124
p0_hybrid_mvtec|pill|dinov2_s|hybrid_w75|256|2,p0_hybrid_mvtec,pill,dinov2_s,267,167,141,1024,17.555453615999795,2,Tesla T4,hybrid_w75,256,2,8.125,16.378833855000266,2895.37890625,909.8125,0.32585898400020596,2895.37890625,28.5322265625,0.18162240299989207,2895.37890625,192,64,256,0.952264048008729,"{""color"": 0.9199999999999999, ""combined"": 0.9909502262443439, ""contamination"": 0.9926739926739927, ""crack"": 0.8994082840236687, ""faulty_imprint"": 0.9595141700404859, ""pill_type"": 1.0, ""scratch"": 0.9567307692307693}",0.9711379754886512,0.9689812377674897,4.43576717376709,0.952264048008729,0.9623567921440264,0.9781778505182761,0.9735406437534098
p0_hybrid_mvtec|pill|dinov2_s|hybrid_w75|1024|0,p0_hybrid_mvtec,pill,dinov2_s,267,167,141,1024,17.555453615999795,2,Tesla T4,hybrid_w75,1024,0,8.125,61.57231891099991,2895.37890625,1680.2333984375,0.9494174400001612,2895.37890625,63.66015625,0.21723904000009497,2895.37890625,768,256,1024,0.9877250409165302,"{""color"": 0.9784615384615385, ""combined"": 1.0, ""contamination"": 1.0, ""crack"": 0.9541420118343195, ""faulty_imprint"": 1.0, ""pill_type"": 1.0, ""scratch"": 1.0}",0.9783623260994578,0.9738546621836673,4.710256576538086,0.9877250409165302,0.9896344789961812,0.9931805782869614,0.991543917075832
p0_hybrid_mvtec|pill|dinov2_s|hybrid_w75|1024|1,p0_hybrid_mvtec,pill,dinov2_s,267,167,141,1024,17.555453615999795,2,Tesla T4,hybrid_w75,1024,1,8.125,64.02175891200022,2895.37890625,1680.2333984375,0.9483519689997593,2895.37890625,63.66015625,0.2590741359999811,2895.37890625,768,256,1024,0.9828150572831423,"{""color"": 0.9800000000000001, ""combined"": 1.0, ""contamination"": 0.9981684981684982, ""crack"": 0.9437869822485208, ""faulty_imprint"": 0.9838056680161943, ""pill_type"": 1.0, ""scratch"": 0.9951923076923077}",0.9782363482005331,0.9734731211757105,4.681244373321533,0.9828150572831423,0.9882705946535734,0.991543917075832,0.9893617021276596
p0_hybrid_mvtec|pill|dinov2_s|hybrid_w75|1024|2,p0_hybrid_mvtec,pill,dinov2_s,267,167,141,1024,17.555453615999795,2,Tesla T4,hybrid_w75,1024,2,8.125,59.27315439699987,2895.37890625,1680.2333984375,0.9369707579999158,2895.37890625,63.66015625,0.22060497899974507,2895.37890625,768,256,1024,0.9931805782869613,"{""color"": 0.9892307692307692, ""combined"": 1.0, ""contamination"": 1.0, ""crack"": 0.9822485207100592, ""faulty_imprint"": 0.9939271255060729, ""pill_type"": 1.0, ""scratch"": 0.9951923076923077}",0.9781095885834535,0.9731512268124617,4.703209400177002,0.9931805782869613,0.994544462629569,0.9931805782869614,0.9879978177850518
p0_hybrid_mvtec|screw|dinov2_s|hybrid_w75|64|0,p0_hybrid_mvtec,screw,dinov2_s,320,160,119,1024,17.0737839049998,2,Tesla T4,hybrid_w75,64,0,8.125,4.8529590230000395,2895.37890625,936.3125,0.20437031699975705,2895.37890625,22.25048828125,0.16870238300043638,2895.37890625,48,16,64,0.725353556056569,"{""manipulated_front"": 0.6808943089430894, ""scratch_head"": 0.7876016260162602, ""scratch_neck"": 0.7804878048780488, ""thread_side"": 0.6638388123011665, ""thread_top"": 0.7083775185577943}",0.9351402312502219,0.7952696720140723,2.7735483646392822,0.725353556056569,0.7767985242877639,0.7649108423857348,0.7277105964336954
p0_hybrid_mvtec|screw|dinov2_s|hybrid_w75|64|1,p0_hybrid_mvtec,screw,dinov2_s,320,160,119,1024,17.0737839049998,2,Tesla T4,hybrid_w75,64,1,8.125,5.3450372219999736,2895.37890625,936.3125,0.2791062679998504,2895.37890625,22.25048828125,0.21597666000025129,2895.37890625,48,16,64,0.7194097151055543,"{""manipulated_front"": 0.6686991869918699, ""scratch_head"": 0.6626016260162603, ""scratch_neck"": 0.8039024390243902, ""thread_side"": 0.7253446447507953, ""thread_top"": 0.733828207847296}",0.9472978876309925,0.8161109739651308,2.8321752548217773,0.7194097151055543,0.7345767575322812,0.7472842795654848,0.699323631891781
p0_hybrid_mvtec|screw|dinov2_s|hybrid_w75|64|2,p0_hybrid_mvtec,screw,dinov2_s,320,160,119,1024,17.0737839049998,2,Tesla T4,hybrid_w75,64,2,8.125,3.9678461809999135,2895.37890625,936.3125,0.20263227799978267,2895.37890625,22.25048828125,0.165548490999754,2895.37890625,48,16,64,0.7362164377946301,"{""manipulated_front"": 0.6890243902439025, ""scratch_head"": 0.7672764227642276, ""scratch_neck"": 0.7648780487804878, ""thread_side"": 0.6839872746553552, ""thread_top"": 0.7741251325556734}",0.9347266163955524,0.7852924108923117,2.70198917388916,0.7362164377946301,0.7657306825169091,0.7452346792375487,0.6901004304160688
p0_hybrid_mvtec|screw|dinov2_s|hybrid_w75|256|0,p0_hybrid_mvtec,screw,dinov2_s,320,160,119,1024,17.0737839049998,2,Tesla T4,hybrid_w75,256,0,8.125,15.448478904999774,2895.37890625,936.3125,0.41629808000016055,2895.37890625,28.5322265625,0.17576529600000868,2895.37890625,192,64,256,0.8561180569788892,"{""manipulated_front"": 0.7723577235772358, ""scratch_head"": 0.9014227642276423, ""scratch_neck"": 0.9151219512195122, ""thread_side"": 0.794273594909862, ""thread_top"": 0.8939554612937433}",0.9549897920917315,0.8491060522668707,3.3789846897125244,0.8561180569788892,0.8772289403566305,0.8454601352736216,0.7618364418938307
p0_hybrid_mvtec|screw|dinov2_s|hybrid_w75|256|1,p0_hybrid_mvtec,screw,dinov2_s,320,160,119,1024,17.0737839049998,2,Tesla T4,hybrid_w75,256,1,8.125,17.656706069999927,2895.37890625,936.3125,0.39732244500009983,2895.37890625,28.5322265625,0.1691945380002835,2895.37890625,192,64,256,0.8497642959622875,"{""manipulated_front"": 0.7113821138211383, ""scratch_head"": 0.8861788617886179, ""scratch_neck"": 0.9453658536585365, ""thread_side"": 0.7741251325556734, ""thread_top"": 0.9278897136797456}",0.9618279158050789,0.859385924256576,3.493894100189209,0.8497642959622875,0.8964951834392293,0.8784587005533921,0.8124615699938512
p0_hybrid_mvtec|screw|dinov2_s|hybrid_w75|256|2,p0_hybrid_mvtec,screw,dinov2_s,320,160,119,1024,17.0737839049998,2,Tesla T4,hybrid_w75,256,2,8.125,15.343853506999949,2895.37890625,936.3125,0.42522720000033587,2895.37890625,28.5322265625,0.2142855059996691,2895.37890625,192,64,256,0.8487394957983193,"{""manipulated_front"": 0.7957317073170731, ""scratch_head"": 0.8831300813008129, ""scratch_neck"": 0.9512195121951219, ""thread_side"": 0.7253446447507954, ""thread_top"": 0.8801696712619299}",0.9566909375962538,0.845174406970403,3.4616329669952393,0.8487394957983193,0.8667759786841566,0.8438204550112728,0.7612215617954499
p0_hybrid_mvtec|screw|dinov2_s|hybrid_w75|1024|0,p0_hybrid_mvtec,screw,dinov2_s,320,160,119,1024,17.0737839049998,2,Tesla T4,hybrid_w75,1024,0,8.125,59.99272047899967,2895.37890625,1706.9404296875,1.0948226149998845,2895.37890625,63.66015625,0.2117583639997065,2895.37890625,768,256,1024,0.9151465464234475,"{""manipulated_front"": 0.8678861788617886, ""scratch_head"": 0.9237804878048781, ""scratch_neck"": 0.9882926829268293, ""thread_side"": 0.8441145281018028, ""thread_top"": 0.9469777306468716}",0.9702171124033819,0.8755058429562187,4.2027082443237305,0.9151465464234475,0.9372822299651568,0.9227300676368108,0.8497642959622873
p0_hybrid_mvtec|screw|dinov2_s|hybrid_w75|1024|1,p0_hybrid_mvtec,screw,dinov2_s,320,160,119,1024,17.0737839049998,2,Tesla T4,hybrid_w75,1024,1,8.125,61.86500934600008,2895.37890625,1706.9404296875,1.1200311769998734,2895.37890625,63.66015625,0.23896090400012326,2895.37890625,768,256,1024,0.926829268292683,"{""manipulated_front"": 0.9227642276422765, ""scratch_head"": 0.9359756097560975, ""scratch_neck"": 0.9736585365853658, ""thread_side"": 0.8472958642629905, ""thread_top"": 0.9501590668080593}",0.9711864829057075,0.8789248943342381,4.249734401702881,0.926829268292683,0.9405615904898545,0.9149415863906538,0.8464849354375896
p0_hybrid_mvtec|screw|dinov2_s|hybrid_w75|1024|2,p0_hybrid_mvtec,screw,dinov2_s,320,160,119,1024,17.0737839049998,2,Tesla T4,hybrid_w75,1024,2,8.125,60.190770476000125,2895.37890625,1706.9404296875,1.0965571130000171,2895.37890625,63.66015625,0.19918701199958377,2895.37890625,768,256,1024,0.9059233449477353,"{""manipulated_front"": 0.8495934959349594, ""scratch_head"": 0.9349593495934959, ""scratch_neck"": 0.9726829268292683, ""thread_side"": 0.8282078472958644, ""thread_top"": 0.9395546129374338}",0.9674300927820613,0.8724201896040675,4.118560314178467,0.9059233449477353,0.9327731092436975,0.898749743799959,0.8206599713055953
p0_hybrid_mvtec|tile|dinov2_s|hybrid_w75|64|0,p0_hybrid_mvtec,tile,dinov2_s,230,117,84,1024,15.497438329000943,2,Tesla T4,hybrid_w75,64,0,8.125,5.973201259999769,2895.37890625,815.3125,0.20165099499990902,2895.37890625,22.25048828125,0.21656336200021542,2895.37890625,48,16,64,0.9981962481962483,"{""crack"": 1.0, ""glue_strip"": 1.0, ""gray_stroke"": 0.9943181818181819, ""oil"": 1.0, ""rough"": 0.995959595959596}",0.9552620236378038,0.8679410792166891,2.7232909202575684,0.9981962481962483,1.0,1.0,1.0
p0_hybrid_mvtec|tile|dinov2_s|hybrid_w75|64|1,p0_hybrid_mvtec,tile,dinov2_s,230,117,84,1024,15.497438329000943,2,Tesla T4,hybrid_w75,64,1,8.125,4.141089500999897,2895.37890625,815.3125,0.14934919100005573,2895.37890625,22.25048828125,0.12678511300009632,2895.37890625,48,16,64,1.0,"{""crack"": 1.0, ""glue_strip"": 1.0, ""gray_stroke"": 1.0, ""oil"": 1.0, ""rough"": 1.0}",0.9537859368454522,0.8653793777932874,2.708997964859009,1.0,1.0,1.0,1.0
p0_hybrid_mvtec|tile|dinov2_s|hybrid_w75|64|2,p0_hybrid_mvtec,tile,dinov2_s,230,117,84,1024,15.497438329000943,2,Tesla T4,hybrid_w75,64,2,8.125,6.8564949189999425,2895.37890625,815.3125,0.15114713699995264,2895.37890625,22.25048828125,0.12513438499991025,2895.37890625,48,16,64,0.9992784992784993,"{""crack"": 1.0, ""glue_strip"": 1.0, ""gray_stroke"": 1.0, ""oil"": 1.0, ""rough"": 0.995959595959596}",0.9535254579550311,0.8678171493658823,2.7102625370025635,0.9992784992784993,1.0,1.0,1.0
p0_hybrid_mvtec|tile|dinov2_s|hybrid_w75|256|0,p0_hybrid_mvtec,tile,dinov2_s,230,117,84,1024,15.497438329000943,2,Tesla T4,hybrid_w75,256,0,8.125,15.704182813999978,2895.37890625,815.3125,0.28088007599990306,2895.37890625,28.5322265625,0.1256023359997016,2895.37890625,192,64,256,1.0,"{""crack"": 1.0, ""glue_strip"": 1.0, ""gray_stroke"": 1.0, ""oil"": 1.0, ""rough"": 1.0}",0.9554987832658705,0.8672977316308647,2.763536214828491,1.0,1.0,1.0,1.0
p0_hybrid_mvtec|tile|dinov2_s|hybrid_w75|256|1,p0_hybrid_mvtec,tile,dinov2_s,230,117,84,1024,15.497438329000943,2,Tesla T4,hybrid_w75,256,1,8.125,16.24172515500004,2895.37890625,815.3125,0.28331587100001343,2895.37890625,28.5322265625,0.19858944999987216,2895.37890625,192,64,256,1.0,"{""crack"": 1.0, ""glue_strip"": 1.0, ""gray_stroke"": 1.0, ""oil"": 1.0, ""rough"": 1.0}",0.9558677420633724,0.8697655760879974,2.7740092277526855,1.0,1.0,1.0,1.0
p0_hybrid_mvtec|tile|dinov2_s|hybrid_w75|256|2,p0_hybrid_mvtec,tile,dinov2_s,230,117,84,1024,15.497438329000943,2,Tesla T4,hybrid_w75,256,2,8.125,15.364997178000067,2895.37890625,815.3125,0.29533798399961597,2895.37890625,28.5322265625,0.12263278499995067,2895.37890625,192,64,256,0.9981962481962482,"{""crack"": 1.0, ""glue_strip"": 1.0, ""gray_stroke"": 1.0, ""oil"": 1.0, ""rough"": 0.98989898989899}",0.9561234042922799,0.870462768848495,2.7693521976470947,0.9981962481962482,0.9996392496392497,1.0,1.0
p0_hybrid_mvtec|tile|dinov2_s|hybrid_w75|1024|0,p0_hybrid_mvtec,tile,dinov2_s,230,117,84,1024,15.497438329000943,2,Tesla T4,hybrid_w75,1024,0,8.125,62.56202164300021,2895.37890625,1505.4873046875,0.8031842640002651,2895.37890625,63.66015625,0.1496568769998703,2895.37890625,768,256,1024,1.0,"{""crack"": 1.0, ""glue_strip"": 1.0, ""gray_stroke"": 1.0, ""oil"": 1.0, ""rough"": 1.0}",0.9543218589724369,0.8648487725847831,2.745589256286621,1.0,1.0,1.0,1.0
p0_hybrid_mvtec|tile|dinov2_s|hybrid_w75|1024|1,p0_hybrid_mvtec,tile,dinov2_s,230,117,84,1024,15.497438329000943,2,Tesla T4,hybrid_w75,1024,1,8.125,60.38965066200035,2895.37890625,1505.4873046875,0.8713830210003835,2895.37890625,63.66015625,0.20158708799999658,2895.37890625,768,256,1024,0.9996392496392497,"{""crack"": 1.0, ""glue_strip"": 1.0, ""gray_stroke"": 1.0, ""oil"": 1.0, ""rough"": 0.997979797979798}",0.9547182525925774,0.8670771030057245,2.759087562561035,0.9996392496392497,1.0,1.0,1.0
p0_hybrid_mvtec|tile|dinov2_s|hybrid_w75|1024|2,p0_hybrid_mvtec,tile,dinov2_s,230,117,84,1024,15.497438329000943,2,Tesla T4,hybrid_w75,1024,2,8.125,61.580309252000006,2895.37890625,1505.4873046875,0.7979357900003379,2895.37890625,63.66015625,0.14798033400029453,2895.37890625,768,256,1024,1.0,"{""crack"": 1.0, ""glue_strip"": 1.0, ""gray_stroke"": 1.0, ""oil"": 1.0, ""rough"": 1.0}",0.9560192042999326,0.8709914918610078,2.7678353786468506,1.0,1.0,1.0,1.0
p0_hybrid_mvtec|toothbrush|dinov2_s|hybrid_w75|64|0,p0_hybrid_mvtec,toothbrush,dinov2_s,60,42,30,1024,6.190173956000763,2,Tesla T4,hybrid_w75,64,0,8.125,2.9175533479997284,2895.37890625,218.3125,0.041433179000250675,2895.37890625,22.25048828125,0.04979976499998884,2895.37890625,48,16,64,0.9555555555555556,"{""defective"": 0.9555555555555556}",0.993711279699655,0.9476176823183746,4.33074951171875,0.9555555555555556,0.9416666666666667,0.9805555555555556,0.9944444444444445
p0_hybrid_mvtec|toothbrush|dinov2_s|hybrid_w75|64|1,p0_hybrid_mvtec,toothbrush,dinov2_s,60,42,30,1024,6.190173956000763,2,Tesla T4,hybrid_w75,64,1,8.125,3.669683466999686,2895.37890625,218.3125,0.082844610000393,2895.37890625,22.25048828125,0.08158057900027416,2895.37890625,48,16,64,0.9638888888888889,"{""defective"": 0.9638888888888889}",0.9939326747941882,0.9450138826347203,4.19480037689209,0.9638888888888889,0.9583333333333334,0.9805555555555556,0.9888888888888889
p0_hybrid_mvtec|toothbrush|dinov2_s|hybrid_w75|64|2,p0_hybrid_mvtec,toothbrush,dinov2_s,60,42,30,1024,6.190173956000763,2,Tesla T4,hybrid_w75,64,2,8.125,4.0359328699996695,2895.37890625,218.3125,0.04059421600004498,2895.37890625,22.25048828125,0.04843653699981587,2895.37890625,48,16,64,0.9472222222222222,"{""defective"": 0.9472222222222222}",0.9938083534632632,0.9467842783330903,4.27178955078125,0.9472222222222222,0.9611111111111111,0.9805555555555556,0.9888888888888889
p0_hybrid_mvtec|toothbrush|dinov2_s|hybrid_w75|256|0,p0_hybrid_mvtec,toothbrush,dinov2_s,60,42,30,1024,6.190173956000763,2,Tesla T4,hybrid_w75,256,0,8.125,14.62900540999999,2895.37890625,218.3125,0.08208073199966748,2895.37890625,28.5322265625,0.054517934000159585,2895.37890625,192,64,256,0.9527777777777777,"{""defective"": 0.9527777777777777}",0.9946200329665718,0.9512029609694256,4.497223854064941,0.9527777777777777,0.9416666666666667,0.9861111111111112,0.9972222222222222
p0_hybrid_mvtec|toothbrush|dinov2_s|hybrid_w75|256|1,p0_hybrid_mvtec,toothbrush,dinov2_s,60,42,30,1024,6.190173956000763,2,Tesla T4,hybrid_w75,256,1,8.125,14.7366383399999,2895.37890625,218.3125,0.09109870200018122,2895.37890625,28.5322265625,0.056154246000005514,2895.37890625,192,64,256,0.925,"{""defective"": 0.925}",0.994489211920747,0.9540406127994308,4.571601867675781,0.925,0.9305555555555556,0.9944444444444445,0.9972222222222222
p0_hybrid_mvtec|toothbrush|dinov2_s|hybrid_w75|256|2,p0_hybrid_mvtec,toothbrush,dinov2_s,60,42,30,1024,6.190173956000763,2,Tesla T4,hybrid_w75,256,2,8.125,15.328723069999796,2895.37890625,218.3125,0.08224386499978209,2895.37890625,28.5322265625,0.05450052199967104,2895.37890625,192,64,256,0.9027777777777778,"{""defective"": 0.9027777777777778}",0.9944097343066282,0.9529464451232952,4.5373077392578125,0.9027777777777778,0.9055555555555556,0.9888888888888888,0.9972222222222222
p0_hybrid_mvtec|toothbrush|dinov2_s|hybrid_w75|1024|0,p0_hybrid_mvtec,toothbrush,dinov2_s,60,42,30,1024,6.190173956000763,2,Tesla T4,hybrid_w75,1024,0,8.125,57.64464997499999,2895.37890625,399.1591796875,0.2440580129996306,2895.37890625,63.66015625,0.05140454799993677,2895.37890625,768,256,1024,0.9111111111111111,"{""defective"": 0.9111111111111111}",0.994426634069522,0.9552056774122952,4.553313732147217,0.9111111111111111,0.9166666666666667,0.9833333333333334,0.9944444444444445
p0_hybrid_mvtec|toothbrush|dinov2_s|hybrid_w75|1024|1,p0_hybrid_mvtec,toothbrush,dinov2_s,60,42,30,1024,6.190173956000763,2,Tesla T4,hybrid_w75,1024,1,8.125,56.788659310000185,2895.37890625,399.1591796875,0.23832025399997292,2895.37890625,63.66015625,0.054321122000146715,2895.37890625,768,256,1024,0.9194444444444445,"{""defective"": 0.9194444444444445}",0.9944552293429898,0.9552365091593403,4.568302154541016,0.9194444444444445,0.925,0.9888888888888889,0.9972222222222222
p0_hybrid_mvtec|toothbrush|dinov2_s|hybrid_w75|1024|2,p0_hybrid_mvtec,toothbrush,dinov2_s,60,42,30,1024,6.190173956000763,2,Tesla T4,hybrid_w75,1024,2,8.125,53.298649657999704,2895.37890625,399.1591796875,0.3092750559999331,2895.37890625,63.66015625,0.06481163100033882,2895.37890625,768,256,1024,0.9138888888888889,"{""defective"": 0.9138888888888889}",0.9947316206843207,0.9566692823134212,4.578688621520996,0.9138888888888889,0.9194444444444445,0.9916666666666667,0.9972222222222222
p0_hybrid_mvtec|transistor|dinov2_s|hybrid_w75|64|0,p0_hybrid_mvtec,transistor,dinov2_s,213,100,40,1024,19.017880432999846,2,Tesla T4,hybrid_w75,64,0,8.125,4.734895076000612,2895.37890625,754.8125,0.1404656109998541,2895.37890625,22.25048828125,0.10796139600006427,2895.37890625,48,16,64,0.9329166666666666,"{""bent_lead"": 0.9250000000000002, ""cut_lead"": 0.815, ""damaged_case"": 0.9983333333333333, ""misplaced"": 0.9933333333333333}",0.9087944727209128,0.6864934326329586,2.722963809967041,0.9329166666666666,0.9520833333333333,0.95625,0.9495833333333333
p0_hybrid_mvtec|transistor|dinov2_s|hybrid_w75|64|1,p0_hybrid_mvtec,transistor,dinov2_s,213,100,40,1024,19.017880432999846,2,Tesla T4,hybrid_w75,64,1,8.125,4.471022264999192,2895.37890625,754.8125,0.2125958400001764,2895.37890625,22.25048828125,0.13373815399972955,2895.37890625,48,16,64,0.9287500000000001,"{""bent_lead"": 0.9249999999999999, ""cut_lead"": 0.8383333333333334, ""damaged_case"": 0.9983333333333333, ""misplaced"": 0.9533333333333334}",0.906381833405702,0.6743507821263863,2.683880090713501,0.9287500000000001,0.9591666666666666,0.9525,0.9512499999999999
p0_hybrid_mvtec|transistor|dinov2_s|hybrid_w75|64|2,p0_hybrid_mvtec,transistor,dinov2_s,213,100,40,1024,19.017880432999846,2,Tesla T4,hybrid_w75,64,2,8.125,3.930549895000695,2895.37890625,754.8125,0.13592644299933454,2895.37890625,22.25048828125,0.1098681060002491,2895.37890625,48,16,64,0.91,"{""bent_lead"": 0.8966666666666667, ""cut_lead"": 0.7766666666666666, ""damaged_case"": 0.9966666666666667, ""misplaced"": 0.97}",0.9059089868776351,0.6797495376301396,2.6453912258148193,0.91,0.9379166666666666,0.9516666666666667,0.94375
p0_hybrid_mvtec|transistor|dinov2_s|hybrid_w75|256|0,p0_hybrid_mvtec,transistor,dinov2_s,213,100,40,1024,19.017880432999846,2,Tesla T4,hybrid_w75,256,0,8.125,16.57409334699969,2895.37890625,754.8125,0.2653565119999257,2895.37890625,28.5322265625,0.10770848799984378,2895.37890625,192,64,256,0.9495833333333332,"{""bent_lead"": 0.9383333333333334, ""cut_lead"": 0.8883333333333333, ""damaged_case"": 0.9983333333333333, ""misplaced"": 0.9733333333333334}",0.9433334313834352,0.741390776633467,3.2638938426971436,0.9495833333333332,0.975,0.9875,0.9816666666666667
p0_hybrid_mvtec|transistor|dinov2_s|hybrid_w75|256|1,p0_hybrid_mvtec,transistor,dinov2_s,213,100,40,1024,19.017880432999846,2,Tesla T4,hybrid_w75,256,1,8.125,16.293439080999633,2895.37890625,754.8125,0.31818794699938735,2895.37890625,28.5322265625,0.16470977799963293,2895.37890625,192,64,256,0.96,"{""bent_lead"": 0.9616666666666667, ""cut_lead"": 0.9233333333333333, ""damaged_case"": 0.9883333333333333, ""misplaced"": 0.9666666666666667}",0.9452764273406048,0.7434095557061434,3.235940456390381,0.96,0.9737499999999999,0.9762500000000001,0.9854166666666666
p0_hybrid_mvtec|transistor|dinov2_s|hybrid_w75|256|2,p0_hybrid_mvtec,transistor,dinov2_s,213,100,40,1024,19.017880432999846,2,Tesla T4,hybrid_w75,256,2,8.125,16.13440071400055,2895.37890625,754.8125,0.26689013599934697,2895.37890625,28.5322265625,0.11704254199958086,2895.37890625,192,64,256,0.95,"{""bent_lead"": 0.9683333333333334, ""cut_lead"": 0.8683333333333333, ""damaged_case"": 0.9916666666666666, ""misplaced"": 0.9716666666666667}",0.9428188121694905,0.7406739158894461,3.2194252014160156,0.95,0.9704166666666667,0.9766666666666666,0.9816666666666667
p0_hybrid_mvtec|transistor|dinov2_s|hybrid_w75|1024|0,p0_hybrid_mvtec,transistor,dinov2_s,213,100,40,1024,19.017880432999846,2,Tesla T4,hybrid_w75,1024,0,8.125,60.84120385999995,2895.37890625,1396.8544921875,0.7368141160004598,2895.37890625,63.66015625,0.12558623400036595,2895.37890625,768,256,1024,0.99125,"{""bent_lead"": 1.0, ""cut_lead"": 0.9716666666666667, ""damaged_case"": 0.9983333333333333, ""misplaced"": 0.995}",0.9579816055349879,0.7761283940902013,3.6155147552490234,0.99125,0.9929166666666667,0.9929166666666667,0.99125
p0_hybrid_mvtec|transistor|dinov2_s|hybrid_w75|1024|1,p0_hybrid_mvtec,transistor,dinov2_s,213,100,40,1024,19.017880432999846,2,Tesla T4,hybrid_w75,1024,1,8.125,60.619443718000184,2895.37890625,1396.8544921875,0.8321645529995294,2895.37890625,63.66015625,0.17951824499959912,2895.37890625,768,256,1024,0.9908333333333332,"{""bent_lead"": 0.9916666666666667, ""cut_lead"": 0.9833333333333333, ""damaged_case"": 1.0, ""misplaced"": 0.9883333333333333}",0.9584543479661851,0.7817566013511041,3.624342441558838,0.9908333333333332,0.99125,0.9916666666666667,0.9875
p0_hybrid_mvtec|transistor|dinov2_s|hybrid_w75|1024|2,p0_hybrid_mvtec,transistor,dinov2_s,213,100,40,1024,19.017880432999846,2,Tesla T4,hybrid_w75,1024,2,8.125,60.09358615200017,2895.37890625,1396.8544921875,0.7488916740003333,2895.37890625,63.66015625,0.1279677559996344,2895.37890625,768,256,1024,0.98625,"{""bent_lead"": 0.995, ""cut_lead"": 0.9566666666666667, ""damaged_case"": 1.0, ""misplaced"": 0.9933333333333334}",0.9588653732551627,0.7782969414035219,3.6116082668304443,0.98625,0.9891666666666666,0.9937499999999999,0.9933333333333334
p0_hybrid_mvtec|wood|dinov2_s|hybrid_w75|64|0,p0_hybrid_mvtec,wood,dinov2_s,247,79,60,1024,19.71069652499955,2,Tesla T4,hybrid_w75,64,0,8.125,4.2046742350003115,2895.37890625,872.8125,0.15880681899943738,2895.37890625,22.25048828125,0.09001005400023132,2895.37890625,48,16,64,0.9956140350877193,"{""color"": 0.993421052631579, ""combined"": 1.0, ""hole"": 0.9947368421052633, ""liquid"": 1.0, ""scratch"": 0.9924812030075187}",0.9425108063922149,0.9398718339362926,3.515666961669922,0.9956140350877193,0.993859649122807,0.9912280701754386,0.9859649122807017
p0_hybrid_mvtec|wood|dinov2_s|hybrid_w75|64|1,p0_hybrid_mvtec,wood,dinov2_s,247,79,60,1024,19.71069652499955,2,Tesla T4,hybrid_w75,64,1,8.125,5.510627005999595,2895.37890625,872.8125,0.1619788250000056,2895.37890625,22.25048828125,0.09139414699984627,2895.37890625,48,16,64,0.9912280701754386,"{""color"": 1.0, ""combined"": 0.9952153110047848, ""hole"": 1.0, ""liquid"": 1.0, ""scratch"": 0.9774436090225563}",0.9413633184892309,0.9377306965252186,3.4652316570281982,0.9912280701754386,0.9929824561403509,0.9921052631578947,0.9859649122807017
p0_hybrid_mvtec|wood|dinov2_s|hybrid_w75|64|2,p0_hybrid_mvtec,wood,dinov2_s,247,79,60,1024,19.71069652499955,2,Tesla T4,hybrid_w75,64,2,8.125,3.674154123000335,2895.37890625,872.8125,0.16142757899979188,2895.37890625,22.25048828125,0.09610091800004739,2895.37890625,48,16,64,0.987719298245614,"{""color"": 1.0, ""combined"": 1.0, ""hole"": 0.9894736842105263, ""liquid"": 1.0, ""scratch"": 0.9699248120300752}",0.9426561322289604,0.9384603947841335,3.480579376220703,0.987719298245614,0.9903508771929824,0.9903508771929824,0.9859649122807017
p0_hybrid_mvtec|wood|dinov2_s|hybrid_w75|256|0,p0_hybrid_mvtec,wood,dinov2_s,247,79,60,1024,19.71069652499955,2,Tesla T4,hybrid_w75,256,0,8.125,16.637246624,2895.37890625,872.8125,0.3946322499996313,2895.37890625,28.5322265625,0.11883850400045048,2895.37890625,192,64,256,0.9982456140350877,"{""color"": 1.0, ""combined"": 1.0, ""hole"": 1.0, ""liquid"": 1.0, ""scratch"": 0.9949874686716792}",0.9476408415912491,0.9418554543901975,3.559966802597046,0.9982456140350877,0.9982456140350877,0.9956140350877193,0.9885964912280701
p0_hybrid_mvtec|wood|dinov2_s|hybrid_w75|256|1,p0_hybrid_mvtec,wood,dinov2_s,247,79,60,1024,19.71069652499955,2,Tesla T4,hybrid_w75,256,1,8.125,16.1348719839998,2895.37890625,872.8125,0.3016068990000349,2895.37890625,28.5322265625,0.0873307140000179,2895.37890625,192,64,256,0.9973684210526315,"{""color"": 1.0, ""combined"": 1.0, ""hole"": 1.0, ""liquid"": 1.0, ""scratch"": 0.9924812030075187}",0.9482454037646337,0.9408533184513517,3.5630645751953125,0.9973684210526315,0.9964912280701754,0.9947368421052631,0.9859649122807017
p0_hybrid_mvtec|wood|dinov2_s|hybrid_w75|256|2,p0_hybrid_mvtec,wood,dinov2_s,247,79,60,1024,19.71069652499955,2,Tesla T4,hybrid_w75,256,2,8.125,16.40014521500052,2895.37890625,872.8125,0.299991859000329,2895.37890625,28.5322265625,0.08746396500009723,2895.37890625,192,64,256,0.9929824561403509,"{""color"": 1.0, ""combined"": 1.0, ""hole"": 0.9789473684210527, ""liquid"": 1.0, ""scratch"": 0.9899749373433584}",0.9481613378089538,0.9363896022951842,3.5578689575195312,0.9929824561403509,0.993859649122807,0.9912280701754386,0.9859649122807017
p0_hybrid_mvtec|wood|dinov2_s|hybrid_w75|1024|0,p0_hybrid_mvtec,wood,dinov2_s,247,79,60,1024,19.71069652499955,2,Tesla T4,hybrid_w75,1024,0,8.125,62.99869175200001,2895.37890625,1618.1201171875,0.9439898880000328,2895.37890625,63.66015625,0.14589454399992974,2895.37890625,768,256,1024,0.9973684210526316,"{""color"": 1.0, ""combined"": 1.0, ""hole"": 0.9947368421052633, ""liquid"": 1.0, ""scratch"": 0.9949874686716792}",0.9487626365822852,0.9393889073138927,3.5877552032470703,0.9973684210526316,0.9973684210526316,0.9921052631578946,0.986842105263158
p0_hybrid_mvtec|wood|dinov2_s|hybrid_w75|1024|1,p0_hybrid_mvtec,wood,dinov2_s,247,79,60,1024,19.71069652499955,2,Tesla T4,hybrid_w75,1024,1,8.125,58.23441411800013,2895.37890625,1618.1201171875,0.9091989110002032,2895.37890625,63.66015625,0.10850243000004411,2895.37890625,768,256,1024,0.9982456140350877,"{""color"": 1.0, ""combined"": 1.0, ""hole"": 1.0, ""liquid"": 1.0, ""scratch"": 0.9949874686716792}",0.9485512019381027,0.9405966592592415,3.5793468952178955,0.9982456140350877,0.9982456140350877,0.9929824561403509,0.9894736842105263
p0_hybrid_mvtec|wood|dinov2_s|hybrid_w75|1024|2,p0_hybrid_mvtec,wood,dinov2_s,247,79,60,1024,19.71069652499955,2,Tesla T4,hybrid_w75,1024,2,8.125,59.65576336699996,2895.37890625,1618.1201171875,0.8608272690007652,2895.37890625,63.66015625,0.10868467199998122,2895.37890625,768,256,1024,0.9964912280701754,"{""color"": 1.0, ""combined"": 1.0, ""hole"": 0.9947368421052633, ""liquid"": 1.0, ""scratch"": 0.9924812030075187}",0.9489658827958847,0.9408153725351515,3.588258743286133,0.9964912280701754,0.9956140350877192,0.9947368421052631,0.9885964912280701
p0_hybrid_mvtec|zipper|dinov2_s|hybrid_w75|64|0,p0_hybrid_mvtec,zipper,dinov2_s,240,151,119,1024,13.428216547000375,2,Tesla T4,hybrid_w75,64,0,8.125,4.583265100000062,2895.37890625,848.3125,0.1609337889995004,2895.37890625,22.25048828125,0.22419501100011985,2895.37890625,48,16,64,0.983718487394958,"{""broken_teeth"": 0.9901315789473684, ""combined"": 1.0, ""fabric_border"": 1.0, ""fabric_interior"": 1.0, ""rough"": 1.0, ""split_teeth"": 0.9826388888888888, ""squeezed_teeth"": 0.91015625}",0.9066821018428639,0.7991692062246831,2.892249822616577,0.983718487394958,0.9884453781512605,0.989233193277311,0.9887079831932774
p0_hybrid_mvtec|zipper|dinov2_s|hybrid_w75|64|1,p0_hybrid_mvtec,zipper,dinov2_s,240,151,119,1024,13.428216547000375,2,Tesla T4,hybrid_w75,64,1,8.125,4.259457723000196,2895.37890625,848.3125,0.1589305659999809,2895.37890625,22.25048828125,0.15900626399979956,2895.37890625,48,16,64,0.9845063025210083,"{""broken_teeth"": 0.9950657894736842, ""combined"": 0.99609375, ""fabric_border"": 1.0, ""fabric_interior"": 1.0, ""rough"": 1.0, ""split_teeth"": 0.9756944444444444, ""squeezed_teeth"": 0.921875}",0.894519359159192,0.782225328340082,2.7731926441192627,0.9845063025210083,0.9871323529411764,0.9868697478991597,0.9873949579831933
p0_hybrid_mvtec|zipper|dinov2_s|hybrid_w75|64|2,p0_hybrid_mvtec,zipper,dinov2_s,240,151,119,1024,13.428216547000375,2,Tesla T4,hybrid_w75,64,2,8.125,5.759067017000234,2895.37890625,848.3125,0.15462282699991192,2895.37890625,22.25048828125,0.16630846699990798,2895.37890625,48,16,64,0.9868697478991597,"{""broken_teeth"": 0.9802631578947368, ""combined"": 0.998046875, ""fabric_border"": 1.0, ""fabric_interior"": 1.0, ""rough"": 0.9981617647058824, ""split_teeth"": 0.9826388888888888, ""squeezed_teeth"": 0.94921875}",0.8892506953669607,0.772439468885071,2.78305983543396,0.9868697478991597,0.989233193277311,0.9858193277310925,0.9831932773109244
p0_hybrid_mvtec|zipper|dinov2_s|hybrid_w75|256|0,p0_hybrid_mvtec,zipper,dinov2_s,240,151,119,1024,13.428216547000375,2,Tesla T4,hybrid_w75,256,0,8.125,16.164595438000106,2895.37890625,848.3125,0.29459627000051114,2895.37890625,28.5322265625,0.15761985200060735,2895.37890625,192,64,256,0.9910714285714286,"{""broken_teeth"": 0.9851973684210527, ""combined"": 1.0, ""fabric_border"": 1.0, ""fabric_interior"": 1.0, ""rough"": 1.0, ""split_teeth"": 0.9965277777777778, ""squeezed_teeth"": 0.955078125}",0.9348737529693207,0.8453044787391211,3.2133374214172363,0.9910714285714286,0.9942226890756303,0.993172268907563,0.9894957983193278
p0_hybrid_mvtec|zipper|dinov2_s|hybrid_w75|256|1,p0_hybrid_mvtec,zipper,dinov2_s,240,151,119,1024,13.428216547000375,2,Tesla T4,hybrid_w75,256,1,8.125,14.12382466300005,2895.37890625,848.3125,0.3722867420001421,2895.37890625,28.5322265625,0.2077927099999215,2895.37890625,192,64,256,0.993172268907563,"{""broken_teeth"": 0.9769736842105263, ""combined"": 1.0, ""fabric_border"": 1.0, ""fabric_interior"": 1.0, ""rough"": 1.0, ""split_teeth"": 0.9965277777777778, ""squeezed_teeth"": 0.98046875}",0.9386337308163275,0.8482474824984458,3.17634654045105,0.993172268907563,0.9923844537815126,0.9913340336134454,0.9879201680672269
p0_hybrid_mvtec|zipper|dinov2_s|hybrid_w75|256|2,p0_hybrid_mvtec,zipper,dinov2_s,240,151,119,1024,13.428216547000375,2,Tesla T4,hybrid_w75,256,2,8.125,16.1661396290001,2895.37890625,848.3125,0.29018008900038694,2895.37890625,28.5322265625,0.16509853599927737,2895.37890625,192,64,256,0.9960609243697479,"{""broken_teeth"": 0.993421052631579, ""combined"": 1.0, ""fabric_border"": 1.0, ""fabric_interior"": 1.0, ""rough"": 1.0, ""split_teeth"": 0.9982638888888888, ""squeezed_teeth"": 0.98046875}",0.9340709206335662,0.8416603884659252,3.1390998363494873,0.9960609243697479,0.9947478991596639,0.991859243697479,0.9902836134453782
p0_hybrid_mvtec|zipper|dinov2_s|hybrid_w75|1024|0,p0_hybrid_mvtec,zipper,dinov2_s,240,151,119,1024,13.428216547000375,2,Tesla T4,hybrid_w75,1024,0,8.125,61.23874698700001,2895.37890625,1570.5654296875,0.8388647089996084,2895.37890625,63.66015625,0.2526122380004381,2895.37890625,768,256,1024,0.9936974789915967,"{""broken_teeth"": 0.9917763157894737, ""combined"": 1.0, ""fabric_border"": 1.0, ""fabric_interior"": 1.0, ""rough"": 1.0, ""split_teeth"": 0.9982638888888888, ""squeezed_teeth"": 0.96484375}",0.9518404266510053,0.874788265888579,3.3379204273223877,0.9936974789915967,0.9939600840336135,0.9934348739495799,0.990546218487395
p0_hybrid_mvtec|zipper|dinov2_s|hybrid_w75|1024|1,p0_hybrid_mvtec,zipper,dinov2_s,240,151,119,1024,13.428216547000375,2,Tesla T4,hybrid_w75,1024,1,8.125,57.766410682999776,2895.37890625,1570.5654296875,0.8332908409993252,2895.37890625,63.66015625,0.184948840999823,2895.37890625,768,256,1024,0.9976365546218487,"{""broken_teeth"": 0.9983552631578947, ""combined"": 1.0, ""fabric_border"": 1.0, ""fabric_interior"": 1.0, ""rough"": 1.0, ""split_teeth"": 0.9965277777777778, ""squeezed_teeth"": 0.98828125}",0.952558065517762,0.8766477727920154,3.319645643234253,0.9976365546218487,0.9973739495798319,0.9934348739495799,0.9908088235294118
p0_hybrid_mvtec|zipper|dinov2_s|hybrid_w75|1024|2,p0_hybrid_mvtec,zipper,dinov2_s,240,151,119,1024,13.428216547000375,2,Tesla T4,hybrid_w75,1024,2,8.125,59.29277695000019,2895.37890625,1570.5654296875,0.8344850579997001,2895.37890625,63.66015625,0.1880922210002609,2895.37890625,768,256,1024,0.9926470588235294,"{""broken_teeth"": 0.9884868421052632, ""combined"": 1.0, ""fabric_border"": 1.0, ""fabric_interior"": 1.0, ""rough"": 1.0, ""split_teeth"": 0.9982638888888888, ""squeezed_teeth"": 0.9609375}",0.9524839240172684,0.8768437566262973,3.32466983795166,0.9926470588235294,0.9942226890756303,0.991859243697479,0.9908088235294118
